path,timestep,present
s3://nasa-surya-bench/2010/05/20100515_0000.nc,2010-05-15 00:00:00,1
s3://nasa-surya-bench/2010/05/20100515_0600.nc,2010-05-15 06:00:00,1
s3://nasa-surya-bench/2010/05/20100515_1200.nc,2010-05-15 12:00:00,1
s3://nasa-surya-bench/2010/05/20100515_1800.nc,2010-05-15 18:00:00,1
s3://nasa-surya-bench/2010/05/20100516_0000.nc,2010-05-16 00:00:00,1
s3://nasa-surya-bench/2010/05/20100516_0600.nc,2010-05-16 06:00:00,1
s3://nasa-surya-bench/2010/05/20100516_1200.nc,2010-05-16 12:00:00,1
s3://nasa-surya-bench/2010/05/20100516_1800.nc,2010-05-16 18:00:00,1
s3://nasa-surya-bench/2010/05/20100517_0000.nc,2010-05-17 00:00:00,1
s3://nasa-surya-bench/2010/05/20100517_0600.nc,2010-05-17 06:00:00,1
s3://nasa-surya-bench/2010/05/20100517_1200.nc,2010-05-17 12:00:00,1
s3://nasa-surya-bench/2010/05/20100517_1800.nc,2010-05-17 18:00:00,1
s3://nasa-surya-bench/2010/05/20100518_0000.nc,2010-05-18 00:00:00,1
s3://nasa-surya-bench/2010/05/20100518_0600.nc,2010-05-18 06:00:00,1
s3://nasa-surya-bench/2010/05/20100518_1200.nc,2010-05-18 12:00:00,1
s3://nasa-surya-bench/2010/05/20100518_1800.nc,2010-05-18 18:00:00,1
s3://nasa-surya-bench/2010/05/20100519_0000.nc,2010-05-19 00:00:00,1
s3://nasa-surya-bench/2010/05/20100519_0600.nc,2010-05-19 06:00:00,1
s3://nasa-surya-bench/2010/05/20100519_1200.nc,2010-05-19 12:00:00,1
s3://nasa-surya-bench/2010/05/20100520_0000.nc,2010-05-20 00:00:00,1
s3://nasa-surya-bench/2010/05/20100521_0000.nc,2010-05-21 00:00:00,1
s3://nasa-surya-bench/2010/05/20100521_1800.nc,2010-05-21 18:00:00,1
s3://nasa-surya-bench/2010/05/20100522_0000.nc,2010-05-22 00:00:00,1
s3://nasa-surya-bench/2010/05/20100522_0600.nc,2010-05-22 06:00:00,1
s3://nasa-surya-bench/2010/05/20100522_1200.nc,2010-05-22 12:00:00,1
s3://nasa-surya-bench/2010/05/20100522_1800.nc,2010-05-22 18:00:00,1
s3://nasa-surya-bench/2010/05/20100523_0000.nc,2010-05-23 00:00:00,1
s3://nasa-surya-bench/2010/05/20100523_0600.nc,2010-05-23 06:00:00,1
s3://nasa-surya-bench/2010/05/20100523_1200.nc,2010-05-23 12:00:00,1
s3://nasa-surya-bench/2010/05/20100523_1800.nc,2010-05-23 18:00:00,1
s3://nasa-surya-bench/2010/05/20100524_0000.nc,2010-05-24 00:00:00,1
s3://nasa-surya-bench/2010/05/20100524_0600.nc,2010-05-24 06:00:00,1
s3://nasa-surya-bench/2010/05/20100524_1200.nc,2010-05-24 12:00:00,1
s3://nasa-surya-bench/2010/05/20100524_1800.nc,2010-05-24 18:00:00,1
s3://nasa-surya-bench/2010/05/20100525_0000.nc,2010-05-25 00:00:00,1
s3://nasa-surya-bench/2010/05/20100525_0600.nc,2010-05-25 06:00:00,1
s3://nasa-surya-bench/2010/05/20100525_1200.nc,2010-05-25 12:00:00,1
s3://nasa-surya-bench/2010/05/20100525_1800.nc,2010-05-25 18:00:00,1
s3://nasa-surya-bench/2010/05/20100526_0000.nc,2010-05-26 00:00:00,1
s3://nasa-surya-bench/2010/05/20100526_0600.nc,2010-05-26 06:00:00,1
s3://nasa-surya-bench/2010/05/20100526_1200.nc,2010-05-26 12:00:00,1
s3://nasa-surya-bench/2010/05/20100526_1800.nc,2010-05-26 18:00:00,1
s3://nasa-surya-bench/2010/05/20100527_0000.nc,2010-05-27 00:00:00,1
s3://nasa-surya-bench/2010/05/20100527_0600.nc,2010-05-27 06:00:00,1
s3://nasa-surya-bench/2010/05/20100527_1200.nc,2010-05-27 12:00:00,1
s3://nasa-surya-bench/2010/05/20100527_1800.nc,2010-05-27 18:00:00,1
s3://nasa-surya-bench/2010/05/20100528_0000.nc,2010-05-28 00:00:00,1
s3://nasa-surya-bench/2010/05/20100528_0600.nc,2010-05-28 06:00:00,1
s3://nasa-surya-bench/2010/05/20100528_1200.nc,2010-05-28 12:00:00,1
s3://nasa-surya-bench/2010/05/20100528_1800.nc,2010-05-28 18:00:00,1
s3://nasa-surya-bench/2010/05/20100529_0000.nc,2010-05-29 00:00:00,1
s3://nasa-surya-bench/2010/05/20100529_0600.nc,2010-05-29 06:00:00,1
s3://nasa-surya-bench/2010/05/20100529_1200.nc,2010-05-29 12:00:00,1
s3://nasa-surya-bench/2010/05/20100529_1800.nc,2010-05-29 18:00:00,1
s3://nasa-surya-bench/2010/05/20100530_0000.nc,2010-05-30 00:00:00,1
s3://nasa-surya-bench/2010/05/20100530_0600.nc,2010-05-30 06:00:00,1
s3://nasa-surya-bench/2010/05/20100530_1200.nc,2010-05-30 12:00:00,1
s3://nasa-surya-bench/2010/05/20100530_1800.nc,2010-05-30 18:00:00,1
s3://nasa-surya-bench/2010/05/20100531_0000.nc,2010-05-31 00:00:00,1
s3://nasa-surya-bench/2010/05/20100531_0600.nc,2010-05-31 06:00:00,1
s3://nasa-surya-bench/2010/05/20100531_1200.nc,2010-05-31 12:00:00,1
s3://nasa-surya-bench/2010/05/20100531_1800.nc,2010-05-31 18:00:00,1
s3://nasa-surya-bench/2010/06/20100601_0000.nc,2010-06-01 00:00:00,1
s3://nasa-surya-bench/2010/06/20100601_0600.nc,2010-06-01 06:00:00,1
s3://nasa-surya-bench/2010/06/20100601_1200.nc,2010-06-01 12:00:00,1
s3://nasa-surya-bench/2010/06/20100601_1800.nc,2010-06-01 18:00:00,1
s3://nasa-surya-bench/2010/06/20100602_0600.nc,2010-06-02 06:00:00,1
s3://nasa-surya-bench/2010/06/20100602_1200.nc,2010-06-02 12:00:00,1
s3://nasa-surya-bench/2010/06/20100602_1800.nc,2010-06-02 18:00:00,1
s3://nasa-surya-bench/2010/06/20100603_0000.nc,2010-06-03 00:00:00,1
s3://nasa-surya-bench/2010/06/20100603_0600.nc,2010-06-03 06:00:00,1
s3://nasa-surya-bench/2010/06/20100603_1200.nc,2010-06-03 12:00:00,1
s3://nasa-surya-bench/2010/06/20100603_1800.nc,2010-06-03 18:00:00,1
s3://nasa-surya-bench/2010/06/20100604_0000.nc,2010-06-04 00:00:00,1
s3://nasa-surya-bench/2010/06/20100604_0600.nc,2010-06-04 06:00:00,1
s3://nasa-surya-bench/2010/06/20100604_1200.nc,2010-06-04 12:00:00,1
s3://nasa-surya-bench/2010/06/20100605_0600.nc,2010-06-05 06:00:00,1
s3://nasa-surya-bench/2010/06/20100605_1200.nc,2010-06-05 12:00:00,1
s3://nasa-surya-bench/2010/06/20100605_1800.nc,2010-06-05 18:00:00,1
s3://nasa-surya-bench/2010/06/20100606_0600.nc,2010-06-06 06:00:00,1
s3://nasa-surya-bench/2010/06/20100606_1200.nc,2010-06-06 12:00:00,1
s3://nasa-surya-bench/2010/06/20100606_1800.nc,2010-06-06 18:00:00,1
s3://nasa-surya-bench/2010/06/20100607_0600.nc,2010-06-07 06:00:00,1
s3://nasa-surya-bench/2010/06/20100607_1200.nc,2010-06-07 12:00:00,1
s3://nasa-surya-bench/2010/06/20100607_1800.nc,2010-06-07 18:00:00,1
s3://nasa-surya-bench/2010/06/20100608_0600.nc,2010-06-08 06:00:00,1
s3://nasa-surya-bench/2010/06/20100608_1800.nc,2010-06-08 18:00:00,1
s3://nasa-surya-bench/2010/06/20100609_0600.nc,2010-06-09 06:00:00,1
s3://nasa-surya-bench/2010/06/20100609_1200.nc,2010-06-09 12:00:00,1
s3://nasa-surya-bench/2010/06/20100611_0000.nc,2010-06-11 00:00:00,1
s3://nasa-surya-bench/2010/06/20100611_0600.nc,2010-06-11 06:00:00,1
s3://nasa-surya-bench/2010/06/20100611_1200.nc,2010-06-11 12:00:00,1
s3://nasa-surya-bench/2010/06/20100611_1800.nc,2010-06-11 18:00:00,1
s3://nasa-surya-bench/2010/06/20100612_0000.nc,2010-06-12 00:00:00,1
s3://nasa-surya-bench/2010/06/20100612_0600.nc,2010-06-12 06:00:00,1
s3://nasa-surya-bench/2010/06/20100612_1200.nc,2010-06-12 12:00:00,1
s3://nasa-surya-bench/2010/06/20100612_1800.nc,2010-06-12 18:00:00,1
s3://nasa-surya-bench/2010/06/20100613_0000.nc,2010-06-13 00:00:00,1
s3://nasa-surya-bench/2010/06/20100613_0600.nc,2010-06-13 06:00:00,1
s3://nasa-surya-bench/2010/06/20100613_1200.nc,2010-06-13 12:00:00,1
s3://nasa-surya-bench/2010/06/20100613_1800.nc,2010-06-13 18:00:00,1
s3://nasa-surya-bench/2010/06/20100614_0000.nc,2010-06-14 00:00:00,1
s3://nasa-surya-bench/2010/06/20100614_0600.nc,2010-06-14 06:00:00,1
s3://nasa-surya-bench/2010/06/20100614_1200.nc,2010-06-14 12:00:00,1
s3://nasa-surya-bench/2010/06/20100614_1800.nc,2010-06-14 18:00:00,1
s3://nasa-surya-bench/2010/06/20100615_0000.nc,2010-06-15 00:00:00,1
s3://nasa-surya-bench/2010/06/20100615_0600.nc,2010-06-15 06:00:00,1
s3://nasa-surya-bench/2010/06/20100615_1200.nc,2010-06-15 12:00:00,1
s3://nasa-surya-bench/2010/06/20100615_1800.nc,2010-06-15 18:00:00,1
s3://nasa-surya-bench/2010/06/20100616_0000.nc,2010-06-16 00:00:00,1
s3://nasa-surya-bench/2010/06/20100616_0600.nc,2010-06-16 06:00:00,1
s3://nasa-surya-bench/2010/06/20100616_1200.nc,2010-06-16 12:00:00,1
s3://nasa-surya-bench/2010/06/20100616_1800.nc,2010-06-16 18:00:00,1
s3://nasa-surya-bench/2010/06/20100617_0000.nc,2010-06-17 00:00:00,1
s3://nasa-surya-bench/2010/06/20100617_0600.nc,2010-06-17 06:00:00,1
s3://nasa-surya-bench/2010/06/20100617_1200.nc,2010-06-17 12:00:00,1
s3://nasa-surya-bench/2010/06/20100617_1800.nc,2010-06-17 18:00:00,1
s3://nasa-surya-bench/2010/06/20100618_0000.nc,2010-06-18 00:00:00,1
s3://nasa-surya-bench/2010/06/20100618_0600.nc,2010-06-18 06:00:00,1
s3://nasa-surya-bench/2010/06/20100618_1200.nc,2010-06-18 12:00:00,1
s3://nasa-surya-bench/2010/06/20100618_1800.nc,2010-06-18 18:00:00,1
s3://nasa-surya-bench/2010/06/20100619_0000.nc,2010-06-19 00:00:00,1
s3://nasa-surya-bench/2010/06/20100619_0600.nc,2010-06-19 06:00:00,1
s3://nasa-surya-bench/2010/06/20100619_1200.nc,2010-06-19 12:00:00,1
s3://nasa-surya-bench/2010/06/20100619_1800.nc,2010-06-19 18:00:00,1
s3://nasa-surya-bench/2010/06/20100620_0000.nc,2010-06-20 00:00:00,1
s3://nasa-surya-bench/2010/06/20100620_0600.nc,2010-06-20 06:00:00,1
s3://nasa-surya-bench/2010/06/20100620_1200.nc,2010-06-20 12:00:00,1
s3://nasa-surya-bench/2010/06/20100620_1800.nc,2010-06-20 18:00:00,1
s3://nasa-surya-bench/2010/06/20100621_0000.nc,2010-06-21 00:00:00,1
s3://nasa-surya-bench/2010/06/20100621_0600.nc,2010-06-21 06:00:00,1
s3://nasa-surya-bench/2010/06/20100621_1200.nc,2010-06-21 12:00:00,1
s3://nasa-surya-bench/2010/06/20100621_1800.nc,2010-06-21 18:00:00,1
s3://nasa-surya-bench/2010/06/20100622_0000.nc,2010-06-22 00:00:00,1
s3://nasa-surya-bench/2010/06/20100622_0600.nc,2010-06-22 06:00:00,1
s3://nasa-surya-bench/2010/06/20100622_1200.nc,2010-06-22 12:00:00,1
s3://nasa-surya-bench/2010/06/20100622_1800.nc,2010-06-22 18:00:00,1
s3://nasa-surya-bench/2010/06/20100623_0000.nc,2010-06-23 00:00:00,1
s3://nasa-surya-bench/2010/06/20100623_0600.nc,2010-06-23 06:00:00,1
s3://nasa-surya-bench/2010/06/20100623_1200.nc,2010-06-23 12:00:00,1
s3://nasa-surya-bench/2010/06/20100623_1800.nc,2010-06-23 18:00:00,1
s3://nasa-surya-bench/2010/06/20100624_0000.nc,2010-06-24 00:00:00,1
s3://nasa-surya-bench/2010/06/20100624_0600.nc,2010-06-24 06:00:00,1
s3://nasa-surya-bench/2010/06/20100624_1200.nc,2010-06-24 12:00:00,1
s3://nasa-surya-bench/2010/06/20100624_1800.nc,2010-06-24 18:00:00,1
s3://nasa-surya-bench/2010/06/20100625_0000.nc,2010-06-25 00:00:00,1
s3://nasa-surya-bench/2010/06/20100625_0600.nc,2010-06-25 06:00:00,1
s3://nasa-surya-bench/2010/06/20100625_1200.nc,2010-06-25 12:00:00,1
s3://nasa-surya-bench/2010/06/20100625_1800.nc,2010-06-25 18:00:00,1
s3://nasa-surya-bench/2010/06/20100626_0000.nc,2010-06-26 00:00:00,1
s3://nasa-surya-bench/2010/06/20100626_0600.nc,2010-06-26 06:00:00,1
s3://nasa-surya-bench/2010/06/20100626_1200.nc,2010-06-26 12:00:00,1
s3://nasa-surya-bench/2010/06/20100626_1800.nc,2010-06-26 18:00:00,1
s3://nasa-surya-bench/2010/06/20100627_0000.nc,2010-06-27 00:00:00,1
s3://nasa-surya-bench/2010/06/20100627_0600.nc,2010-06-27 06:00:00,1
s3://nasa-surya-bench/2010/06/20100627_1200.nc,2010-06-27 12:00:00,1
s3://nasa-surya-bench/2010/06/20100627_1800.nc,2010-06-27 18:00:00,1
s3://nasa-surya-bench/2010/06/20100628_0000.nc,2010-06-28 00:00:00,1
s3://nasa-surya-bench/2010/06/20100628_0600.nc,2010-06-28 06:00:00,1
s3://nasa-surya-bench/2010/06/20100628_1200.nc,2010-06-28 12:00:00,1
s3://nasa-surya-bench/2010/06/20100628_1800.nc,2010-06-28 18:00:00,1
s3://nasa-surya-bench/2010/06/20100629_0000.nc,2010-06-29 00:00:00,1
s3://nasa-surya-bench/2010/06/20100629_0600.nc,2010-06-29 06:00:00,1
s3://nasa-surya-bench/2010/06/20100629_1200.nc,2010-06-29 12:00:00,1
s3://nasa-surya-bench/2010/06/20100629_1800.nc,2010-06-29 18:00:00,1
s3://nasa-surya-bench/2010/06/20100630_0000.nc,2010-06-30 00:00:00,1
s3://nasa-surya-bench/2010/06/20100630_0600.nc,2010-06-30 06:00:00,1
s3://nasa-surya-bench/2010/06/20100630_1200.nc,2010-06-30 12:00:00,1
s3://nasa-surya-bench/2010/06/20100630_1800.nc,2010-06-30 18:00:00,1
s3://nasa-surya-bench/2010/07/20100701_0000.nc,2010-07-01 00:00:00,1
s3://nasa-surya-bench/2010/07/20100701_0600.nc,2010-07-01 06:00:00,1
s3://nasa-surya-bench/2010/07/20100701_1200.nc,2010-07-01 12:00:00,1
s3://nasa-surya-bench/2010/07/20100701_1800.nc,2010-07-01 18:00:00,1
s3://nasa-surya-bench/2010/07/20100702_0000.nc,2010-07-02 00:00:00,1
s3://nasa-surya-bench/2010/07/20100702_0600.nc,2010-07-02 06:00:00,1
s3://nasa-surya-bench/2010/07/20100702_1200.nc,2010-07-02 12:00:00,1
s3://nasa-surya-bench/2010/07/20100702_1800.nc,2010-07-02 18:00:00,1
s3://nasa-surya-bench/2010/07/20100703_0000.nc,2010-07-03 00:00:00,1
s3://nasa-surya-bench/2010/07/20100703_0600.nc,2010-07-03 06:00:00,1
s3://nasa-surya-bench/2010/07/20100703_1200.nc,2010-07-03 12:00:00,1
s3://nasa-surya-bench/2010/07/20100703_1800.nc,2010-07-03 18:00:00,1
s3://nasa-surya-bench/2010/07/20100704_0000.nc,2010-07-04 00:00:00,1
s3://nasa-surya-bench/2010/07/20100704_0600.nc,2010-07-04 06:00:00,1
s3://nasa-surya-bench/2010/07/20100704_1200.nc,2010-07-04 12:00:00,1
s3://nasa-surya-bench/2010/07/20100704_1800.nc,2010-07-04 18:00:00,1
s3://nasa-surya-bench/2010/07/20100705_0000.nc,2010-07-05 00:00:00,1
s3://nasa-surya-bench/2010/07/20100705_0600.nc,2010-07-05 06:00:00,1
s3://nasa-surya-bench/2010/07/20100705_1200.nc,2010-07-05 12:00:00,1
s3://nasa-surya-bench/2010/07/20100705_1800.nc,2010-07-05 18:00:00,1
s3://nasa-surya-bench/2010/07/20100706_0000.nc,2010-07-06 00:00:00,1
s3://nasa-surya-bench/2010/07/20100706_0600.nc,2010-07-06 06:00:00,1
s3://nasa-surya-bench/2010/07/20100706_1200.nc,2010-07-06 12:00:00,1
s3://nasa-surya-bench/2010/07/20100706_1800.nc,2010-07-06 18:00:00,1
s3://nasa-surya-bench/2010/07/20100707_0000.nc,2010-07-07 00:00:00,1
s3://nasa-surya-bench/2010/07/20100707_0600.nc,2010-07-07 06:00:00,1
s3://nasa-surya-bench/2010/07/20100707_1200.nc,2010-07-07 12:00:00,1
s3://nasa-surya-bench/2010/07/20100707_1800.nc,2010-07-07 18:00:00,1
s3://nasa-surya-bench/2010/07/20100708_0000.nc,2010-07-08 00:00:00,1
s3://nasa-surya-bench/2010/07/20100708_0600.nc,2010-07-08 06:00:00,1
s3://nasa-surya-bench/2010/07/20100708_1200.nc,2010-07-08 12:00:00,1
s3://nasa-surya-bench/2010/07/20100708_1800.nc,2010-07-08 18:00:00,1
s3://nasa-surya-bench/2010/07/20100709_0000.nc,2010-07-09 00:00:00,1
s3://nasa-surya-bench/2010/07/20100709_0600.nc,2010-07-09 06:00:00,1
s3://nasa-surya-bench/2010/07/20100709_1200.nc,2010-07-09 12:00:00,1
s3://nasa-surya-bench/2010/07/20100709_1800.nc,2010-07-09 18:00:00,1
s3://nasa-surya-bench/2010/07/20100710_0000.nc,2010-07-10 00:00:00,1
s3://nasa-surya-bench/2010/07/20100710_0600.nc,2010-07-10 06:00:00,1
s3://nasa-surya-bench/2010/07/20100710_1200.nc,2010-07-10 12:00:00,1
s3://nasa-surya-bench/2010/07/20100710_1800.nc,2010-07-10 18:00:00,1
s3://nasa-surya-bench/2010/07/20100711_0000.nc,2010-07-11 00:00:00,1
s3://nasa-surya-bench/2010/07/20100711_0600.nc,2010-07-11 06:00:00,1
s3://nasa-surya-bench/2010/07/20100711_1200.nc,2010-07-11 12:00:00,1
s3://nasa-surya-bench/2010/07/20100712_0000.nc,2010-07-12 00:00:00,1
s3://nasa-surya-bench/2010/07/20100712_0600.nc,2010-07-12 06:00:00,1
s3://nasa-surya-bench/2010/07/20100712_1200.nc,2010-07-12 12:00:00,1
s3://nasa-surya-bench/2010/07/20100712_1800.nc,2010-07-12 18:00:00,1
s3://nasa-surya-bench/2010/07/20100713_0000.nc,2010-07-13 00:00:00,1
s3://nasa-surya-bench/2010/07/20100713_0600.nc,2010-07-13 06:00:00,1
s3://nasa-surya-bench/2010/07/20100713_1200.nc,2010-07-13 12:00:00,1
s3://nasa-surya-bench/2010/07/20100713_1800.nc,2010-07-13 18:00:00,1
s3://nasa-surya-bench/2010/07/20100714_0000.nc,2010-07-14 00:00:00,1
s3://nasa-surya-bench/2010/07/20100714_0600.nc,2010-07-14 06:00:00,1
s3://nasa-surya-bench/2010/07/20100714_1200.nc,2010-07-14 12:00:00,1
s3://nasa-surya-bench/2010/07/20100715_0000.nc,2010-07-15 00:00:00,1
s3://nasa-surya-bench/2010/07/20100715_0600.nc,2010-07-15 06:00:00,1
s3://nasa-surya-bench/2010/07/20100715_1200.nc,2010-07-15 12:00:00,1
s3://nasa-surya-bench/2010/07/20100716_0000.nc,2010-07-16 00:00:00,1
s3://nasa-surya-bench/2010/07/20100716_0600.nc,2010-07-16 06:00:00,1
s3://nasa-surya-bench/2010/07/20100716_1200.nc,2010-07-16 12:00:00,1
s3://nasa-surya-bench/2010/07/20100716_1800.nc,2010-07-16 18:00:00,1
s3://nasa-surya-bench/2010/07/20100717_0000.nc,2010-07-17 00:00:00,1
s3://nasa-surya-bench/2010/07/20100717_0600.nc,2010-07-17 06:00:00,1
s3://nasa-surya-bench/2010/07/20100717_1200.nc,2010-07-17 12:00:00,1
s3://nasa-surya-bench/2010/07/20100717_1800.nc,2010-07-17 18:00:00,1
s3://nasa-surya-bench/2010/07/20100718_0000.nc,2010-07-18 00:00:00,1
s3://nasa-surya-bench/2010/07/20100718_0600.nc,2010-07-18 06:00:00,1
s3://nasa-surya-bench/2010/07/20100718_1200.nc,2010-07-18 12:00:00,1
s3://nasa-surya-bench/2010/07/20100718_1800.nc,2010-07-18 18:00:00,1
s3://nasa-surya-bench/2010/07/20100719_0000.nc,2010-07-19 00:00:00,1
s3://nasa-surya-bench/2010/07/20100719_0600.nc,2010-07-19 06:00:00,1
s3://nasa-surya-bench/2010/07/20100719_1200.nc,2010-07-19 12:00:00,1
s3://nasa-surya-bench/2010/07/20100719_1800.nc,2010-07-19 18:00:00,1
s3://nasa-surya-bench/2010/07/20100720_0000.nc,2010-07-20 00:00:00,1
s3://nasa-surya-bench/2010/07/20100720_0600.nc,2010-07-20 06:00:00,1
s3://nasa-surya-bench/2010/07/20100720_1200.nc,2010-07-20 12:00:00,1
s3://nasa-surya-bench/2010/07/20100720_1800.nc,2010-07-20 18:00:00,1
s3://nasa-surya-bench/2010/07/20100721_0000.nc,2010-07-21 00:00:00,1
s3://nasa-surya-bench/2010/07/20100721_0600.nc,2010-07-21 06:00:00,1
s3://nasa-surya-bench/2010/07/20100721_1200.nc,2010-07-21 12:00:00,1
s3://nasa-surya-bench/2010/07/20100721_1800.nc,2010-07-21 18:00:00,1
s3://nasa-surya-bench/2010/07/20100722_0000.nc,2010-07-22 00:00:00,1
s3://nasa-surya-bench/2010/07/20100722_0600.nc,2010-07-22 06:00:00,1
s3://nasa-surya-bench/2010/07/20100722_1200.nc,2010-07-22 12:00:00,1
s3://nasa-surya-bench/2010/07/20100722_1800.nc,2010-07-22 18:00:00,1
s3://nasa-surya-bench/2010/07/20100723_0000.nc,2010-07-23 00:00:00,1
s3://nasa-surya-bench/2010/07/20100723_0600.nc,2010-07-23 06:00:00,1
s3://nasa-surya-bench/2010/07/20100723_1200.nc,2010-07-23 12:00:00,1
s3://nasa-surya-bench/2010/07/20100723_1800.nc,2010-07-23 18:00:00,1
s3://nasa-surya-bench/2010/07/20100724_0000.nc,2010-07-24 00:00:00,1
s3://nasa-surya-bench/2010/07/20100724_0600.nc,2010-07-24 06:00:00,1
s3://nasa-surya-bench/2010/07/20100724_1200.nc,2010-07-24 12:00:00,1
s3://nasa-surya-bench/2010/07/20100724_1800.nc,2010-07-24 18:00:00,1
s3://nasa-surya-bench/2010/07/20100725_0000.nc,2010-07-25 00:00:00,1
s3://nasa-surya-bench/2010/07/20100725_0600.nc,2010-07-25 06:00:00,1
s3://nasa-surya-bench/2010/07/20100725_1200.nc,2010-07-25 12:00:00,1
s3://nasa-surya-bench/2010/07/20100725_1800.nc,2010-07-25 18:00:00,1
s3://nasa-surya-bench/2010/07/20100726_0000.nc,2010-07-26 00:00:00,1
s3://nasa-surya-bench/2010/07/20100726_0600.nc,2010-07-26 06:00:00,1
s3://nasa-surya-bench/2010/07/20100726_1200.nc,2010-07-26 12:00:00,1
s3://nasa-surya-bench/2010/07/20100726_1800.nc,2010-07-26 18:00:00,1
s3://nasa-surya-bench/2010/07/20100727_0000.nc,2010-07-27 00:00:00,1
s3://nasa-surya-bench/2010/07/20100727_0600.nc,2010-07-27 06:00:00,1
s3://nasa-surya-bench/2010/07/20100727_1200.nc,2010-07-27 12:00:00,1
s3://nasa-surya-bench/2010/07/20100727_1800.nc,2010-07-27 18:00:00,1
s3://nasa-surya-bench/2010/07/20100730_0000.nc,2010-07-30 00:00:00,1
s3://nasa-surya-bench/2010/07/20100730_0600.nc,2010-07-30 06:00:00,1
s3://nasa-surya-bench/2010/07/20100730_1200.nc,2010-07-30 12:00:00,1
s3://nasa-surya-bench/2010/07/20100730_1800.nc,2010-07-30 18:00:00,1
s3://nasa-surya-bench/2010/07/20100731_0000.nc,2010-07-31 00:00:00,1
s3://nasa-surya-bench/2010/07/20100731_0600.nc,2010-07-31 06:00:00,1
s3://nasa-surya-bench/2010/07/20100731_1200.nc,2010-07-31 12:00:00,1
s3://nasa-surya-bench/2010/07/20100731_1800.nc,2010-07-31 18:00:00,1
s3://nasa-surya-bench/2010/08/20100801_0000.nc,2010-08-01 00:00:00,1
s3://nasa-surya-bench/2010/08/20100801_0600.nc,2010-08-01 06:00:00,1
s3://nasa-surya-bench/2010/08/20100801_1200.nc,2010-08-01 12:00:00,1
s3://nasa-surya-bench/2010/08/20100801_1800.nc,2010-08-01 18:00:00,1
s3://nasa-surya-bench/2010/08/20100802_0000.nc,2010-08-02 00:00:00,1
s3://nasa-surya-bench/2010/08/20100802_0600.nc,2010-08-02 06:00:00,1
s3://nasa-surya-bench/2010/08/20100802_1200.nc,2010-08-02 12:00:00,1
s3://nasa-surya-bench/2010/08/20100802_1800.nc,2010-08-02 18:00:00,1
s3://nasa-surya-bench/2010/08/20100803_0000.nc,2010-08-03 00:00:00,1
s3://nasa-surya-bench/2010/08/20100803_0600.nc,2010-08-03 06:00:00,1
s3://nasa-surya-bench/2010/08/20100803_1200.nc,2010-08-03 12:00:00,1
s3://nasa-surya-bench/2010/08/20100803_1800.nc,2010-08-03 18:00:00,1
s3://nasa-surya-bench/2010/08/20100804_0000.nc,2010-08-04 00:00:00,1
s3://nasa-surya-bench/2010/08/20100804_0600.nc,2010-08-04 06:00:00,1
s3://nasa-surya-bench/2010/08/20100804_1200.nc,2010-08-04 12:00:00,1
s3://nasa-surya-bench/2010/08/20100804_1800.nc,2010-08-04 18:00:00,1
s3://nasa-surya-bench/2010/08/20100805_0000.nc,2010-08-05 00:00:00,1
s3://nasa-surya-bench/2010/08/20100805_0600.nc,2010-08-05 06:00:00,1
s3://nasa-surya-bench/2010/08/20100805_1200.nc,2010-08-05 12:00:00,1
s3://nasa-surya-bench/2010/08/20100805_1800.nc,2010-08-05 18:00:00,1
s3://nasa-surya-bench/2010/08/20100806_0000.nc,2010-08-06 00:00:00,1
s3://nasa-surya-bench/2010/08/20100806_0600.nc,2010-08-06 06:00:00,1
s3://nasa-surya-bench/2010/08/20100806_1200.nc,2010-08-06 12:00:00,1
s3://nasa-surya-bench/2010/08/20100806_1800.nc,2010-08-06 18:00:00,1
s3://nasa-surya-bench/2010/08/20100807_0000.nc,2010-08-07 00:00:00,1
s3://nasa-surya-bench/2010/08/20100807_0600.nc,2010-08-07 06:00:00,1
s3://nasa-surya-bench/2010/08/20100807_1200.nc,2010-08-07 12:00:00,1
s3://nasa-surya-bench/2010/08/20100807_1800.nc,2010-08-07 18:00:00,1
s3://nasa-surya-bench/2010/08/20100808_0000.nc,2010-08-08 00:00:00,1
s3://nasa-surya-bench/2010/08/20100808_0600.nc,2010-08-08 06:00:00,1
s3://nasa-surya-bench/2010/08/20100808_1200.nc,2010-08-08 12:00:00,1
s3://nasa-surya-bench/2010/08/20100808_1800.nc,2010-08-08 18:00:00,1
s3://nasa-surya-bench/2010/08/20100809_0000.nc,2010-08-09 00:00:00,1
s3://nasa-surya-bench/2010/08/20100809_0600.nc,2010-08-09 06:00:00,1
s3://nasa-surya-bench/2010/08/20100809_1200.nc,2010-08-09 12:00:00,1
s3://nasa-surya-bench/2010/08/20100809_1800.nc,2010-08-09 18:00:00,1
s3://nasa-surya-bench/2010/08/20100810_0000.nc,2010-08-10 00:00:00,1
s3://nasa-surya-bench/2010/08/20100810_0600.nc,2010-08-10 06:00:00,1
s3://nasa-surya-bench/2010/08/20100810_1200.nc,2010-08-10 12:00:00,1
s3://nasa-surya-bench/2010/08/20100810_1800.nc,2010-08-10 18:00:00,1
s3://nasa-surya-bench/2010/08/20100811_0000.nc,2010-08-11 00:00:00,1
s3://nasa-surya-bench/2010/08/20100811_0600.nc,2010-08-11 06:00:00,1
s3://nasa-surya-bench/2010/08/20100811_1200.nc,2010-08-11 12:00:00,1
s3://nasa-surya-bench/2010/08/20100811_1800.nc,2010-08-11 18:00:00,1
s3://nasa-surya-bench/2010/08/20100812_0000.nc,2010-08-12 00:00:00,1
s3://nasa-surya-bench/2010/08/20100812_0600.nc,2010-08-12 06:00:00,1
s3://nasa-surya-bench/2010/08/20100812_1200.nc,2010-08-12 12:00:00,1
s3://nasa-surya-bench/2010/08/20100812_1800.nc,2010-08-12 18:00:00,1
s3://nasa-surya-bench/2010/08/20100813_0000.nc,2010-08-13 00:00:00,1
s3://nasa-surya-bench/2010/08/20100813_0600.nc,2010-08-13 06:00:00,1
s3://nasa-surya-bench/2010/08/20100813_1200.nc,2010-08-13 12:00:00,1
s3://nasa-surya-bench/2010/08/20100813_1800.nc,2010-08-13 18:00:00,1
s3://nasa-surya-bench/2010/08/20100814_0000.nc,2010-08-14 00:00:00,1
s3://nasa-surya-bench/2010/08/20100814_0600.nc,2010-08-14 06:00:00,1
s3://nasa-surya-bench/2010/08/20100814_1200.nc,2010-08-14 12:00:00,1
s3://nasa-surya-bench/2010/08/20100814_1800.nc,2010-08-14 18:00:00,1
s3://nasa-surya-bench/2010/08/20100815_0000.nc,2010-08-15 00:00:00,1
s3://nasa-surya-bench/2010/08/20100815_0600.nc,2010-08-15 06:00:00,1
s3://nasa-surya-bench/2010/08/20100815_1200.nc,2010-08-15 12:00:00,1
s3://nasa-surya-bench/2010/08/20100815_1800.nc,2010-08-15 18:00:00,1
s3://nasa-surya-bench/2010/08/20100816_0000.nc,2010-08-16 00:00:00,1
s3://nasa-surya-bench/2010/08/20100816_0600.nc,2010-08-16 06:00:00,1
s3://nasa-surya-bench/2010/08/20100816_1200.nc,2010-08-16 12:00:00,1
s3://nasa-surya-bench/2010/08/20100816_1800.nc,2010-08-16 18:00:00,1
s3://nasa-surya-bench/2010/08/20100817_0000.nc,2010-08-17 00:00:00,1
s3://nasa-surya-bench/2010/08/20100817_0600.nc,2010-08-17 06:00:00,1
s3://nasa-surya-bench/2010/08/20100817_1200.nc,2010-08-17 12:00:00,1
s3://nasa-surya-bench/2010/08/20100817_1800.nc,2010-08-17 18:00:00,1
s3://nasa-surya-bench/2010/08/20100818_0000.nc,2010-08-18 00:00:00,1
s3://nasa-surya-bench/2010/08/20100818_0600.nc,2010-08-18 06:00:00,1
s3://nasa-surya-bench/2010/08/20100818_1200.nc,2010-08-18 12:00:00,1
s3://nasa-surya-bench/2010/08/20100818_1800.nc,2010-08-18 18:00:00,1
s3://nasa-surya-bench/2010/08/20100819_0000.nc,2010-08-19 00:00:00,1
s3://nasa-surya-bench/2010/08/20100819_0600.nc,2010-08-19 06:00:00,1
s3://nasa-surya-bench/2010/08/20100819_1200.nc,2010-08-19 12:00:00,1
s3://nasa-surya-bench/2010/08/20100819_1800.nc,2010-08-19 18:00:00,1
s3://nasa-surya-bench/2010/08/20100820_0000.nc,2010-08-20 00:00:00,1
s3://nasa-surya-bench/2010/08/20100820_0600.nc,2010-08-20 06:00:00,1
s3://nasa-surya-bench/2010/08/20100820_1200.nc,2010-08-20 12:00:00,1
s3://nasa-surya-bench/2010/08/20100820_1800.nc,2010-08-20 18:00:00,1
s3://nasa-surya-bench/2010/08/20100821_0000.nc,2010-08-21 00:00:00,1
s3://nasa-surya-bench/2010/08/20100821_0600.nc,2010-08-21 06:00:00,1
s3://nasa-surya-bench/2010/08/20100821_1200.nc,2010-08-21 12:00:00,1
s3://nasa-surya-bench/2010/08/20100821_1800.nc,2010-08-21 18:00:00,1
s3://nasa-surya-bench/2010/08/20100822_0000.nc,2010-08-22 00:00:00,1
s3://nasa-surya-bench/2010/08/20100822_0600.nc,2010-08-22 06:00:00,1
s3://nasa-surya-bench/2010/08/20100822_1200.nc,2010-08-22 12:00:00,1
s3://nasa-surya-bench/2010/08/20100822_1800.nc,2010-08-22 18:00:00,1
s3://nasa-surya-bench/2010/08/20100823_0000.nc,2010-08-23 00:00:00,1
s3://nasa-surya-bench/2010/08/20100823_0600.nc,2010-08-23 06:00:00,1
s3://nasa-surya-bench/2010/08/20100823_1200.nc,2010-08-23 12:00:00,1
s3://nasa-surya-bench/2010/08/20100823_1800.nc,2010-08-23 18:00:00,1
s3://nasa-surya-bench/2010/08/20100824_0000.nc,2010-08-24 00:00:00,1
s3://nasa-surya-bench/2010/08/20100824_0600.nc,2010-08-24 06:00:00,1
s3://nasa-surya-bench/2010/08/20100824_1200.nc,2010-08-24 12:00:00,1
s3://nasa-surya-bench/2010/08/20100824_1800.nc,2010-08-24 18:00:00,1
s3://nasa-surya-bench/2010/08/20100825_0000.nc,2010-08-25 00:00:00,1
s3://nasa-surya-bench/2010/08/20100825_0600.nc,2010-08-25 06:00:00,1
s3://nasa-surya-bench/2010/08/20100825_1200.nc,2010-08-25 12:00:00,1
s3://nasa-surya-bench/2010/08/20100825_1800.nc,2010-08-25 18:00:00,1
s3://nasa-surya-bench/2010/08/20100826_0000.nc,2010-08-26 00:00:00,1
s3://nasa-surya-bench/2010/08/20100826_0600.nc,2010-08-26 06:00:00,1
s3://nasa-surya-bench/2010/08/20100826_1200.nc,2010-08-26 12:00:00,1
s3://nasa-surya-bench/2010/08/20100826_1800.nc,2010-08-26 18:00:00,1
s3://nasa-surya-bench/2010/08/20100827_0000.nc,2010-08-27 00:00:00,1
s3://nasa-surya-bench/2010/08/20100827_0600.nc,2010-08-27 06:00:00,1
s3://nasa-surya-bench/2010/08/20100827_1200.nc,2010-08-27 12:00:00,1
s3://nasa-surya-bench/2010/08/20100827_1800.nc,2010-08-27 18:00:00,1
s3://nasa-surya-bench/2010/08/20100828_0000.nc,2010-08-28 00:00:00,1
s3://nasa-surya-bench/2010/09/20100928_1200.nc,2010-09-28 12:00:00,1
s3://nasa-surya-bench/2010/09/20100928_1800.nc,2010-09-28 18:00:00,1
s3://nasa-surya-bench/2010/09/20100929_0000.nc,2010-09-29 00:00:00,1
s3://nasa-surya-bench/2010/09/20100929_1200.nc,2010-09-29 12:00:00,1
s3://nasa-surya-bench/2010/09/20100929_1800.nc,2010-09-29 18:00:00,1
s3://nasa-surya-bench/2010/09/20100930_0000.nc,2010-09-30 00:00:00,1
s3://nasa-surya-bench/2010/09/20100930_1200.nc,2010-09-30 12:00:00,1
s3://nasa-surya-bench/2010/09/20100930_1800.nc,2010-09-30 18:00:00,1
s3://nasa-surya-bench/2010/10/20101001_0000.nc,2010-10-01 00:00:00,1
s3://nasa-surya-bench/2010/10/20101001_1200.nc,2010-10-01 12:00:00,1
s3://nasa-surya-bench/2010/10/20101001_1800.nc,2010-10-01 18:00:00,1
s3://nasa-surya-bench/2010/10/20101002_0000.nc,2010-10-02 00:00:00,1
s3://nasa-surya-bench/2010/10/20101002_1200.nc,2010-10-02 12:00:00,1
s3://nasa-surya-bench/2010/10/20101002_1800.nc,2010-10-02 18:00:00,1
s3://nasa-surya-bench/2010/10/20101003_0000.nc,2010-10-03 00:00:00,1
s3://nasa-surya-bench/2010/10/20101003_1200.nc,2010-10-03 12:00:00,1
s3://nasa-surya-bench/2010/10/20101003_1800.nc,2010-10-03 18:00:00,1
s3://nasa-surya-bench/2010/10/20101004_0000.nc,2010-10-04 00:00:00,1
s3://nasa-surya-bench/2010/10/20101004_1200.nc,2010-10-04 12:00:00,1
s3://nasa-surya-bench/2010/10/20101004_1800.nc,2010-10-04 18:00:00,1
s3://nasa-surya-bench/2010/10/20101005_0000.nc,2010-10-05 00:00:00,1
s3://nasa-surya-bench/2010/10/20101005_1200.nc,2010-10-05 12:00:00,1
s3://nasa-surya-bench/2010/10/20101005_1800.nc,2010-10-05 18:00:00,1
s3://nasa-surya-bench/2010/10/20101006_1200.nc,2010-10-06 12:00:00,1
s3://nasa-surya-bench/2010/10/20101006_1800.nc,2010-10-06 18:00:00,1
s3://nasa-surya-bench/2010/10/20101007_0000.nc,2010-10-07 00:00:00,1
s3://nasa-surya-bench/2010/10/20101007_0600.nc,2010-10-07 06:00:00,1
s3://nasa-surya-bench/2010/10/20101007_1800.nc,2010-10-07 18:00:00,1
s3://nasa-surya-bench/2010/10/20101008_0000.nc,2010-10-08 00:00:00,1
s3://nasa-surya-bench/2010/10/20101008_0600.nc,2010-10-08 06:00:00,1
s3://nasa-surya-bench/2010/10/20101008_1200.nc,2010-10-08 12:00:00,1
s3://nasa-surya-bench/2010/10/20101008_1800.nc,2010-10-08 18:00:00,1
s3://nasa-surya-bench/2010/10/20101009_0000.nc,2010-10-09 00:00:00,1
s3://nasa-surya-bench/2010/10/20101009_0600.nc,2010-10-09 06:00:00,1
s3://nasa-surya-bench/2010/10/20101009_1200.nc,2010-10-09 12:00:00,1
s3://nasa-surya-bench/2010/10/20101009_1800.nc,2010-10-09 18:00:00,1
s3://nasa-surya-bench/2010/10/20101010_0000.nc,2010-10-10 00:00:00,1
s3://nasa-surya-bench/2010/10/20101010_0600.nc,2010-10-10 06:00:00,1
s3://nasa-surya-bench/2010/10/20101010_1200.nc,2010-10-10 12:00:00,1
s3://nasa-surya-bench/2010/10/20101010_1800.nc,2010-10-10 18:00:00,1
s3://nasa-surya-bench/2010/10/20101011_0000.nc,2010-10-11 00:00:00,1
s3://nasa-surya-bench/2010/10/20101011_0600.nc,2010-10-11 06:00:00,1
s3://nasa-surya-bench/2010/10/20101011_1200.nc,2010-10-11 12:00:00,1
s3://nasa-surya-bench/2010/10/20101011_1800.nc,2010-10-11 18:00:00,1
s3://nasa-surya-bench/2010/10/20101012_0000.nc,2010-10-12 00:00:00,1
s3://nasa-surya-bench/2010/10/20101012_0600.nc,2010-10-12 06:00:00,1
s3://nasa-surya-bench/2010/10/20101012_1200.nc,2010-10-12 12:00:00,1
s3://nasa-surya-bench/2010/10/20101013_0600.nc,2010-10-13 06:00:00,1
s3://nasa-surya-bench/2010/10/20101013_1200.nc,2010-10-13 12:00:00,1
s3://nasa-surya-bench/2010/10/20101013_1800.nc,2010-10-13 18:00:00,1
s3://nasa-surya-bench/2010/10/20101014_0000.nc,2010-10-14 00:00:00,1
s3://nasa-surya-bench/2010/10/20101014_0600.nc,2010-10-14 06:00:00,1
s3://nasa-surya-bench/2010/10/20101014_1200.nc,2010-10-14 12:00:00,1
s3://nasa-surya-bench/2010/10/20101014_1800.nc,2010-10-14 18:00:00,1
s3://nasa-surya-bench/2010/10/20101015_0000.nc,2010-10-15 00:00:00,1
s3://nasa-surya-bench/2010/10/20101015_0600.nc,2010-10-15 06:00:00,1
s3://nasa-surya-bench/2010/10/20101015_1200.nc,2010-10-15 12:00:00,1
s3://nasa-surya-bench/2010/10/20101015_1800.nc,2010-10-15 18:00:00,1
s3://nasa-surya-bench/2010/10/20101016_0000.nc,2010-10-16 00:00:00,1
s3://nasa-surya-bench/2010/10/20101016_0600.nc,2010-10-16 06:00:00,1
s3://nasa-surya-bench/2010/10/20101016_1200.nc,2010-10-16 12:00:00,1
s3://nasa-surya-bench/2010/10/20101016_1800.nc,2010-10-16 18:00:00,1
s3://nasa-surya-bench/2010/10/20101017_0000.nc,2010-10-17 00:00:00,1
s3://nasa-surya-bench/2010/10/20101017_0600.nc,2010-10-17 06:00:00,1
s3://nasa-surya-bench/2010/10/20101017_1200.nc,2010-10-17 12:00:00,1
s3://nasa-surya-bench/2010/10/20101017_1800.nc,2010-10-17 18:00:00,1
s3://nasa-surya-bench/2010/10/20101018_0000.nc,2010-10-18 00:00:00,1
s3://nasa-surya-bench/2010/10/20101018_0600.nc,2010-10-18 06:00:00,1
s3://nasa-surya-bench/2010/10/20101018_1200.nc,2010-10-18 12:00:00,1
s3://nasa-surya-bench/2010/10/20101018_1800.nc,2010-10-18 18:00:00,1
s3://nasa-surya-bench/2010/10/20101019_0000.nc,2010-10-19 00:00:00,1
s3://nasa-surya-bench/2010/10/20101019_0600.nc,2010-10-19 06:00:00,1
s3://nasa-surya-bench/2010/10/20101019_1200.nc,2010-10-19 12:00:00,1
s3://nasa-surya-bench/2010/10/20101019_1800.nc,2010-10-19 18:00:00,1
s3://nasa-surya-bench/2010/10/20101020_0000.nc,2010-10-20 00:00:00,1
s3://nasa-surya-bench/2010/10/20101020_0600.nc,2010-10-20 06:00:00,1
s3://nasa-surya-bench/2010/10/20101020_1200.nc,2010-10-20 12:00:00,1
s3://nasa-surya-bench/2010/10/20101020_1800.nc,2010-10-20 18:00:00,1
s3://nasa-surya-bench/2010/10/20101021_0000.nc,2010-10-21 00:00:00,1
s3://nasa-surya-bench/2010/10/20101021_0600.nc,2010-10-21 06:00:00,1
s3://nasa-surya-bench/2010/10/20101021_1200.nc,2010-10-21 12:00:00,1
s3://nasa-surya-bench/2010/10/20101021_1800.nc,2010-10-21 18:00:00,1
s3://nasa-surya-bench/2010/10/20101022_0000.nc,2010-10-22 00:00:00,1
s3://nasa-surya-bench/2010/10/20101022_0600.nc,2010-10-22 06:00:00,1
s3://nasa-surya-bench/2010/10/20101022_1200.nc,2010-10-22 12:00:00,1
s3://nasa-surya-bench/2010/10/20101022_1800.nc,2010-10-22 18:00:00,1
s3://nasa-surya-bench/2010/10/20101023_0000.nc,2010-10-23 00:00:00,1
s3://nasa-surya-bench/2010/10/20101023_0600.nc,2010-10-23 06:00:00,1
s3://nasa-surya-bench/2010/10/20101023_1200.nc,2010-10-23 12:00:00,1
s3://nasa-surya-bench/2010/10/20101023_1800.nc,2010-10-23 18:00:00,1
s3://nasa-surya-bench/2010/10/20101024_0000.nc,2010-10-24 00:00:00,1
s3://nasa-surya-bench/2010/10/20101024_0600.nc,2010-10-24 06:00:00,1
s3://nasa-surya-bench/2010/10/20101024_1200.nc,2010-10-24 12:00:00,1
s3://nasa-surya-bench/2010/10/20101024_1800.nc,2010-10-24 18:00:00,1
s3://nasa-surya-bench/2010/10/20101025_0000.nc,2010-10-25 00:00:00,1
s3://nasa-surya-bench/2010/10/20101025_0600.nc,2010-10-25 06:00:00,1
s3://nasa-surya-bench/2010/10/20101025_1200.nc,2010-10-25 12:00:00,1
s3://nasa-surya-bench/2010/10/20101025_1800.nc,2010-10-25 18:00:00,1
s3://nasa-surya-bench/2010/10/20101026_0000.nc,2010-10-26 00:00:00,1
s3://nasa-surya-bench/2010/10/20101026_0600.nc,2010-10-26 06:00:00,1
s3://nasa-surya-bench/2010/10/20101026_1200.nc,2010-10-26 12:00:00,1
s3://nasa-surya-bench/2010/10/20101027_0000.nc,2010-10-27 00:00:00,1
s3://nasa-surya-bench/2010/10/20101027_0600.nc,2010-10-27 06:00:00,1
s3://nasa-surya-bench/2010/10/20101027_1200.nc,2010-10-27 12:00:00,1
s3://nasa-surya-bench/2010/10/20101027_1800.nc,2010-10-27 18:00:00,1
s3://nasa-surya-bench/2010/10/20101028_0000.nc,2010-10-28 00:00:00,1
s3://nasa-surya-bench/2010/10/20101028_0600.nc,2010-10-28 06:00:00,1
s3://nasa-surya-bench/2010/10/20101028_1200.nc,2010-10-28 12:00:00,1
s3://nasa-surya-bench/2010/10/20101028_1800.nc,2010-10-28 18:00:00,1
s3://nasa-surya-bench/2010/10/20101029_0000.nc,2010-10-29 00:00:00,1
s3://nasa-surya-bench/2010/10/20101029_0600.nc,2010-10-29 06:00:00,1
s3://nasa-surya-bench/2010/10/20101029_1200.nc,2010-10-29 12:00:00,1
s3://nasa-surya-bench/2010/10/20101029_1800.nc,2010-10-29 18:00:00,1
s3://nasa-surya-bench/2010/10/20101030_0000.nc,2010-10-30 00:00:00,1
s3://nasa-surya-bench/2010/10/20101030_0600.nc,2010-10-30 06:00:00,1
s3://nasa-surya-bench/2010/10/20101030_1200.nc,2010-10-30 12:00:00,1
s3://nasa-surya-bench/2010/10/20101030_1800.nc,2010-10-30 18:00:00,1
s3://nasa-surya-bench/2010/10/20101031_0000.nc,2010-10-31 00:00:00,1
s3://nasa-surya-bench/2010/10/20101031_0600.nc,2010-10-31 06:00:00,1
s3://nasa-surya-bench/2010/10/20101031_1200.nc,2010-10-31 12:00:00,1
s3://nasa-surya-bench/2010/10/20101031_1800.nc,2010-10-31 18:00:00,1
s3://nasa-surya-bench/2010/11/20101101_0000.nc,2010-11-01 00:00:00,1
s3://nasa-surya-bench/2010/11/20101101_0600.nc,2010-11-01 06:00:00,1
s3://nasa-surya-bench/2010/11/20101101_1200.nc,2010-11-01 12:00:00,1
s3://nasa-surya-bench/2010/11/20101101_1800.nc,2010-11-01 18:00:00,1
s3://nasa-surya-bench/2010/11/20101102_0000.nc,2010-11-02 00:00:00,1
s3://nasa-surya-bench/2010/11/20101102_0600.nc,2010-11-02 06:00:00,1
s3://nasa-surya-bench/2010/11/20101102_1200.nc,2010-11-02 12:00:00,1
s3://nasa-surya-bench/2010/11/20101102_1800.nc,2010-11-02 18:00:00,1
s3://nasa-surya-bench/2010/11/20101103_0000.nc,2010-11-03 00:00:00,1
s3://nasa-surya-bench/2010/11/20101103_0600.nc,2010-11-03 06:00:00,1
s3://nasa-surya-bench/2010/11/20101103_1200.nc,2010-11-03 12:00:00,1
s3://nasa-surya-bench/2010/11/20101103_1800.nc,2010-11-03 18:00:00,1
s3://nasa-surya-bench/2010/11/20101104_0000.nc,2010-11-04 00:00:00,1
s3://nasa-surya-bench/2010/11/20101104_0600.nc,2010-11-04 06:00:00,1
s3://nasa-surya-bench/2010/11/20101104_1200.nc,2010-11-04 12:00:00,1
s3://nasa-surya-bench/2010/11/20101105_0000.nc,2010-11-05 00:00:00,1
s3://nasa-surya-bench/2010/11/20101105_0600.nc,2010-11-05 06:00:00,1
s3://nasa-surya-bench/2010/11/20101105_1200.nc,2010-11-05 12:00:00,1
s3://nasa-surya-bench/2010/11/20101105_1800.nc,2010-11-05 18:00:00,1
s3://nasa-surya-bench/2010/11/20101106_0000.nc,2010-11-06 00:00:00,1
s3://nasa-surya-bench/2010/11/20101106_0600.nc,2010-11-06 06:00:00,1
s3://nasa-surya-bench/2010/11/20101106_1200.nc,2010-11-06 12:00:00,1
s3://nasa-surya-bench/2010/11/20101106_1800.nc,2010-11-06 18:00:00,1
s3://nasa-surya-bench/2010/11/20101107_0000.nc,2010-11-07 00:00:00,1
s3://nasa-surya-bench/2010/11/20101107_0600.nc,2010-11-07 06:00:00,1
s3://nasa-surya-bench/2010/11/20101107_1200.nc,2010-11-07 12:00:00,1
s3://nasa-surya-bench/2010/11/20101107_1800.nc,2010-11-07 18:00:00,1
s3://nasa-surya-bench/2010/11/20101108_0000.nc,2010-11-08 00:00:00,1
s3://nasa-surya-bench/2010/11/20101108_0600.nc,2010-11-08 06:00:00,1
s3://nasa-surya-bench/2010/11/20101108_1200.nc,2010-11-08 12:00:00,1
s3://nasa-surya-bench/2010/11/20101108_1800.nc,2010-11-08 18:00:00,1
s3://nasa-surya-bench/2010/11/20101109_0000.nc,2010-11-09 00:00:00,1
s3://nasa-surya-bench/2010/11/20101109_0600.nc,2010-11-09 06:00:00,1
s3://nasa-surya-bench/2010/11/20101109_1200.nc,2010-11-09 12:00:00,1
s3://nasa-surya-bench/2010/11/20101109_1800.nc,2010-11-09 18:00:00,1
s3://nasa-surya-bench/2010/11/20101110_0000.nc,2010-11-10 00:00:00,1
s3://nasa-surya-bench/2010/11/20101110_0600.nc,2010-11-10 06:00:00,1
s3://nasa-surya-bench/2010/11/20101110_1200.nc,2010-11-10 12:00:00,1
s3://nasa-surya-bench/2010/11/20101111_0000.nc,2010-11-11 00:00:00,1
s3://nasa-surya-bench/2010/11/20101111_0600.nc,2010-11-11 06:00:00,1
s3://nasa-surya-bench/2010/11/20101111_1200.nc,2010-11-11 12:00:00,1
s3://nasa-surya-bench/2010/11/20101111_1800.nc,2010-11-11 18:00:00,1
s3://nasa-surya-bench/2010/11/20101112_0000.nc,2010-11-12 00:00:00,1
s3://nasa-surya-bench/2010/11/20101112_0600.nc,2010-11-12 06:00:00,1
s3://nasa-surya-bench/2010/11/20101112_1200.nc,2010-11-12 12:00:00,1
s3://nasa-surya-bench/2010/11/20101112_1800.nc,2010-11-12 18:00:00,1
s3://nasa-surya-bench/2010/11/20101113_0000.nc,2010-11-13 00:00:00,1
s3://nasa-surya-bench/2010/11/20101113_0600.nc,2010-11-13 06:00:00,1
s3://nasa-surya-bench/2010/11/20101113_1200.nc,2010-11-13 12:00:00,1
s3://nasa-surya-bench/2010/11/20101113_1800.nc,2010-11-13 18:00:00,1
s3://nasa-surya-bench/2010/11/20101114_0000.nc,2010-11-14 00:00:00,1
s3://nasa-surya-bench/2010/11/20101114_0600.nc,2010-11-14 06:00:00,1
s3://nasa-surya-bench/2010/11/20101114_1200.nc,2010-11-14 12:00:00,1
s3://nasa-surya-bench/2010/11/20101114_1800.nc,2010-11-14 18:00:00,1
s3://nasa-surya-bench/2010/11/20101115_0000.nc,2010-11-15 00:00:00,1
s3://nasa-surya-bench/2010/11/20101115_0600.nc,2010-11-15 06:00:00,1
s3://nasa-surya-bench/2010/11/20101115_1200.nc,2010-11-15 12:00:00,1
s3://nasa-surya-bench/2010/11/20101115_1800.nc,2010-11-15 18:00:00,1
s3://nasa-surya-bench/2010/11/20101116_0000.nc,2010-11-16 00:00:00,1
s3://nasa-surya-bench/2010/11/20101116_0600.nc,2010-11-16 06:00:00,1
s3://nasa-surya-bench/2010/11/20101116_1200.nc,2010-11-16 12:00:00,1
s3://nasa-surya-bench/2010/11/20101116_1800.nc,2010-11-16 18:00:00,1
s3://nasa-surya-bench/2010/11/20101117_0000.nc,2010-11-17 00:00:00,1
s3://nasa-surya-bench/2010/11/20101117_0600.nc,2010-11-17 06:00:00,1
s3://nasa-surya-bench/2010/11/20101117_1200.nc,2010-11-17 12:00:00,1
s3://nasa-surya-bench/2010/11/20101117_1800.nc,2010-11-17 18:00:00,1
s3://nasa-surya-bench/2010/11/20101118_0000.nc,2010-11-18 00:00:00,1
s3://nasa-surya-bench/2010/11/20101118_0600.nc,2010-11-18 06:00:00,1
s3://nasa-surya-bench/2010/11/20101118_1200.nc,2010-11-18 12:00:00,1
s3://nasa-surya-bench/2010/11/20101118_1800.nc,2010-11-18 18:00:00,1
s3://nasa-surya-bench/2010/11/20101119_0000.nc,2010-11-19 00:00:00,1
s3://nasa-surya-bench/2010/11/20101119_0600.nc,2010-11-19 06:00:00,1
s3://nasa-surya-bench/2010/11/20101119_1200.nc,2010-11-19 12:00:00,1
s3://nasa-surya-bench/2010/11/20101119_1800.nc,2010-11-19 18:00:00,1
s3://nasa-surya-bench/2010/11/20101120_0000.nc,2010-11-20 00:00:00,1
s3://nasa-surya-bench/2010/11/20101120_0600.nc,2010-11-20 06:00:00,1
s3://nasa-surya-bench/2010/11/20101120_1200.nc,2010-11-20 12:00:00,1
s3://nasa-surya-bench/2010/11/20101120_1800.nc,2010-11-20 18:00:00,1
s3://nasa-surya-bench/2010/11/20101121_0000.nc,2010-11-21 00:00:00,1
s3://nasa-surya-bench/2010/11/20101121_0600.nc,2010-11-21 06:00:00,1
s3://nasa-surya-bench/2010/11/20101121_1200.nc,2010-11-21 12:00:00,1
s3://nasa-surya-bench/2010/11/20101121_1800.nc,2010-11-21 18:00:00,1
s3://nasa-surya-bench/2010/11/20101122_0000.nc,2010-11-22 00:00:00,1
s3://nasa-surya-bench/2010/11/20101122_0600.nc,2010-11-22 06:00:00,1
s3://nasa-surya-bench/2010/11/20101122_1200.nc,2010-11-22 12:00:00,1
s3://nasa-surya-bench/2010/11/20101122_1800.nc,2010-11-22 18:00:00,1
s3://nasa-surya-bench/2010/11/20101123_0000.nc,2010-11-23 00:00:00,1
s3://nasa-surya-bench/2010/11/20101123_0600.nc,2010-11-23 06:00:00,1
s3://nasa-surya-bench/2010/11/20101123_1200.nc,2010-11-23 12:00:00,1
s3://nasa-surya-bench/2010/11/20101123_1800.nc,2010-11-23 18:00:00,1
s3://nasa-surya-bench/2010/11/20101124_0000.nc,2010-11-24 00:00:00,1
s3://nasa-surya-bench/2010/11/20101124_0600.nc,2010-11-24 06:00:00,1
s3://nasa-surya-bench/2010/11/20101124_1200.nc,2010-11-24 12:00:00,1
s3://nasa-surya-bench/2010/11/20101124_1800.nc,2010-11-24 18:00:00,1
s3://nasa-surya-bench/2010/11/20101125_0000.nc,2010-11-25 00:00:00,1
s3://nasa-surya-bench/2010/11/20101125_0600.nc,2010-11-25 06:00:00,1
s3://nasa-surya-bench/2010/11/20101125_1200.nc,2010-11-25 12:00:00,1
s3://nasa-surya-bench/2010/11/20101125_1800.nc,2010-11-25 18:00:00,1
s3://nasa-surya-bench/2010/11/20101126_0000.nc,2010-11-26 00:00:00,1
s3://nasa-surya-bench/2010/11/20101126_0600.nc,2010-11-26 06:00:00,1
s3://nasa-surya-bench/2010/11/20101126_1200.nc,2010-11-26 12:00:00,1
s3://nasa-surya-bench/2010/11/20101126_1800.nc,2010-11-26 18:00:00,1
s3://nasa-surya-bench/2010/11/20101127_0000.nc,2010-11-27 00:00:00,1
s3://nasa-surya-bench/2010/11/20101127_0600.nc,2010-11-27 06:00:00,1
s3://nasa-surya-bench/2010/11/20101127_1200.nc,2010-11-27 12:00:00,1
s3://nasa-surya-bench/2010/11/20101127_1800.nc,2010-11-27 18:00:00,1
s3://nasa-surya-bench/2010/11/20101128_0000.nc,2010-11-28 00:00:00,1
s3://nasa-surya-bench/2010/11/20101128_0600.nc,2010-11-28 06:00:00,1
s3://nasa-surya-bench/2010/11/20101128_1200.nc,2010-11-28 12:00:00,1
s3://nasa-surya-bench/2010/11/20101128_1800.nc,2010-11-28 18:00:00,1
s3://nasa-surya-bench/2010/11/20101129_0000.nc,2010-11-29 00:00:00,1
s3://nasa-surya-bench/2010/11/20101129_0600.nc,2010-11-29 06:00:00,1
s3://nasa-surya-bench/2010/11/20101129_1200.nc,2010-11-29 12:00:00,1
s3://nasa-surya-bench/2010/11/20101129_1800.nc,2010-11-29 18:00:00,1
s3://nasa-surya-bench/2010/11/20101130_0000.nc,2010-11-30 00:00:00,1
s3://nasa-surya-bench/2010/11/20101130_0600.nc,2010-11-30 06:00:00,1
s3://nasa-surya-bench/2010/11/20101130_1200.nc,2010-11-30 12:00:00,1
s3://nasa-surya-bench/2010/11/20101130_1800.nc,2010-11-30 18:00:00,1
s3://nasa-surya-bench/2010/12/20101201_0000.nc,2010-12-01 00:00:00,1
s3://nasa-surya-bench/2010/12/20101201_0600.nc,2010-12-01 06:00:00,1
s3://nasa-surya-bench/2010/12/20101201_1200.nc,2010-12-01 12:00:00,1
s3://nasa-surya-bench/2010/12/20101201_1800.nc,2010-12-01 18:00:00,1
s3://nasa-surya-bench/2010/12/20101202_0000.nc,2010-12-02 00:00:00,1
s3://nasa-surya-bench/2010/12/20101202_0600.nc,2010-12-02 06:00:00,1
s3://nasa-surya-bench/2010/12/20101202_1200.nc,2010-12-02 12:00:00,1
s3://nasa-surya-bench/2010/12/20101202_1800.nc,2010-12-02 18:00:00,1
s3://nasa-surya-bench/2010/12/20101203_0000.nc,2010-12-03 00:00:00,1
s3://nasa-surya-bench/2010/12/20101203_0600.nc,2010-12-03 06:00:00,1
s3://nasa-surya-bench/2010/12/20101203_1200.nc,2010-12-03 12:00:00,1
s3://nasa-surya-bench/2010/12/20101203_1800.nc,2010-12-03 18:00:00,1
s3://nasa-surya-bench/2010/12/20101204_0600.nc,2010-12-04 06:00:00,1
s3://nasa-surya-bench/2010/12/20101204_1200.nc,2010-12-04 12:00:00,1
s3://nasa-surya-bench/2010/12/20101204_1800.nc,2010-12-04 18:00:00,1
s3://nasa-surya-bench/2010/12/20101205_0000.nc,2010-12-05 00:00:00,1
s3://nasa-surya-bench/2010/12/20101205_0600.nc,2010-12-05 06:00:00,1
s3://nasa-surya-bench/2010/12/20101205_1200.nc,2010-12-05 12:00:00,1
s3://nasa-surya-bench/2010/12/20101205_1800.nc,2010-12-05 18:00:00,1
s3://nasa-surya-bench/2010/12/20101206_0000.nc,2010-12-06 00:00:00,1
s3://nasa-surya-bench/2010/12/20101206_0600.nc,2010-12-06 06:00:00,1
s3://nasa-surya-bench/2010/12/20101206_1200.nc,2010-12-06 12:00:00,1
s3://nasa-surya-bench/2010/12/20101206_1800.nc,2010-12-06 18:00:00,1
s3://nasa-surya-bench/2010/12/20101207_0000.nc,2010-12-07 00:00:00,1
s3://nasa-surya-bench/2010/12/20101207_0600.nc,2010-12-07 06:00:00,1
s3://nasa-surya-bench/2010/12/20101207_1200.nc,2010-12-07 12:00:00,1
s3://nasa-surya-bench/2010/12/20101207_1800.nc,2010-12-07 18:00:00,1
s3://nasa-surya-bench/2010/12/20101208_0000.nc,2010-12-08 00:00:00,1
s3://nasa-surya-bench/2010/12/20101208_0600.nc,2010-12-08 06:00:00,1
s3://nasa-surya-bench/2010/12/20101208_1200.nc,2010-12-08 12:00:00,1
s3://nasa-surya-bench/2010/12/20101208_1800.nc,2010-12-08 18:00:00,1
s3://nasa-surya-bench/2010/12/20101209_0000.nc,2010-12-09 00:00:00,1
s3://nasa-surya-bench/2010/12/20101209_0600.nc,2010-12-09 06:00:00,1
s3://nasa-surya-bench/2010/12/20101209_1200.nc,2010-12-09 12:00:00,1
s3://nasa-surya-bench/2010/12/20101209_1800.nc,2010-12-09 18:00:00,1
s3://nasa-surya-bench/2010/12/20101210_0000.nc,2010-12-10 00:00:00,1
s3://nasa-surya-bench/2010/12/20101210_0600.nc,2010-12-10 06:00:00,1
s3://nasa-surya-bench/2010/12/20101210_1200.nc,2010-12-10 12:00:00,1
s3://nasa-surya-bench/2010/12/20101210_1800.nc,2010-12-10 18:00:00,1
s3://nasa-surya-bench/2010/12/20101211_0000.nc,2010-12-11 00:00:00,1
s3://nasa-surya-bench/2010/12/20101211_0600.nc,2010-12-11 06:00:00,1
s3://nasa-surya-bench/2010/12/20101211_1200.nc,2010-12-11 12:00:00,1
s3://nasa-surya-bench/2010/12/20101211_1800.nc,2010-12-11 18:00:00,1
s3://nasa-surya-bench/2010/12/20101212_0000.nc,2010-12-12 00:00:00,1
s3://nasa-surya-bench/2010/12/20101212_0600.nc,2010-12-12 06:00:00,1
s3://nasa-surya-bench/2010/12/20101212_1200.nc,2010-12-12 12:00:00,1
s3://nasa-surya-bench/2010/12/20101212_1800.nc,2010-12-12 18:00:00,1
s3://nasa-surya-bench/2010/12/20101213_0000.nc,2010-12-13 00:00:00,1
s3://nasa-surya-bench/2010/12/20101213_0600.nc,2010-12-13 06:00:00,1
s3://nasa-surya-bench/2010/12/20101213_1200.nc,2010-12-13 12:00:00,1
s3://nasa-surya-bench/2010/12/20101213_1800.nc,2010-12-13 18:00:00,1
s3://nasa-surya-bench/2010/12/20101214_0000.nc,2010-12-14 00:00:00,1
s3://nasa-surya-bench/2010/12/20101214_0600.nc,2010-12-14 06:00:00,1
s3://nasa-surya-bench/2010/12/20101214_1200.nc,2010-12-14 12:00:00,1
s3://nasa-surya-bench/2010/12/20101214_1800.nc,2010-12-14 18:00:00,1
s3://nasa-surya-bench/2010/12/20101215_0000.nc,2010-12-15 00:00:00,1
s3://nasa-surya-bench/2010/12/20101215_0600.nc,2010-12-15 06:00:00,1
s3://nasa-surya-bench/2010/12/20101215_1200.nc,2010-12-15 12:00:00,1
s3://nasa-surya-bench/2010/12/20101215_1800.nc,2010-12-15 18:00:00,1
s3://nasa-surya-bench/2010/12/20101216_0000.nc,2010-12-16 00:00:00,1
s3://nasa-surya-bench/2010/12/20101216_0600.nc,2010-12-16 06:00:00,1
s3://nasa-surya-bench/2010/12/20101216_1200.nc,2010-12-16 12:00:00,1
s3://nasa-surya-bench/2010/12/20101216_1800.nc,2010-12-16 18:00:00,1
s3://nasa-surya-bench/2010/12/20101217_0000.nc,2010-12-17 00:00:00,1
s3://nasa-surya-bench/2010/12/20101217_0600.nc,2010-12-17 06:00:00,1
s3://nasa-surya-bench/2010/12/20101217_1200.nc,2010-12-17 12:00:00,1
s3://nasa-surya-bench/2010/12/20101217_1800.nc,2010-12-17 18:00:00,1
s3://nasa-surya-bench/2010/12/20101218_0000.nc,2010-12-18 00:00:00,1
s3://nasa-surya-bench/2010/12/20101218_0600.nc,2010-12-18 06:00:00,1
s3://nasa-surya-bench/2010/12/20101218_1200.nc,2010-12-18 12:00:00,1
s3://nasa-surya-bench/2010/12/20101218_1800.nc,2010-12-18 18:00:00,1
s3://nasa-surya-bench/2010/12/20101219_0000.nc,2010-12-19 00:00:00,1
s3://nasa-surya-bench/2010/12/20101219_0600.nc,2010-12-19 06:00:00,1
s3://nasa-surya-bench/2010/12/20101219_1200.nc,2010-12-19 12:00:00,1
s3://nasa-surya-bench/2010/12/20101219_1800.nc,2010-12-19 18:00:00,1
s3://nasa-surya-bench/2010/12/20101220_0000.nc,2010-12-20 00:00:00,1
s3://nasa-surya-bench/2010/12/20101220_0600.nc,2010-12-20 06:00:00,1
s3://nasa-surya-bench/2010/12/20101220_1200.nc,2010-12-20 12:00:00,1
s3://nasa-surya-bench/2010/12/20101220_1800.nc,2010-12-20 18:00:00,1
s3://nasa-surya-bench/2010/12/20101221_0000.nc,2010-12-21 00:00:00,1
s3://nasa-surya-bench/2010/12/20101221_0600.nc,2010-12-21 06:00:00,1
s3://nasa-surya-bench/2010/12/20101221_1200.nc,2010-12-21 12:00:00,1
s3://nasa-surya-bench/2010/12/20101221_1800.nc,2010-12-21 18:00:00,1
s3://nasa-surya-bench/2010/12/20101222_0000.nc,2010-12-22 00:00:00,1
s3://nasa-surya-bench/2010/12/20101222_0600.nc,2010-12-22 06:00:00,1
s3://nasa-surya-bench/2010/12/20101222_1200.nc,2010-12-22 12:00:00,1
s3://nasa-surya-bench/2010/12/20101222_1800.nc,2010-12-22 18:00:00,1
s3://nasa-surya-bench/2010/12/20101223_0000.nc,2010-12-23 00:00:00,1
s3://nasa-surya-bench/2010/12/20101223_0600.nc,2010-12-23 06:00:00,1
s3://nasa-surya-bench/2010/12/20101223_1200.nc,2010-12-23 12:00:00,1
s3://nasa-surya-bench/2010/12/20101223_1800.nc,2010-12-23 18:00:00,1
s3://nasa-surya-bench/2010/12/20101224_0000.nc,2010-12-24 00:00:00,1
s3://nasa-surya-bench/2010/12/20101224_0600.nc,2010-12-24 06:00:00,1
s3://nasa-surya-bench/2010/12/20101224_1200.nc,2010-12-24 12:00:00,1
s3://nasa-surya-bench/2010/12/20101224_1800.nc,2010-12-24 18:00:00,1
s3://nasa-surya-bench/2010/12/20101225_0000.nc,2010-12-25 00:00:00,1
s3://nasa-surya-bench/2010/12/20101225_0600.nc,2010-12-25 06:00:00,1
s3://nasa-surya-bench/2010/12/20101225_1200.nc,2010-12-25 12:00:00,1
s3://nasa-surya-bench/2010/12/20101225_1800.nc,2010-12-25 18:00:00,1
s3://nasa-surya-bench/2010/12/20101226_0000.nc,2010-12-26 00:00:00,1
s3://nasa-surya-bench/2010/12/20101226_0600.nc,2010-12-26 06:00:00,1
s3://nasa-surya-bench/2010/12/20101226_1200.nc,2010-12-26 12:00:00,1
s3://nasa-surya-bench/2010/12/20101226_1800.nc,2010-12-26 18:00:00,1
s3://nasa-surya-bench/2010/12/20101227_0000.nc,2010-12-27 00:00:00,1
s3://nasa-surya-bench/2010/12/20101227_0600.nc,2010-12-27 06:00:00,1
s3://nasa-surya-bench/2010/12/20101227_1200.nc,2010-12-27 12:00:00,1
s3://nasa-surya-bench/2010/12/20101227_1800.nc,2010-12-27 18:00:00,1
s3://nasa-surya-bench/2010/12/20101228_0000.nc,2010-12-28 00:00:00,1
s3://nasa-surya-bench/2010/12/20101228_0600.nc,2010-12-28 06:00:00,1
s3://nasa-surya-bench/2010/12/20101228_1200.nc,2010-12-28 12:00:00,1
s3://nasa-surya-bench/2010/12/20101228_1800.nc,2010-12-28 18:00:00,1
s3://nasa-surya-bench/2010/12/20101229_0000.nc,2010-12-29 00:00:00,1
s3://nasa-surya-bench/2010/12/20101229_0600.nc,2010-12-29 06:00:00,1
s3://nasa-surya-bench/2010/12/20101229_1200.nc,2010-12-29 12:00:00,1
s3://nasa-surya-bench/2010/12/20101229_1800.nc,2010-12-29 18:00:00,1
s3://nasa-surya-bench/2010/12/20101230_0000.nc,2010-12-30 00:00:00,1
s3://nasa-surya-bench/2010/12/20101230_0600.nc,2010-12-30 06:00:00,1
s3://nasa-surya-bench/2010/12/20101230_1200.nc,2010-12-30 12:00:00,1
s3://nasa-surya-bench/2010/12/20101230_1800.nc,2010-12-30 18:00:00,1
s3://nasa-surya-bench/2010/12/20101231_0000.nc,2010-12-31 00:00:00,1
s3://nasa-surya-bench/2010/12/20101231_0600.nc,2010-12-31 06:00:00,1
s3://nasa-surya-bench/2010/12/20101231_1200.nc,2010-12-31 12:00:00,1
s3://nasa-surya-bench/2010/12/20101231_1800.nc,2010-12-31 18:00:00,1
s3://nasa-surya-bench/2011/01/20110101_0000.nc,2011-01-01 00:00:00,1
s3://nasa-surya-bench/2011/01/20110101_0600.nc,2011-01-01 06:00:00,1
s3://nasa-surya-bench/2011/01/20110101_1200.nc,2011-01-01 12:00:00,1
s3://nasa-surya-bench/2011/01/20110101_1800.nc,2011-01-01 18:00:00,1
s3://nasa-surya-bench/2011/01/20110102_0000.nc,2011-01-02 00:00:00,1
s3://nasa-surya-bench/2011/01/20110102_0600.nc,2011-01-02 06:00:00,1
s3://nasa-surya-bench/2011/01/20110102_1200.nc,2011-01-02 12:00:00,1
s3://nasa-surya-bench/2011/01/20110102_1800.nc,2011-01-02 18:00:00,1
s3://nasa-surya-bench/2011/01/20110103_0000.nc,2011-01-03 00:00:00,1
s3://nasa-surya-bench/2011/01/20110103_0600.nc,2011-01-03 06:00:00,1
s3://nasa-surya-bench/2011/01/20110103_1200.nc,2011-01-03 12:00:00,1
s3://nasa-surya-bench/2011/01/20110103_1800.nc,2011-01-03 18:00:00,1
s3://nasa-surya-bench/2011/01/20110104_0000.nc,2011-01-04 00:00:00,1
s3://nasa-surya-bench/2011/01/20110104_0600.nc,2011-01-04 06:00:00,1
s3://nasa-surya-bench/2011/01/20110104_1200.nc,2011-01-04 12:00:00,1
s3://nasa-surya-bench/2011/01/20110104_1800.nc,2011-01-04 18:00:00,1
s3://nasa-surya-bench/2011/01/20110105_0000.nc,2011-01-05 00:00:00,1
s3://nasa-surya-bench/2011/01/20110105_0600.nc,2011-01-05 06:00:00,1
s3://nasa-surya-bench/2011/01/20110105_1200.nc,2011-01-05 12:00:00,1
s3://nasa-surya-bench/2011/01/20110105_1800.nc,2011-01-05 18:00:00,1
s3://nasa-surya-bench/2011/01/20110106_0000.nc,2011-01-06 00:00:00,1
s3://nasa-surya-bench/2011/01/20110106_0600.nc,2011-01-06 06:00:00,1
s3://nasa-surya-bench/2011/01/20110106_1200.nc,2011-01-06 12:00:00,1
s3://nasa-surya-bench/2011/01/20110106_1800.nc,2011-01-06 18:00:00,1
s3://nasa-surya-bench/2011/01/20110107_0000.nc,2011-01-07 00:00:00,1
s3://nasa-surya-bench/2011/01/20110107_0600.nc,2011-01-07 06:00:00,1
s3://nasa-surya-bench/2011/01/20110107_1200.nc,2011-01-07 12:00:00,1
s3://nasa-surya-bench/2011/01/20110107_1800.nc,2011-01-07 18:00:00,1
s3://nasa-surya-bench/2011/01/20110108_0000.nc,2011-01-08 00:00:00,1
s3://nasa-surya-bench/2011/01/20110108_0600.nc,2011-01-08 06:00:00,1
s3://nasa-surya-bench/2011/01/20110108_1200.nc,2011-01-08 12:00:00,1
s3://nasa-surya-bench/2011/01/20110108_1800.nc,2011-01-08 18:00:00,1
s3://nasa-surya-bench/2011/01/20110109_0000.nc,2011-01-09 00:00:00,1
s3://nasa-surya-bench/2011/01/20110109_0600.nc,2011-01-09 06:00:00,1
s3://nasa-surya-bench/2011/01/20110109_1200.nc,2011-01-09 12:00:00,1
s3://nasa-surya-bench/2011/01/20110109_1800.nc,2011-01-09 18:00:00,1
s3://nasa-surya-bench/2011/01/20110110_0000.nc,2011-01-10 00:00:00,1
s3://nasa-surya-bench/2011/01/20110110_0600.nc,2011-01-10 06:00:00,1
s3://nasa-surya-bench/2011/01/20110110_1200.nc,2011-01-10 12:00:00,1
s3://nasa-surya-bench/2011/01/20110110_1800.nc,2011-01-10 18:00:00,1
s3://nasa-surya-bench/2011/01/20110111_0000.nc,2011-01-11 00:00:00,1
s3://nasa-surya-bench/2011/01/20110111_0600.nc,2011-01-11 06:00:00,1
s3://nasa-surya-bench/2011/02/20110212_0000.nc,2011-02-12 00:00:00,1
s3://nasa-surya-bench/2011/02/20110212_0600.nc,2011-02-12 06:00:00,1
s3://nasa-surya-bench/2011/02/20110212_1200.nc,2011-02-12 12:00:00,1
s3://nasa-surya-bench/2011/02/20110212_1800.nc,2011-02-12 18:00:00,1
s3://nasa-surya-bench/2011/02/20110213_0000.nc,2011-02-13 00:00:00,1
s3://nasa-surya-bench/2011/02/20110213_0600.nc,2011-02-13 06:00:00,1
s3://nasa-surya-bench/2011/02/20110213_1200.nc,2011-02-13 12:00:00,1
s3://nasa-surya-bench/2011/02/20110213_1800.nc,2011-02-13 18:00:00,1
s3://nasa-surya-bench/2011/02/20110214_0000.nc,2011-02-14 00:00:00,1
s3://nasa-surya-bench/2011/02/20110214_0600.nc,2011-02-14 06:00:00,1
s3://nasa-surya-bench/2011/02/20110214_1200.nc,2011-02-14 12:00:00,1
s3://nasa-surya-bench/2011/02/20110214_1800.nc,2011-02-14 18:00:00,1
s3://nasa-surya-bench/2011/02/20110215_0000.nc,2011-02-15 00:00:00,1
s3://nasa-surya-bench/2011/02/20110215_0600.nc,2011-02-15 06:00:00,1
s3://nasa-surya-bench/2011/02/20110215_1200.nc,2011-02-15 12:00:00,1
s3://nasa-surya-bench/2011/02/20110215_1800.nc,2011-02-15 18:00:00,1
s3://nasa-surya-bench/2011/02/20110216_0000.nc,2011-02-16 00:00:00,1
s3://nasa-surya-bench/2011/02/20110216_0600.nc,2011-02-16 06:00:00,1
s3://nasa-surya-bench/2011/02/20110216_1200.nc,2011-02-16 12:00:00,1
s3://nasa-surya-bench/2011/02/20110216_1800.nc,2011-02-16 18:00:00,1
s3://nasa-surya-bench/2011/02/20110217_0000.nc,2011-02-17 00:00:00,1
s3://nasa-surya-bench/2011/02/20110217_0600.nc,2011-02-17 06:00:00,1
s3://nasa-surya-bench/2011/02/20110217_1200.nc,2011-02-17 12:00:00,1
s3://nasa-surya-bench/2011/02/20110217_1800.nc,2011-02-17 18:00:00,1
s3://nasa-surya-bench/2011/02/20110218_0000.nc,2011-02-18 00:00:00,1
s3://nasa-surya-bench/2011/02/20110218_0600.nc,2011-02-18 06:00:00,1
s3://nasa-surya-bench/2011/02/20110218_1200.nc,2011-02-18 12:00:00,1
s3://nasa-surya-bench/2011/02/20110218_1800.nc,2011-02-18 18:00:00,1
s3://nasa-surya-bench/2011/02/20110219_0000.nc,2011-02-19 00:00:00,1
s3://nasa-surya-bench/2011/02/20110219_0600.nc,2011-02-19 06:00:00,1
s3://nasa-surya-bench/2011/02/20110219_1200.nc,2011-02-19 12:00:00,1
s3://nasa-surya-bench/2011/02/20110219_1800.nc,2011-02-19 18:00:00,1
s3://nasa-surya-bench/2011/02/20110220_0000.nc,2011-02-20 00:00:00,1
s3://nasa-surya-bench/2011/02/20110220_0600.nc,2011-02-20 06:00:00,1
s3://nasa-surya-bench/2011/02/20110220_1200.nc,2011-02-20 12:00:00,1
s3://nasa-surya-bench/2011/02/20110220_1800.nc,2011-02-20 18:00:00,1
s3://nasa-surya-bench/2011/02/20110221_0000.nc,2011-02-21 00:00:00,1
s3://nasa-surya-bench/2011/02/20110221_0600.nc,2011-02-21 06:00:00,1
s3://nasa-surya-bench/2011/02/20110221_1200.nc,2011-02-21 12:00:00,1
s3://nasa-surya-bench/2011/02/20110221_1800.nc,2011-02-21 18:00:00,1
s3://nasa-surya-bench/2011/02/20110222_0000.nc,2011-02-22 00:00:00,1
s3://nasa-surya-bench/2011/02/20110222_0600.nc,2011-02-22 06:00:00,1
s3://nasa-surya-bench/2011/02/20110222_1200.nc,2011-02-22 12:00:00,1
s3://nasa-surya-bench/2011/02/20110222_1800.nc,2011-02-22 18:00:00,1
s3://nasa-surya-bench/2011/02/20110223_0000.nc,2011-02-23 00:00:00,1
s3://nasa-surya-bench/2011/02/20110223_0600.nc,2011-02-23 06:00:00,1
s3://nasa-surya-bench/2011/02/20110223_1200.nc,2011-02-23 12:00:00,1
s3://nasa-surya-bench/2011/02/20110223_1800.nc,2011-02-23 18:00:00,1
s3://nasa-surya-bench/2011/02/20110224_0000.nc,2011-02-24 00:00:00,1
s3://nasa-surya-bench/2011/02/20110224_0600.nc,2011-02-24 06:00:00,1
s3://nasa-surya-bench/2011/02/20110224_1200.nc,2011-02-24 12:00:00,1
s3://nasa-surya-bench/2011/02/20110224_1800.nc,2011-02-24 18:00:00,1
s3://nasa-surya-bench/2011/02/20110225_0000.nc,2011-02-25 00:00:00,1
s3://nasa-surya-bench/2011/02/20110225_0600.nc,2011-02-25 06:00:00,1
s3://nasa-surya-bench/2011/02/20110225_1200.nc,2011-02-25 12:00:00,1
s3://nasa-surya-bench/2011/02/20110225_1800.nc,2011-02-25 18:00:00,1
s3://nasa-surya-bench/2011/02/20110226_0000.nc,2011-02-26 00:00:00,1
s3://nasa-surya-bench/2011/02/20110226_0600.nc,2011-02-26 06:00:00,1
s3://nasa-surya-bench/2011/02/20110226_1200.nc,2011-02-26 12:00:00,1
s3://nasa-surya-bench/2011/02/20110226_1800.nc,2011-02-26 18:00:00,1
s3://nasa-surya-bench/2011/02/20110227_0000.nc,2011-02-27 00:00:00,1
s3://nasa-surya-bench/2011/02/20110227_0600.nc,2011-02-27 06:00:00,1
s3://nasa-surya-bench/2011/02/20110227_1200.nc,2011-02-27 12:00:00,1
s3://nasa-surya-bench/2011/02/20110227_1800.nc,2011-02-27 18:00:00,1
s3://nasa-surya-bench/2011/02/20110228_0000.nc,2011-02-28 00:00:00,1
s3://nasa-surya-bench/2011/02/20110228_0600.nc,2011-02-28 06:00:00,1
s3://nasa-surya-bench/2011/02/20110228_1200.nc,2011-02-28 12:00:00,1
s3://nasa-surya-bench/2011/02/20110228_1800.nc,2011-02-28 18:00:00,1
s3://nasa-surya-bench/2011/03/20110301_0000.nc,2011-03-01 00:00:00,1
s3://nasa-surya-bench/2011/03/20110301_0600.nc,2011-03-01 06:00:00,1
s3://nasa-surya-bench/2011/03/20110301_1200.nc,2011-03-01 12:00:00,1
s3://nasa-surya-bench/2011/03/20110301_1800.nc,2011-03-01 18:00:00,1
s3://nasa-surya-bench/2011/03/20110302_0000.nc,2011-03-02 00:00:00,1
s3://nasa-surya-bench/2011/03/20110302_0600.nc,2011-03-02 06:00:00,1
s3://nasa-surya-bench/2011/03/20110302_1200.nc,2011-03-02 12:00:00,1
s3://nasa-surya-bench/2011/03/20110302_1800.nc,2011-03-02 18:00:00,1
s3://nasa-surya-bench/2011/03/20110303_0000.nc,2011-03-03 00:00:00,1
s3://nasa-surya-bench/2011/03/20110303_0600.nc,2011-03-03 06:00:00,1
s3://nasa-surya-bench/2011/03/20110303_1200.nc,2011-03-03 12:00:00,1
s3://nasa-surya-bench/2011/03/20110303_1800.nc,2011-03-03 18:00:00,1
s3://nasa-surya-bench/2011/03/20110304_0000.nc,2011-03-04 00:00:00,1
s3://nasa-surya-bench/2011/03/20110304_0600.nc,2011-03-04 06:00:00,1
s3://nasa-surya-bench/2011/03/20110304_1200.nc,2011-03-04 12:00:00,1
s3://nasa-surya-bench/2011/03/20110304_1800.nc,2011-03-04 18:00:00,1
s3://nasa-surya-bench/2011/03/20110305_0000.nc,2011-03-05 00:00:00,1
s3://nasa-surya-bench/2011/03/20110305_0600.nc,2011-03-05 06:00:00,1
s3://nasa-surya-bench/2011/03/20110305_1200.nc,2011-03-05 12:00:00,1
s3://nasa-surya-bench/2011/03/20110305_1800.nc,2011-03-05 18:00:00,1
s3://nasa-surya-bench/2011/03/20110306_0000.nc,2011-03-06 00:00:00,1
s3://nasa-surya-bench/2011/03/20110306_0600.nc,2011-03-06 06:00:00,1
s3://nasa-surya-bench/2011/03/20110306_1200.nc,2011-03-06 12:00:00,1
s3://nasa-surya-bench/2011/03/20110306_1800.nc,2011-03-06 18:00:00,1
s3://nasa-surya-bench/2011/03/20110307_0000.nc,2011-03-07 00:00:00,1
s3://nasa-surya-bench/2011/03/20110307_0600.nc,2011-03-07 06:00:00,1
s3://nasa-surya-bench/2011/03/20110307_1200.nc,2011-03-07 12:00:00,1
s3://nasa-surya-bench/2011/03/20110307_1800.nc,2011-03-07 18:00:00,1
s3://nasa-surya-bench/2011/03/20110308_0000.nc,2011-03-08 00:00:00,1
s3://nasa-surya-bench/2011/03/20110308_0600.nc,2011-03-08 06:00:00,1
s3://nasa-surya-bench/2011/03/20110308_1200.nc,2011-03-08 12:00:00,1
s3://nasa-surya-bench/2011/03/20110308_1800.nc,2011-03-08 18:00:00,1
s3://nasa-surya-bench/2011/03/20110309_0000.nc,2011-03-09 00:00:00,1
s3://nasa-surya-bench/2011/03/20110309_0600.nc,2011-03-09 06:00:00,1
s3://nasa-surya-bench/2011/03/20110309_1200.nc,2011-03-09 12:00:00,1
s3://nasa-surya-bench/2011/03/20110309_1800.nc,2011-03-09 18:00:00,1
s3://nasa-surya-bench/2011/03/20110310_0000.nc,2011-03-10 00:00:00,1
s3://nasa-surya-bench/2011/03/20110310_0600.nc,2011-03-10 06:00:00,1
s3://nasa-surya-bench/2011/03/20110310_1200.nc,2011-03-10 12:00:00,1
s3://nasa-surya-bench/2011/03/20110310_1800.nc,2011-03-10 18:00:00,1
s3://nasa-surya-bench/2011/03/20110311_0000.nc,2011-03-11 00:00:00,1
s3://nasa-surya-bench/2011/03/20110311_0600.nc,2011-03-11 06:00:00,1
s3://nasa-surya-bench/2011/03/20110311_1200.nc,2011-03-11 12:00:00,1
s3://nasa-surya-bench/2011/03/20110311_1800.nc,2011-03-11 18:00:00,1
s3://nasa-surya-bench/2011/03/20110312_0000.nc,2011-03-12 00:00:00,1
s3://nasa-surya-bench/2011/03/20110312_0600.nc,2011-03-12 06:00:00,1
s3://nasa-surya-bench/2011/03/20110312_1200.nc,2011-03-12 12:00:00,1
s3://nasa-surya-bench/2011/03/20110312_1800.nc,2011-03-12 18:00:00,1
s3://nasa-surya-bench/2011/03/20110313_0000.nc,2011-03-13 00:00:00,1
s3://nasa-surya-bench/2011/03/20110313_0600.nc,2011-03-13 06:00:00,1
s3://nasa-surya-bench/2011/03/20110313_1200.nc,2011-03-13 12:00:00,1
s3://nasa-surya-bench/2011/03/20110313_1800.nc,2011-03-13 18:00:00,1
s3://nasa-surya-bench/2011/03/20110314_0000.nc,2011-03-14 00:00:00,1
s3://nasa-surya-bench/2011/03/20110314_0600.nc,2011-03-14 06:00:00,1
s3://nasa-surya-bench/2011/03/20110314_1200.nc,2011-03-14 12:00:00,1
s3://nasa-surya-bench/2011/03/20110314_1800.nc,2011-03-14 18:00:00,1
s3://nasa-surya-bench/2011/03/20110315_0000.nc,2011-03-15 00:00:00,1
s3://nasa-surya-bench/2011/03/20110315_0600.nc,2011-03-15 06:00:00,1
s3://nasa-surya-bench/2011/03/20110315_1200.nc,2011-03-15 12:00:00,1
s3://nasa-surya-bench/2011/03/20110315_1800.nc,2011-03-15 18:00:00,1
s3://nasa-surya-bench/2011/03/20110316_0000.nc,2011-03-16 00:00:00,1
s3://nasa-surya-bench/2011/03/20110316_0600.nc,2011-03-16 06:00:00,1
s3://nasa-surya-bench/2011/03/20110316_1200.nc,2011-03-16 12:00:00,1
s3://nasa-surya-bench/2011/03/20110316_1800.nc,2011-03-16 18:00:00,1
s3://nasa-surya-bench/2011/03/20110317_0000.nc,2011-03-17 00:00:00,1
s3://nasa-surya-bench/2011/03/20110317_0600.nc,2011-03-17 06:00:00,1
s3://nasa-surya-bench/2011/03/20110317_1200.nc,2011-03-17 12:00:00,1
s3://nasa-surya-bench/2011/03/20110317_1800.nc,2011-03-17 18:00:00,1
s3://nasa-surya-bench/2011/03/20110318_0000.nc,2011-03-18 00:00:00,1
s3://nasa-surya-bench/2011/03/20110318_0600.nc,2011-03-18 06:00:00,1
s3://nasa-surya-bench/2011/03/20110318_1200.nc,2011-03-18 12:00:00,1
s3://nasa-surya-bench/2011/03/20110318_1800.nc,2011-03-18 18:00:00,1
s3://nasa-surya-bench/2011/03/20110319_0000.nc,2011-03-19 00:00:00,1
s3://nasa-surya-bench/2011/03/20110319_0600.nc,2011-03-19 06:00:00,1
s3://nasa-surya-bench/2011/03/20110319_1200.nc,2011-03-19 12:00:00,1
s3://nasa-surya-bench/2011/03/20110319_1800.nc,2011-03-19 18:00:00,1
s3://nasa-surya-bench/2011/03/20110320_0000.nc,2011-03-20 00:00:00,1
s3://nasa-surya-bench/2011/03/20110320_0600.nc,2011-03-20 06:00:00,1
s3://nasa-surya-bench/2011/03/20110320_1200.nc,2011-03-20 12:00:00,1
s3://nasa-surya-bench/2011/03/20110320_1800.nc,2011-03-20 18:00:00,1
s3://nasa-surya-bench/2011/03/20110321_0000.nc,2011-03-21 00:00:00,1
s3://nasa-surya-bench/2011/03/20110321_0600.nc,2011-03-21 06:00:00,1
s3://nasa-surya-bench/2011/03/20110321_1200.nc,2011-03-21 12:00:00,1
s3://nasa-surya-bench/2011/03/20110321_1800.nc,2011-03-21 18:00:00,1
s3://nasa-surya-bench/2011/03/20110322_0000.nc,2011-03-22 00:00:00,1
s3://nasa-surya-bench/2011/03/20110322_0600.nc,2011-03-22 06:00:00,1
s3://nasa-surya-bench/2011/03/20110322_1200.nc,2011-03-22 12:00:00,1
s3://nasa-surya-bench/2011/03/20110322_1800.nc,2011-03-22 18:00:00,1
s3://nasa-surya-bench/2011/03/20110323_0000.nc,2011-03-23 00:00:00,1
s3://nasa-surya-bench/2011/03/20110323_0600.nc,2011-03-23 06:00:00,1
s3://nasa-surya-bench/2011/03/20110323_1200.nc,2011-03-23 12:00:00,1
s3://nasa-surya-bench/2011/03/20110323_1800.nc,2011-03-23 18:00:00,1
s3://nasa-surya-bench/2011/03/20110324_0000.nc,2011-03-24 00:00:00,1
s3://nasa-surya-bench/2011/03/20110324_0600.nc,2011-03-24 06:00:00,1
s3://nasa-surya-bench/2011/03/20110324_1200.nc,2011-03-24 12:00:00,1
s3://nasa-surya-bench/2011/03/20110324_1800.nc,2011-03-24 18:00:00,1
s3://nasa-surya-bench/2011/03/20110325_0000.nc,2011-03-25 00:00:00,1
s3://nasa-surya-bench/2011/03/20110325_0600.nc,2011-03-25 06:00:00,1
s3://nasa-surya-bench/2011/03/20110325_1200.nc,2011-03-25 12:00:00,1
s3://nasa-surya-bench/2011/03/20110325_1800.nc,2011-03-25 18:00:00,1
s3://nasa-surya-bench/2011/03/20110326_0000.nc,2011-03-26 00:00:00,1
s3://nasa-surya-bench/2011/03/20110326_0600.nc,2011-03-26 06:00:00,1
s3://nasa-surya-bench/2011/03/20110326_1200.nc,2011-03-26 12:00:00,1
s3://nasa-surya-bench/2011/03/20110326_1800.nc,2011-03-26 18:00:00,1
s3://nasa-surya-bench/2011/03/20110327_0000.nc,2011-03-27 00:00:00,1
s3://nasa-surya-bench/2011/03/20110327_0600.nc,2011-03-27 06:00:00,1
s3://nasa-surya-bench/2011/03/20110327_1200.nc,2011-03-27 12:00:00,1
s3://nasa-surya-bench/2011/03/20110327_1800.nc,2011-03-27 18:00:00,1
s3://nasa-surya-bench/2011/03/20110328_0000.nc,2011-03-28 00:00:00,1
s3://nasa-surya-bench/2011/03/20110328_0600.nc,2011-03-28 06:00:00,1
s3://nasa-surya-bench/2011/03/20110328_1200.nc,2011-03-28 12:00:00,1
s3://nasa-surya-bench/2011/03/20110328_1800.nc,2011-03-28 18:00:00,1
s3://nasa-surya-bench/2011/03/20110329_0000.nc,2011-03-29 00:00:00,1
s3://nasa-surya-bench/2011/03/20110329_0600.nc,2011-03-29 06:00:00,1
s3://nasa-surya-bench/2011/03/20110329_1200.nc,2011-03-29 12:00:00,1
s3://nasa-surya-bench/2011/03/20110329_1800.nc,2011-03-29 18:00:00,1
s3://nasa-surya-bench/2011/03/20110330_0000.nc,2011-03-30 00:00:00,1
s3://nasa-surya-bench/2011/03/20110330_0600.nc,2011-03-30 06:00:00,1
s3://nasa-surya-bench/2011/03/20110330_1200.nc,2011-03-30 12:00:00,1
s3://nasa-surya-bench/2011/03/20110330_1800.nc,2011-03-30 18:00:00,1
s3://nasa-surya-bench/2011/03/20110331_0000.nc,2011-03-31 00:00:00,1
s3://nasa-surya-bench/2011/03/20110331_0600.nc,2011-03-31 06:00:00,1
s3://nasa-surya-bench/2011/03/20110331_1200.nc,2011-03-31 12:00:00,1
s3://nasa-surya-bench/2011/03/20110331_1800.nc,2011-03-31 18:00:00,1
s3://nasa-surya-bench/2011/04/20110401_0000.nc,2011-04-01 00:00:00,1
s3://nasa-surya-bench/2011/04/20110401_0600.nc,2011-04-01 06:00:00,1
s3://nasa-surya-bench/2011/04/20110401_1200.nc,2011-04-01 12:00:00,1
s3://nasa-surya-bench/2011/04/20110401_1800.nc,2011-04-01 18:00:00,1
s3://nasa-surya-bench/2011/04/20110403_0000.nc,2011-04-03 00:00:00,1
s3://nasa-surya-bench/2011/04/20110403_0600.nc,2011-04-03 06:00:00,1
s3://nasa-surya-bench/2011/04/20110403_1200.nc,2011-04-03 12:00:00,1
s3://nasa-surya-bench/2011/04/20110403_1800.nc,2011-04-03 18:00:00,1
s3://nasa-surya-bench/2011/04/20110404_0000.nc,2011-04-04 00:00:00,1
s3://nasa-surya-bench/2011/04/20110404_0600.nc,2011-04-04 06:00:00,1
s3://nasa-surya-bench/2011/04/20110404_1200.nc,2011-04-04 12:00:00,1
s3://nasa-surya-bench/2011/04/20110404_1800.nc,2011-04-04 18:00:00,1
s3://nasa-surya-bench/2011/04/20110405_0000.nc,2011-04-05 00:00:00,1
s3://nasa-surya-bench/2011/04/20110405_0600.nc,2011-04-05 06:00:00,1
s3://nasa-surya-bench/2011/04/20110405_1200.nc,2011-04-05 12:00:00,1
s3://nasa-surya-bench/2011/04/20110405_1800.nc,2011-04-05 18:00:00,1
s3://nasa-surya-bench/2011/04/20110406_0000.nc,2011-04-06 00:00:00,1
s3://nasa-surya-bench/2011/04/20110406_1800.nc,2011-04-06 18:00:00,1
s3://nasa-surya-bench/2011/04/20110407_0000.nc,2011-04-07 00:00:00,1
s3://nasa-surya-bench/2011/04/20110407_0600.nc,2011-04-07 06:00:00,1
s3://nasa-surya-bench/2011/04/20110407_1200.nc,2011-04-07 12:00:00,1
s3://nasa-surya-bench/2011/04/20110407_1800.nc,2011-04-07 18:00:00,1
s3://nasa-surya-bench/2011/04/20110408_0000.nc,2011-04-08 00:00:00,1
s3://nasa-surya-bench/2011/04/20110408_0600.nc,2011-04-08 06:00:00,1
s3://nasa-surya-bench/2011/04/20110408_1200.nc,2011-04-08 12:00:00,1
s3://nasa-surya-bench/2011/04/20110408_1800.nc,2011-04-08 18:00:00,1
s3://nasa-surya-bench/2011/04/20110409_0000.nc,2011-04-09 00:00:00,1
s3://nasa-surya-bench/2011/04/20110409_0600.nc,2011-04-09 06:00:00,1
s3://nasa-surya-bench/2011/04/20110409_1200.nc,2011-04-09 12:00:00,1
s3://nasa-surya-bench/2011/04/20110409_1800.nc,2011-04-09 18:00:00,1
s3://nasa-surya-bench/2011/04/20110410_0000.nc,2011-04-10 00:00:00,1
s3://nasa-surya-bench/2011/04/20110410_0600.nc,2011-04-10 06:00:00,1
s3://nasa-surya-bench/2011/04/20110410_1200.nc,2011-04-10 12:00:00,1
s3://nasa-surya-bench/2011/04/20110410_1800.nc,2011-04-10 18:00:00,1
s3://nasa-surya-bench/2011/04/20110411_0000.nc,2011-04-11 00:00:00,1
s3://nasa-surya-bench/2011/04/20110411_0600.nc,2011-04-11 06:00:00,1
s3://nasa-surya-bench/2011/04/20110411_1200.nc,2011-04-11 12:00:00,1
s3://nasa-surya-bench/2011/04/20110411_1800.nc,2011-04-11 18:00:00,1
s3://nasa-surya-bench/2011/04/20110412_0000.nc,2011-04-12 00:00:00,1
s3://nasa-surya-bench/2011/04/20110412_0600.nc,2011-04-12 06:00:00,1
s3://nasa-surya-bench/2011/04/20110412_1200.nc,2011-04-12 12:00:00,1
s3://nasa-surya-bench/2011/04/20110412_1800.nc,2011-04-12 18:00:00,1
s3://nasa-surya-bench/2011/04/20110413_0000.nc,2011-04-13 00:00:00,1
s3://nasa-surya-bench/2011/04/20110413_0600.nc,2011-04-13 06:00:00,1
s3://nasa-surya-bench/2011/04/20110413_1200.nc,2011-04-13 12:00:00,1
s3://nasa-surya-bench/2011/04/20110414_1800.nc,2011-04-14 18:00:00,1
s3://nasa-surya-bench/2011/04/20110415_0000.nc,2011-04-15 00:00:00,1
s3://nasa-surya-bench/2011/04/20110415_0600.nc,2011-04-15 06:00:00,1
s3://nasa-surya-bench/2011/04/20110415_1200.nc,2011-04-15 12:00:00,1
s3://nasa-surya-bench/2011/04/20110415_1800.nc,2011-04-15 18:00:00,1
s3://nasa-surya-bench/2011/04/20110416_0000.nc,2011-04-16 00:00:00,1
s3://nasa-surya-bench/2011/04/20110416_0600.nc,2011-04-16 06:00:00,1
s3://nasa-surya-bench/2011/04/20110416_1200.nc,2011-04-16 12:00:00,1
s3://nasa-surya-bench/2011/04/20110416_1800.nc,2011-04-16 18:00:00,1
s3://nasa-surya-bench/2011/04/20110417_0000.nc,2011-04-17 00:00:00,1
s3://nasa-surya-bench/2011/04/20110417_0600.nc,2011-04-17 06:00:00,1
s3://nasa-surya-bench/2011/04/20110417_1200.nc,2011-04-17 12:00:00,1
s3://nasa-surya-bench/2011/04/20110417_1800.nc,2011-04-17 18:00:00,1
s3://nasa-surya-bench/2011/04/20110418_0000.nc,2011-04-18 00:00:00,1
s3://nasa-surya-bench/2011/04/20110418_0600.nc,2011-04-18 06:00:00,1
s3://nasa-surya-bench/2011/04/20110418_1200.nc,2011-04-18 12:00:00,1
s3://nasa-surya-bench/2011/04/20110418_1800.nc,2011-04-18 18:00:00,1
s3://nasa-surya-bench/2011/04/20110419_0000.nc,2011-04-19 00:00:00,1
s3://nasa-surya-bench/2011/04/20110419_0600.nc,2011-04-19 06:00:00,1
s3://nasa-surya-bench/2011/04/20110419_1200.nc,2011-04-19 12:00:00,1
s3://nasa-surya-bench/2011/04/20110419_1800.nc,2011-04-19 18:00:00,1
s3://nasa-surya-bench/2011/04/20110420_0000.nc,2011-04-20 00:00:00,1
s3://nasa-surya-bench/2011/04/20110420_0600.nc,2011-04-20 06:00:00,1
s3://nasa-surya-bench/2011/04/20110420_1200.nc,2011-04-20 12:00:00,1
s3://nasa-surya-bench/2011/04/20110421_0000.nc,2011-04-21 00:00:00,1
s3://nasa-surya-bench/2011/04/20110421_0600.nc,2011-04-21 06:00:00,1
s3://nasa-surya-bench/2011/04/20110421_1200.nc,2011-04-21 12:00:00,1
s3://nasa-surya-bench/2011/04/20110421_1800.nc,2011-04-21 18:00:00,1
s3://nasa-surya-bench/2011/04/20110422_0000.nc,2011-04-22 00:00:00,1
s3://nasa-surya-bench/2011/04/20110422_0600.nc,2011-04-22 06:00:00,1
s3://nasa-surya-bench/2011/04/20110422_1200.nc,2011-04-22 12:00:00,1
s3://nasa-surya-bench/2011/04/20110422_1800.nc,2011-04-22 18:00:00,1
s3://nasa-surya-bench/2011/04/20110423_0000.nc,2011-04-23 00:00:00,1
s3://nasa-surya-bench/2011/04/20110423_0600.nc,2011-04-23 06:00:00,1
s3://nasa-surya-bench/2011/04/20110423_1200.nc,2011-04-23 12:00:00,1
s3://nasa-surya-bench/2011/04/20110423_1800.nc,2011-04-23 18:00:00,1
s3://nasa-surya-bench/2011/04/20110424_0000.nc,2011-04-24 00:00:00,1
s3://nasa-surya-bench/2011/04/20110424_0600.nc,2011-04-24 06:00:00,1
s3://nasa-surya-bench/2011/04/20110424_1200.nc,2011-04-24 12:00:00,1
s3://nasa-surya-bench/2011/04/20110424_1800.nc,2011-04-24 18:00:00,1
s3://nasa-surya-bench/2011/04/20110425_0000.nc,2011-04-25 00:00:00,1
s3://nasa-surya-bench/2011/04/20110425_0600.nc,2011-04-25 06:00:00,1
s3://nasa-surya-bench/2011/04/20110425_1200.nc,2011-04-25 12:00:00,1
s3://nasa-surya-bench/2011/04/20110425_1800.nc,2011-04-25 18:00:00,1
s3://nasa-surya-bench/2011/04/20110426_0000.nc,2011-04-26 00:00:00,1
s3://nasa-surya-bench/2011/04/20110426_0600.nc,2011-04-26 06:00:00,1
s3://nasa-surya-bench/2011/04/20110426_1200.nc,2011-04-26 12:00:00,1
s3://nasa-surya-bench/2011/04/20110426_1800.nc,2011-04-26 18:00:00,1
s3://nasa-surya-bench/2011/04/20110427_0000.nc,2011-04-27 00:00:00,1
s3://nasa-surya-bench/2011/04/20110427_0600.nc,2011-04-27 06:00:00,1
s3://nasa-surya-bench/2011/04/20110427_1200.nc,2011-04-27 12:00:00,1
s3://nasa-surya-bench/2011/04/20110427_1800.nc,2011-04-27 18:00:00,1
s3://nasa-surya-bench/2011/04/20110428_0000.nc,2011-04-28 00:00:00,1
s3://nasa-surya-bench/2011/04/20110428_0600.nc,2011-04-28 06:00:00,1
s3://nasa-surya-bench/2011/04/20110428_1200.nc,2011-04-28 12:00:00,1
s3://nasa-surya-bench/2011/04/20110428_1800.nc,2011-04-28 18:00:00,1
s3://nasa-surya-bench/2011/04/20110429_0000.nc,2011-04-29 00:00:00,1
s3://nasa-surya-bench/2011/04/20110429_0600.nc,2011-04-29 06:00:00,1
s3://nasa-surya-bench/2011/04/20110429_1200.nc,2011-04-29 12:00:00,1
s3://nasa-surya-bench/2011/04/20110429_1800.nc,2011-04-29 18:00:00,1
s3://nasa-surya-bench/2011/04/20110430_0000.nc,2011-04-30 00:00:00,1
s3://nasa-surya-bench/2011/04/20110430_0600.nc,2011-04-30 06:00:00,1
s3://nasa-surya-bench/2011/04/20110430_1200.nc,2011-04-30 12:00:00,1
s3://nasa-surya-bench/2011/04/20110430_1800.nc,2011-04-30 18:00:00,1
s3://nasa-surya-bench/2011/05/20110501_0000.nc,2011-05-01 00:00:00,1
s3://nasa-surya-bench/2011/05/20110501_0600.nc,2011-05-01 06:00:00,1
s3://nasa-surya-bench/2011/05/20110501_1200.nc,2011-05-01 12:00:00,1
s3://nasa-surya-bench/2011/05/20110501_1800.nc,2011-05-01 18:00:00,1
s3://nasa-surya-bench/2011/05/20110502_0000.nc,2011-05-02 00:00:00,1
s3://nasa-surya-bench/2011/05/20110502_0600.nc,2011-05-02 06:00:00,1
s3://nasa-surya-bench/2011/05/20110502_1200.nc,2011-05-02 12:00:00,1
s3://nasa-surya-bench/2011/05/20110502_1800.nc,2011-05-02 18:00:00,1
s3://nasa-surya-bench/2011/05/20110503_0000.nc,2011-05-03 00:00:00,1
s3://nasa-surya-bench/2011/05/20110503_0600.nc,2011-05-03 06:00:00,1
s3://nasa-surya-bench/2011/05/20110503_1200.nc,2011-05-03 12:00:00,1
s3://nasa-surya-bench/2011/05/20110503_1800.nc,2011-05-03 18:00:00,1
s3://nasa-surya-bench/2011/05/20110504_0000.nc,2011-05-04 00:00:00,1
s3://nasa-surya-bench/2011/05/20110504_0600.nc,2011-05-04 06:00:00,1
s3://nasa-surya-bench/2011/05/20110504_1200.nc,2011-05-04 12:00:00,1
s3://nasa-surya-bench/2011/05/20110505_0000.nc,2011-05-05 00:00:00,1
s3://nasa-surya-bench/2011/05/20110505_0600.nc,2011-05-05 06:00:00,1
s3://nasa-surya-bench/2011/05/20110505_1200.nc,2011-05-05 12:00:00,1
s3://nasa-surya-bench/2011/05/20110505_1800.nc,2011-05-05 18:00:00,1
s3://nasa-surya-bench/2011/05/20110506_0000.nc,2011-05-06 00:00:00,1
s3://nasa-surya-bench/2011/05/20110506_0600.nc,2011-05-06 06:00:00,1
s3://nasa-surya-bench/2011/05/20110506_1200.nc,2011-05-06 12:00:00,1
s3://nasa-surya-bench/2011/05/20110506_1800.nc,2011-05-06 18:00:00,1
s3://nasa-surya-bench/2011/05/20110507_0000.nc,2011-05-07 00:00:00,1
s3://nasa-surya-bench/2011/05/20110507_0600.nc,2011-05-07 06:00:00,1
s3://nasa-surya-bench/2011/05/20110507_1200.nc,2011-05-07 12:00:00,1
s3://nasa-surya-bench/2011/05/20110507_1800.nc,2011-05-07 18:00:00,1
s3://nasa-surya-bench/2011/05/20110508_0000.nc,2011-05-08 00:00:00,1
s3://nasa-surya-bench/2011/05/20110508_0600.nc,2011-05-08 06:00:00,1
s3://nasa-surya-bench/2011/05/20110508_1200.nc,2011-05-08 12:00:00,1
s3://nasa-surya-bench/2011/05/20110508_1800.nc,2011-05-08 18:00:00,1
s3://nasa-surya-bench/2011/05/20110509_0000.nc,2011-05-09 00:00:00,1
s3://nasa-surya-bench/2011/05/20110509_0600.nc,2011-05-09 06:00:00,1
s3://nasa-surya-bench/2011/05/20110509_1200.nc,2011-05-09 12:00:00,1
s3://nasa-surya-bench/2011/05/20110509_1800.nc,2011-05-09 18:00:00,1
s3://nasa-surya-bench/2011/05/20110510_0000.nc,2011-05-10 00:00:00,1
s3://nasa-surya-bench/2011/05/20110510_0600.nc,2011-05-10 06:00:00,1
s3://nasa-surya-bench/2011/05/20110510_1200.nc,2011-05-10 12:00:00,1
s3://nasa-surya-bench/2011/05/20110510_1800.nc,2011-05-10 18:00:00,1
s3://nasa-surya-bench/2011/05/20110511_0000.nc,2011-05-11 00:00:00,1
s3://nasa-surya-bench/2011/05/20110511_0600.nc,2011-05-11 06:00:00,1
s3://nasa-surya-bench/2011/05/20110511_1200.nc,2011-05-11 12:00:00,1
s3://nasa-surya-bench/2011/05/20110511_1800.nc,2011-05-11 18:00:00,1
s3://nasa-surya-bench/2011/05/20110512_0000.nc,2011-05-12 00:00:00,1
s3://nasa-surya-bench/2011/05/20110512_0600.nc,2011-05-12 06:00:00,1
s3://nasa-surya-bench/2011/05/20110512_1200.nc,2011-05-12 12:00:00,1
s3://nasa-surya-bench/2011/05/20110512_1800.nc,2011-05-12 18:00:00,1
s3://nasa-surya-bench/2011/05/20110513_0000.nc,2011-05-13 00:00:00,1
s3://nasa-surya-bench/2011/05/20110513_0600.nc,2011-05-13 06:00:00,1
s3://nasa-surya-bench/2011/05/20110513_1200.nc,2011-05-13 12:00:00,1
s3://nasa-surya-bench/2011/05/20110513_1800.nc,2011-05-13 18:00:00,1
s3://nasa-surya-bench/2011/05/20110514_0000.nc,2011-05-14 00:00:00,1
s3://nasa-surya-bench/2011/05/20110514_0600.nc,2011-05-14 06:00:00,1
s3://nasa-surya-bench/2011/05/20110514_1200.nc,2011-05-14 12:00:00,1
s3://nasa-surya-bench/2011/05/20110514_1800.nc,2011-05-14 18:00:00,1
s3://nasa-surya-bench/2011/05/20110515_0000.nc,2011-05-15 00:00:00,1
s3://nasa-surya-bench/2011/05/20110515_0600.nc,2011-05-15 06:00:00,1
s3://nasa-surya-bench/2011/05/20110515_1200.nc,2011-05-15 12:00:00,1
s3://nasa-surya-bench/2011/05/20110515_1800.nc,2011-05-15 18:00:00,1
s3://nasa-surya-bench/2011/05/20110516_0000.nc,2011-05-16 00:00:00,1
s3://nasa-surya-bench/2011/05/20110516_0600.nc,2011-05-16 06:00:00,1
s3://nasa-surya-bench/2011/05/20110516_1200.nc,2011-05-16 12:00:00,1
s3://nasa-surya-bench/2011/05/20110516_1800.nc,2011-05-16 18:00:00,1
s3://nasa-surya-bench/2011/05/20110517_0000.nc,2011-05-17 00:00:00,1
s3://nasa-surya-bench/2011/05/20110517_0600.nc,2011-05-17 06:00:00,1
s3://nasa-surya-bench/2011/05/20110517_1200.nc,2011-05-17 12:00:00,1
s3://nasa-surya-bench/2011/05/20110517_1800.nc,2011-05-17 18:00:00,1
s3://nasa-surya-bench/2011/05/20110518_0000.nc,2011-05-18 00:00:00,1
s3://nasa-surya-bench/2011/05/20110518_0600.nc,2011-05-18 06:00:00,1
s3://nasa-surya-bench/2011/05/20110518_1200.nc,2011-05-18 12:00:00,1
s3://nasa-surya-bench/2011/05/20110518_1800.nc,2011-05-18 18:00:00,1
s3://nasa-surya-bench/2011/05/20110519_0000.nc,2011-05-19 00:00:00,1
s3://nasa-surya-bench/2011/05/20110519_0600.nc,2011-05-19 06:00:00,1
s3://nasa-surya-bench/2011/05/20110519_1200.nc,2011-05-19 12:00:00,1
s3://nasa-surya-bench/2011/05/20110520_0000.nc,2011-05-20 00:00:00,1
s3://nasa-surya-bench/2011/05/20110520_0600.nc,2011-05-20 06:00:00,1
s3://nasa-surya-bench/2011/05/20110520_1200.nc,2011-05-20 12:00:00,1
s3://nasa-surya-bench/2011/05/20110520_1800.nc,2011-05-20 18:00:00,1
s3://nasa-surya-bench/2011/05/20110521_0000.nc,2011-05-21 00:00:00,1
s3://nasa-surya-bench/2011/05/20110521_0600.nc,2011-05-21 06:00:00,1
s3://nasa-surya-bench/2011/05/20110521_1200.nc,2011-05-21 12:00:00,1
s3://nasa-surya-bench/2011/05/20110521_1800.nc,2011-05-21 18:00:00,1
s3://nasa-surya-bench/2011/05/20110522_0000.nc,2011-05-22 00:00:00,1
s3://nasa-surya-bench/2011/05/20110522_0600.nc,2011-05-22 06:00:00,1
s3://nasa-surya-bench/2011/05/20110522_1200.nc,2011-05-22 12:00:00,1
s3://nasa-surya-bench/2011/05/20110522_1800.nc,2011-05-22 18:00:00,1
s3://nasa-surya-bench/2011/05/20110523_0000.nc,2011-05-23 00:00:00,1
s3://nasa-surya-bench/2011/05/20110523_0600.nc,2011-05-23 06:00:00,1
s3://nasa-surya-bench/2011/05/20110523_1200.nc,2011-05-23 12:00:00,1
s3://nasa-surya-bench/2011/05/20110523_1800.nc,2011-05-23 18:00:00,1
s3://nasa-surya-bench/2011/05/20110524_0000.nc,2011-05-24 00:00:00,1
s3://nasa-surya-bench/2011/05/20110524_0600.nc,2011-05-24 06:00:00,1
s3://nasa-surya-bench/2011/05/20110524_1200.nc,2011-05-24 12:00:00,1
s3://nasa-surya-bench/2011/05/20110524_1800.nc,2011-05-24 18:00:00,1
s3://nasa-surya-bench/2011/05/20110525_0000.nc,2011-05-25 00:00:00,1
s3://nasa-surya-bench/2011/05/20110525_0600.nc,2011-05-25 06:00:00,1
s3://nasa-surya-bench/2011/05/20110525_1200.nc,2011-05-25 12:00:00,1
s3://nasa-surya-bench/2011/05/20110525_1800.nc,2011-05-25 18:00:00,1
s3://nasa-surya-bench/2011/05/20110526_0000.nc,2011-05-26 00:00:00,1
s3://nasa-surya-bench/2011/05/20110526_0600.nc,2011-05-26 06:00:00,1
s3://nasa-surya-bench/2011/05/20110526_1200.nc,2011-05-26 12:00:00,1
s3://nasa-surya-bench/2011/05/20110526_1800.nc,2011-05-26 18:00:00,1
s3://nasa-surya-bench/2011/05/20110527_0000.nc,2011-05-27 00:00:00,1
s3://nasa-surya-bench/2011/05/20110527_0600.nc,2011-05-27 06:00:00,1
s3://nasa-surya-bench/2011/05/20110527_1200.nc,2011-05-27 12:00:00,1
s3://nasa-surya-bench/2011/05/20110527_1800.nc,2011-05-27 18:00:00,1
s3://nasa-surya-bench/2011/06/20110628_1200.nc,2011-06-28 12:00:00,1
s3://nasa-surya-bench/2011/06/20110629_0000.nc,2011-06-29 00:00:00,1
s3://nasa-surya-bench/2011/06/20110629_1200.nc,2011-06-29 12:00:00,1
s3://nasa-surya-bench/2011/06/20110630_0000.nc,2011-06-30 00:00:00,1
s3://nasa-surya-bench/2011/06/20110630_1200.nc,2011-06-30 12:00:00,1
s3://nasa-surya-bench/2011/06/20110630_1800.nc,2011-06-30 18:00:00,1
s3://nasa-surya-bench/2011/07/20110701_0000.nc,2011-07-01 00:00:00,1
s3://nasa-surya-bench/2011/07/20110701_0600.nc,2011-07-01 06:00:00,1
s3://nasa-surya-bench/2011/07/20110701_1200.nc,2011-07-01 12:00:00,1
s3://nasa-surya-bench/2011/07/20110701_1800.nc,2011-07-01 18:00:00,1
s3://nasa-surya-bench/2011/07/20110702_0000.nc,2011-07-02 00:00:00,1
s3://nasa-surya-bench/2011/07/20110702_0600.nc,2011-07-02 06:00:00,1
s3://nasa-surya-bench/2011/07/20110702_1200.nc,2011-07-02 12:00:00,1
s3://nasa-surya-bench/2011/07/20110702_1800.nc,2011-07-02 18:00:00,1
s3://nasa-surya-bench/2011/07/20110703_0000.nc,2011-07-03 00:00:00,1
s3://nasa-surya-bench/2011/07/20110703_0600.nc,2011-07-03 06:00:00,1
s3://nasa-surya-bench/2011/07/20110703_1200.nc,2011-07-03 12:00:00,1
s3://nasa-surya-bench/2011/07/20110703_1800.nc,2011-07-03 18:00:00,1
s3://nasa-surya-bench/2011/07/20110704_0000.nc,2011-07-04 00:00:00,1
s3://nasa-surya-bench/2011/07/20110704_0600.nc,2011-07-04 06:00:00,1
s3://nasa-surya-bench/2011/07/20110704_1200.nc,2011-07-04 12:00:00,1
s3://nasa-surya-bench/2011/07/20110704_1800.nc,2011-07-04 18:00:00,1
s3://nasa-surya-bench/2011/07/20110705_0000.nc,2011-07-05 00:00:00,1
s3://nasa-surya-bench/2011/07/20110705_0600.nc,2011-07-05 06:00:00,1
s3://nasa-surya-bench/2011/07/20110705_1200.nc,2011-07-05 12:00:00,1
s3://nasa-surya-bench/2011/07/20110705_1800.nc,2011-07-05 18:00:00,1
s3://nasa-surya-bench/2011/07/20110706_0000.nc,2011-07-06 00:00:00,1
s3://nasa-surya-bench/2011/07/20110706_0600.nc,2011-07-06 06:00:00,1
s3://nasa-surya-bench/2011/07/20110706_1200.nc,2011-07-06 12:00:00,1
s3://nasa-surya-bench/2011/07/20110706_1800.nc,2011-07-06 18:00:00,1
s3://nasa-surya-bench/2011/07/20110707_0000.nc,2011-07-07 00:00:00,1
s3://nasa-surya-bench/2011/07/20110707_0600.nc,2011-07-07 06:00:00,1
s3://nasa-surya-bench/2011/07/20110707_1200.nc,2011-07-07 12:00:00,1
s3://nasa-surya-bench/2011/07/20110707_1800.nc,2011-07-07 18:00:00,1
s3://nasa-surya-bench/2011/07/20110708_0000.nc,2011-07-08 00:00:00,1
s3://nasa-surya-bench/2011/07/20110708_0600.nc,2011-07-08 06:00:00,1
s3://nasa-surya-bench/2011/07/20110708_1200.nc,2011-07-08 12:00:00,1
s3://nasa-surya-bench/2011/07/20110708_1800.nc,2011-07-08 18:00:00,1
s3://nasa-surya-bench/2011/07/20110709_0000.nc,2011-07-09 00:00:00,1
s3://nasa-surya-bench/2011/07/20110709_0600.nc,2011-07-09 06:00:00,1
s3://nasa-surya-bench/2011/07/20110709_1200.nc,2011-07-09 12:00:00,1
s3://nasa-surya-bench/2011/07/20110709_1800.nc,2011-07-09 18:00:00,1
s3://nasa-surya-bench/2011/07/20110710_0000.nc,2011-07-10 00:00:00,1
s3://nasa-surya-bench/2011/07/20110710_0600.nc,2011-07-10 06:00:00,1
s3://nasa-surya-bench/2011/07/20110710_1200.nc,2011-07-10 12:00:00,1
s3://nasa-surya-bench/2011/07/20110710_1800.nc,2011-07-10 18:00:00,1
s3://nasa-surya-bench/2011/07/20110711_0000.nc,2011-07-11 00:00:00,1
s3://nasa-surya-bench/2011/07/20110711_0600.nc,2011-07-11 06:00:00,1
s3://nasa-surya-bench/2011/07/20110711_1200.nc,2011-07-11 12:00:00,1
s3://nasa-surya-bench/2011/07/20110711_1800.nc,2011-07-11 18:00:00,1
s3://nasa-surya-bench/2011/07/20110712_0000.nc,2011-07-12 00:00:00,1
s3://nasa-surya-bench/2011/07/20110712_0600.nc,2011-07-12 06:00:00,1
s3://nasa-surya-bench/2011/07/20110712_1200.nc,2011-07-12 12:00:00,1
s3://nasa-surya-bench/2011/07/20110712_1800.nc,2011-07-12 18:00:00,1
s3://nasa-surya-bench/2011/07/20110713_0000.nc,2011-07-13 00:00:00,1
s3://nasa-surya-bench/2011/07/20110713_0600.nc,2011-07-13 06:00:00,1
s3://nasa-surya-bench/2011/07/20110713_1200.nc,2011-07-13 12:00:00,1
s3://nasa-surya-bench/2011/07/20110713_1800.nc,2011-07-13 18:00:00,1
s3://nasa-surya-bench/2011/07/20110714_0000.nc,2011-07-14 00:00:00,1
s3://nasa-surya-bench/2011/07/20110714_0600.nc,2011-07-14 06:00:00,1
s3://nasa-surya-bench/2011/07/20110714_1200.nc,2011-07-14 12:00:00,1
s3://nasa-surya-bench/2011/07/20110714_1800.nc,2011-07-14 18:00:00,1
s3://nasa-surya-bench/2011/07/20110715_0000.nc,2011-07-15 00:00:00,1
s3://nasa-surya-bench/2011/07/20110715_0600.nc,2011-07-15 06:00:00,1
s3://nasa-surya-bench/2011/07/20110715_1200.nc,2011-07-15 12:00:00,1
s3://nasa-surya-bench/2011/07/20110715_1800.nc,2011-07-15 18:00:00,1
s3://nasa-surya-bench/2011/07/20110716_0000.nc,2011-07-16 00:00:00,1
s3://nasa-surya-bench/2011/07/20110716_0600.nc,2011-07-16 06:00:00,1
s3://nasa-surya-bench/2011/07/20110716_1200.nc,2011-07-16 12:00:00,1
s3://nasa-surya-bench/2011/07/20110716_1800.nc,2011-07-16 18:00:00,1
s3://nasa-surya-bench/2011/07/20110717_0000.nc,2011-07-17 00:00:00,1
s3://nasa-surya-bench/2011/07/20110717_0600.nc,2011-07-17 06:00:00,1
s3://nasa-surya-bench/2011/07/20110717_1200.nc,2011-07-17 12:00:00,1
s3://nasa-surya-bench/2011/07/20110717_1800.nc,2011-07-17 18:00:00,1
s3://nasa-surya-bench/2011/07/20110718_0000.nc,2011-07-18 00:00:00,1
s3://nasa-surya-bench/2011/07/20110718_0600.nc,2011-07-18 06:00:00,1
s3://nasa-surya-bench/2011/07/20110718_1200.nc,2011-07-18 12:00:00,1
s3://nasa-surya-bench/2011/07/20110718_1800.nc,2011-07-18 18:00:00,1
s3://nasa-surya-bench/2011/07/20110719_0000.nc,2011-07-19 00:00:00,1
s3://nasa-surya-bench/2011/07/20110719_0600.nc,2011-07-19 06:00:00,1
s3://nasa-surya-bench/2011/07/20110719_1200.nc,2011-07-19 12:00:00,1
s3://nasa-surya-bench/2011/07/20110719_1800.nc,2011-07-19 18:00:00,1
s3://nasa-surya-bench/2011/07/20110720_0000.nc,2011-07-20 00:00:00,1
s3://nasa-surya-bench/2011/07/20110720_0600.nc,2011-07-20 06:00:00,1
s3://nasa-surya-bench/2011/07/20110720_1200.nc,2011-07-20 12:00:00,1
s3://nasa-surya-bench/2011/07/20110721_0000.nc,2011-07-21 00:00:00,1
s3://nasa-surya-bench/2011/07/20110721_0600.nc,2011-07-21 06:00:00,1
s3://nasa-surya-bench/2011/07/20110721_1200.nc,2011-07-21 12:00:00,1
s3://nasa-surya-bench/2011/07/20110721_1800.nc,2011-07-21 18:00:00,1
s3://nasa-surya-bench/2011/07/20110722_0000.nc,2011-07-22 00:00:00,1
s3://nasa-surya-bench/2011/07/20110722_0600.nc,2011-07-22 06:00:00,1
s3://nasa-surya-bench/2011/07/20110722_1200.nc,2011-07-22 12:00:00,1
s3://nasa-surya-bench/2011/07/20110722_1800.nc,2011-07-22 18:00:00,1
s3://nasa-surya-bench/2011/07/20110723_0000.nc,2011-07-23 00:00:00,1
s3://nasa-surya-bench/2011/07/20110723_0600.nc,2011-07-23 06:00:00,1
s3://nasa-surya-bench/2011/07/20110723_1200.nc,2011-07-23 12:00:00,1
s3://nasa-surya-bench/2011/07/20110723_1800.nc,2011-07-23 18:00:00,1
s3://nasa-surya-bench/2011/07/20110724_0000.nc,2011-07-24 00:00:00,1
s3://nasa-surya-bench/2011/07/20110724_0600.nc,2011-07-24 06:00:00,1
s3://nasa-surya-bench/2011/07/20110724_1200.nc,2011-07-24 12:00:00,1
s3://nasa-surya-bench/2011/07/20110724_1800.nc,2011-07-24 18:00:00,1
s3://nasa-surya-bench/2011/07/20110725_0000.nc,2011-07-25 00:00:00,1
s3://nasa-surya-bench/2011/07/20110725_0600.nc,2011-07-25 06:00:00,1
s3://nasa-surya-bench/2011/07/20110725_1200.nc,2011-07-25 12:00:00,1
s3://nasa-surya-bench/2011/07/20110725_1800.nc,2011-07-25 18:00:00,1
s3://nasa-surya-bench/2011/07/20110726_0000.nc,2011-07-26 00:00:00,1
s3://nasa-surya-bench/2011/07/20110726_0600.nc,2011-07-26 06:00:00,1
s3://nasa-surya-bench/2011/07/20110726_1200.nc,2011-07-26 12:00:00,1
s3://nasa-surya-bench/2011/07/20110726_1800.nc,2011-07-26 18:00:00,1
s3://nasa-surya-bench/2011/07/20110727_0000.nc,2011-07-27 00:00:00,1
s3://nasa-surya-bench/2011/07/20110727_0600.nc,2011-07-27 06:00:00,1
s3://nasa-surya-bench/2011/07/20110727_1200.nc,2011-07-27 12:00:00,1
s3://nasa-surya-bench/2011/07/20110727_1800.nc,2011-07-27 18:00:00,1
s3://nasa-surya-bench/2011/07/20110728_0000.nc,2011-07-28 00:00:00,1
s3://nasa-surya-bench/2011/07/20110728_0600.nc,2011-07-28 06:00:00,1
s3://nasa-surya-bench/2011/07/20110728_1200.nc,2011-07-28 12:00:00,1
s3://nasa-surya-bench/2011/07/20110728_1800.nc,2011-07-28 18:00:00,1
s3://nasa-surya-bench/2011/07/20110729_0000.nc,2011-07-29 00:00:00,1
s3://nasa-surya-bench/2011/07/20110729_0600.nc,2011-07-29 06:00:00,1
s3://nasa-surya-bench/2011/07/20110729_1200.nc,2011-07-29 12:00:00,1
s3://nasa-surya-bench/2011/07/20110729_1800.nc,2011-07-29 18:00:00,1
s3://nasa-surya-bench/2011/07/20110730_0000.nc,2011-07-30 00:00:00,1
s3://nasa-surya-bench/2011/07/20110730_0600.nc,2011-07-30 06:00:00,1
s3://nasa-surya-bench/2011/07/20110730_1200.nc,2011-07-30 12:00:00,1
s3://nasa-surya-bench/2011/07/20110730_1800.nc,2011-07-30 18:00:00,1
s3://nasa-surya-bench/2011/07/20110731_0000.nc,2011-07-31 00:00:00,1
s3://nasa-surya-bench/2011/07/20110731_0600.nc,2011-07-31 06:00:00,1
s3://nasa-surya-bench/2011/07/20110731_1200.nc,2011-07-31 12:00:00,1
s3://nasa-surya-bench/2011/07/20110731_1800.nc,2011-07-31 18:00:00,1
s3://nasa-surya-bench/2011/08/20110801_0000.nc,2011-08-01 00:00:00,1
s3://nasa-surya-bench/2011/08/20110801_0600.nc,2011-08-01 06:00:00,1
s3://nasa-surya-bench/2011/08/20110801_1200.nc,2011-08-01 12:00:00,1
s3://nasa-surya-bench/2011/08/20110801_1800.nc,2011-08-01 18:00:00,1
s3://nasa-surya-bench/2011/08/20110802_0000.nc,2011-08-02 00:00:00,1
s3://nasa-surya-bench/2011/08/20110802_0600.nc,2011-08-02 06:00:00,1
s3://nasa-surya-bench/2011/08/20110802_1200.nc,2011-08-02 12:00:00,1
s3://nasa-surya-bench/2011/08/20110802_1800.nc,2011-08-02 18:00:00,1
s3://nasa-surya-bench/2011/08/20110803_0000.nc,2011-08-03 00:00:00,1
s3://nasa-surya-bench/2011/08/20110803_0600.nc,2011-08-03 06:00:00,1
s3://nasa-surya-bench/2011/08/20110803_1200.nc,2011-08-03 12:00:00,1
s3://nasa-surya-bench/2011/08/20110803_1800.nc,2011-08-03 18:00:00,1
s3://nasa-surya-bench/2011/08/20110804_0000.nc,2011-08-04 00:00:00,1
s3://nasa-surya-bench/2011/08/20110804_0600.nc,2011-08-04 06:00:00,1
s3://nasa-surya-bench/2011/08/20110804_1200.nc,2011-08-04 12:00:00,1
s3://nasa-surya-bench/2011/08/20110804_1800.nc,2011-08-04 18:00:00,1
s3://nasa-surya-bench/2011/08/20110805_0000.nc,2011-08-05 00:00:00,1
s3://nasa-surya-bench/2011/08/20110805_0600.nc,2011-08-05 06:00:00,1
s3://nasa-surya-bench/2011/08/20110805_1200.nc,2011-08-05 12:00:00,1
s3://nasa-surya-bench/2011/08/20110805_1800.nc,2011-08-05 18:00:00,1
s3://nasa-surya-bench/2011/08/20110806_0000.nc,2011-08-06 00:00:00,1
s3://nasa-surya-bench/2011/08/20110806_0600.nc,2011-08-06 06:00:00,1
s3://nasa-surya-bench/2011/08/20110806_1200.nc,2011-08-06 12:00:00,1
s3://nasa-surya-bench/2011/08/20110806_1800.nc,2011-08-06 18:00:00,1
s3://nasa-surya-bench/2011/08/20110807_0000.nc,2011-08-07 00:00:00,1
s3://nasa-surya-bench/2011/08/20110807_0600.nc,2011-08-07 06:00:00,1
s3://nasa-surya-bench/2011/08/20110807_1200.nc,2011-08-07 12:00:00,1
s3://nasa-surya-bench/2011/08/20110807_1800.nc,2011-08-07 18:00:00,1
s3://nasa-surya-bench/2011/08/20110808_0000.nc,2011-08-08 00:00:00,1
s3://nasa-surya-bench/2011/08/20110808_0600.nc,2011-08-08 06:00:00,1
s3://nasa-surya-bench/2011/08/20110808_1200.nc,2011-08-08 12:00:00,1
s3://nasa-surya-bench/2011/08/20110808_1800.nc,2011-08-08 18:00:00,1
s3://nasa-surya-bench/2011/08/20110809_0000.nc,2011-08-09 00:00:00,1
s3://nasa-surya-bench/2011/08/20110809_0600.nc,2011-08-09 06:00:00,1
s3://nasa-surya-bench/2011/08/20110809_1200.nc,2011-08-09 12:00:00,1
s3://nasa-surya-bench/2011/08/20110809_1800.nc,2011-08-09 18:00:00,1
s3://nasa-surya-bench/2011/08/20110810_0000.nc,2011-08-10 00:00:00,1
s3://nasa-surya-bench/2011/08/20110810_0600.nc,2011-08-10 06:00:00,1
s3://nasa-surya-bench/2011/08/20110810_1200.nc,2011-08-10 12:00:00,1
s3://nasa-surya-bench/2011/08/20110810_1800.nc,2011-08-10 18:00:00,1
s3://nasa-surya-bench/2011/08/20110811_0000.nc,2011-08-11 00:00:00,1
s3://nasa-surya-bench/2011/08/20110811_0600.nc,2011-08-11 06:00:00,1
s3://nasa-surya-bench/2011/08/20110811_1200.nc,2011-08-11 12:00:00,1
s3://nasa-surya-bench/2011/08/20110811_1800.nc,2011-08-11 18:00:00,1
s3://nasa-surya-bench/2011/08/20110812_0000.nc,2011-08-12 00:00:00,1
s3://nasa-surya-bench/2011/08/20110812_0600.nc,2011-08-12 06:00:00,1
s3://nasa-surya-bench/2011/08/20110812_1200.nc,2011-08-12 12:00:00,1
s3://nasa-surya-bench/2011/08/20110812_1800.nc,2011-08-12 18:00:00,1
s3://nasa-surya-bench/2011/08/20110813_0000.nc,2011-08-13 00:00:00,1
s3://nasa-surya-bench/2011/08/20110813_0600.nc,2011-08-13 06:00:00,1
s3://nasa-surya-bench/2011/08/20110813_1200.nc,2011-08-13 12:00:00,1
s3://nasa-surya-bench/2011/08/20110813_1800.nc,2011-08-13 18:00:00,1
s3://nasa-surya-bench/2011/08/20110814_0000.nc,2011-08-14 00:00:00,1
s3://nasa-surya-bench/2011/08/20110814_0600.nc,2011-08-14 06:00:00,1
s3://nasa-surya-bench/2011/08/20110814_1200.nc,2011-08-14 12:00:00,1
s3://nasa-surya-bench/2011/08/20110814_1800.nc,2011-08-14 18:00:00,1
s3://nasa-surya-bench/2011/08/20110815_0000.nc,2011-08-15 00:00:00,1
s3://nasa-surya-bench/2011/08/20110815_0600.nc,2011-08-15 06:00:00,1
s3://nasa-surya-bench/2011/08/20110815_1200.nc,2011-08-15 12:00:00,1
s3://nasa-surya-bench/2011/08/20110815_1800.nc,2011-08-15 18:00:00,1
s3://nasa-surya-bench/2011/08/20110816_0000.nc,2011-08-16 00:00:00,1
s3://nasa-surya-bench/2011/08/20110816_0600.nc,2011-08-16 06:00:00,1
s3://nasa-surya-bench/2011/08/20110816_1200.nc,2011-08-16 12:00:00,1
s3://nasa-surya-bench/2011/08/20110816_1800.nc,2011-08-16 18:00:00,1
s3://nasa-surya-bench/2011/08/20110817_0000.nc,2011-08-17 00:00:00,1
s3://nasa-surya-bench/2011/08/20110817_0600.nc,2011-08-17 06:00:00,1
s3://nasa-surya-bench/2011/08/20110817_1200.nc,2011-08-17 12:00:00,1
s3://nasa-surya-bench/2011/08/20110817_1800.nc,2011-08-17 18:00:00,1
s3://nasa-surya-bench/2011/08/20110818_0000.nc,2011-08-18 00:00:00,1
s3://nasa-surya-bench/2011/08/20110818_0600.nc,2011-08-18 06:00:00,1
s3://nasa-surya-bench/2011/08/20110818_1200.nc,2011-08-18 12:00:00,1
s3://nasa-surya-bench/2011/08/20110818_1800.nc,2011-08-18 18:00:00,1
s3://nasa-surya-bench/2011/08/20110819_0000.nc,2011-08-19 00:00:00,1
s3://nasa-surya-bench/2011/08/20110819_0600.nc,2011-08-19 06:00:00,1
s3://nasa-surya-bench/2011/08/20110819_1200.nc,2011-08-19 12:00:00,1
s3://nasa-surya-bench/2011/08/20110819_1800.nc,2011-08-19 18:00:00,1
s3://nasa-surya-bench/2011/08/20110820_0000.nc,2011-08-20 00:00:00,1
s3://nasa-surya-bench/2011/08/20110820_0600.nc,2011-08-20 06:00:00,1
s3://nasa-surya-bench/2011/08/20110820_1200.nc,2011-08-20 12:00:00,1
s3://nasa-surya-bench/2011/08/20110820_1800.nc,2011-08-20 18:00:00,1
s3://nasa-surya-bench/2011/08/20110821_0000.nc,2011-08-21 00:00:00,1
s3://nasa-surya-bench/2011/08/20110821_0600.nc,2011-08-21 06:00:00,1
s3://nasa-surya-bench/2011/08/20110821_1200.nc,2011-08-21 12:00:00,1
s3://nasa-surya-bench/2011/08/20110821_1800.nc,2011-08-21 18:00:00,1
s3://nasa-surya-bench/2011/08/20110822_0000.nc,2011-08-22 00:00:00,1
s3://nasa-surya-bench/2011/08/20110822_0600.nc,2011-08-22 06:00:00,1
s3://nasa-surya-bench/2011/08/20110822_1200.nc,2011-08-22 12:00:00,1
s3://nasa-surya-bench/2011/08/20110822_1800.nc,2011-08-22 18:00:00,1
s3://nasa-surya-bench/2011/08/20110823_0600.nc,2011-08-23 06:00:00,1
s3://nasa-surya-bench/2011/08/20110823_1200.nc,2011-08-23 12:00:00,1
s3://nasa-surya-bench/2011/08/20110823_1800.nc,2011-08-23 18:00:00,1
s3://nasa-surya-bench/2011/08/20110824_0000.nc,2011-08-24 00:00:00,1
s3://nasa-surya-bench/2011/08/20110824_0600.nc,2011-08-24 06:00:00,1
s3://nasa-surya-bench/2011/08/20110824_1200.nc,2011-08-24 12:00:00,1
s3://nasa-surya-bench/2011/08/20110824_1800.nc,2011-08-24 18:00:00,1
s3://nasa-surya-bench/2011/08/20110825_0000.nc,2011-08-25 00:00:00,1
s3://nasa-surya-bench/2011/08/20110825_0600.nc,2011-08-25 06:00:00,1
s3://nasa-surya-bench/2011/08/20110825_1200.nc,2011-08-25 12:00:00,1
s3://nasa-surya-bench/2011/08/20110825_1800.nc,2011-08-25 18:00:00,1
s3://nasa-surya-bench/2011/08/20110826_0000.nc,2011-08-26 00:00:00,1
s3://nasa-surya-bench/2011/08/20110826_0600.nc,2011-08-26 06:00:00,1
s3://nasa-surya-bench/2011/08/20110826_1200.nc,2011-08-26 12:00:00,1
s3://nasa-surya-bench/2011/08/20110827_0000.nc,2011-08-27 00:00:00,1
s3://nasa-surya-bench/2011/08/20110827_0600.nc,2011-08-27 06:00:00,1
s3://nasa-surya-bench/2011/08/20110827_1200.nc,2011-08-27 12:00:00,1
s3://nasa-surya-bench/2011/08/20110827_1800.nc,2011-08-27 18:00:00,1
s3://nasa-surya-bench/2011/08/20110828_0000.nc,2011-08-28 00:00:00,1
s3://nasa-surya-bench/2011/08/20110828_0600.nc,2011-08-28 06:00:00,1
s3://nasa-surya-bench/2011/08/20110828_1200.nc,2011-08-28 12:00:00,1
s3://nasa-surya-bench/2011/08/20110828_1800.nc,2011-08-28 18:00:00,1
s3://nasa-surya-bench/2011/08/20110829_0000.nc,2011-08-29 00:00:00,1
s3://nasa-surya-bench/2011/08/20110829_0600.nc,2011-08-29 06:00:00,1
s3://nasa-surya-bench/2011/08/20110829_1200.nc,2011-08-29 12:00:00,1
s3://nasa-surya-bench/2011/08/20110829_1800.nc,2011-08-29 18:00:00,1
s3://nasa-surya-bench/2011/08/20110830_0000.nc,2011-08-30 00:00:00,1
s3://nasa-surya-bench/2011/08/20110830_0600.nc,2011-08-30 06:00:00,1
s3://nasa-surya-bench/2011/08/20110830_1200.nc,2011-08-30 12:00:00,1
s3://nasa-surya-bench/2011/08/20110830_1800.nc,2011-08-30 18:00:00,1
s3://nasa-surya-bench/2011/08/20110831_0000.nc,2011-08-31 00:00:00,1
s3://nasa-surya-bench/2011/08/20110831_0600.nc,2011-08-31 06:00:00,1
s3://nasa-surya-bench/2011/08/20110831_1200.nc,2011-08-31 12:00:00,1
s3://nasa-surya-bench/2011/08/20110831_1800.nc,2011-08-31 18:00:00,1
s3://nasa-surya-bench/2011/09/20110901_0000.nc,2011-09-01 00:00:00,1
s3://nasa-surya-bench/2011/09/20110901_0600.nc,2011-09-01 06:00:00,1
s3://nasa-surya-bench/2011/09/20110901_1200.nc,2011-09-01 12:00:00,1
s3://nasa-surya-bench/2011/09/20110901_1800.nc,2011-09-01 18:00:00,1
s3://nasa-surya-bench/2011/09/20110902_0000.nc,2011-09-02 00:00:00,1
s3://nasa-surya-bench/2011/09/20110902_0600.nc,2011-09-02 06:00:00,1
s3://nasa-surya-bench/2011/09/20110902_1200.nc,2011-09-02 12:00:00,1
s3://nasa-surya-bench/2011/09/20110902_1800.nc,2011-09-02 18:00:00,1
s3://nasa-surya-bench/2011/09/20110903_0000.nc,2011-09-03 00:00:00,1
s3://nasa-surya-bench/2011/09/20110903_0600.nc,2011-09-03 06:00:00,1
s3://nasa-surya-bench/2011/09/20110903_1200.nc,2011-09-03 12:00:00,1
s3://nasa-surya-bench/2011/09/20110903_1800.nc,2011-09-03 18:00:00,1
s3://nasa-surya-bench/2011/09/20110904_0000.nc,2011-09-04 00:00:00,1
s3://nasa-surya-bench/2011/09/20110904_0600.nc,2011-09-04 06:00:00,1
s3://nasa-surya-bench/2011/09/20110904_1200.nc,2011-09-04 12:00:00,1
s3://nasa-surya-bench/2011/09/20110904_1800.nc,2011-09-04 18:00:00,1
s3://nasa-surya-bench/2011/09/20110905_0000.nc,2011-09-05 00:00:00,1
s3://nasa-surya-bench/2011/09/20110905_0600.nc,2011-09-05 06:00:00,1
s3://nasa-surya-bench/2011/09/20110905_1200.nc,2011-09-05 12:00:00,1
s3://nasa-surya-bench/2011/09/20110905_1800.nc,2011-09-05 18:00:00,1
s3://nasa-surya-bench/2011/09/20110906_0000.nc,2011-09-06 00:00:00,1
s3://nasa-surya-bench/2011/09/20110906_0600.nc,2011-09-06 06:00:00,1
s3://nasa-surya-bench/2011/09/20110906_1200.nc,2011-09-06 12:00:00,1
s3://nasa-surya-bench/2011/09/20110906_1800.nc,2011-09-06 18:00:00,1
s3://nasa-surya-bench/2011/09/20110907_0000.nc,2011-09-07 00:00:00,1
s3://nasa-surya-bench/2011/09/20110907_0600.nc,2011-09-07 06:00:00,1
s3://nasa-surya-bench/2011/09/20110907_1200.nc,2011-09-07 12:00:00,1
s3://nasa-surya-bench/2011/09/20110907_1800.nc,2011-09-07 18:00:00,1
s3://nasa-surya-bench/2011/09/20110908_0000.nc,2011-09-08 00:00:00,1
s3://nasa-surya-bench/2011/09/20110908_0600.nc,2011-09-08 06:00:00,1
s3://nasa-surya-bench/2011/09/20110908_1200.nc,2011-09-08 12:00:00,1
s3://nasa-surya-bench/2011/09/20110908_1800.nc,2011-09-08 18:00:00,1
s3://nasa-surya-bench/2011/09/20110909_0000.nc,2011-09-09 00:00:00,1
s3://nasa-surya-bench/2011/09/20110909_0600.nc,2011-09-09 06:00:00,1
s3://nasa-surya-bench/2011/09/20110909_1200.nc,2011-09-09 12:00:00,1
s3://nasa-surya-bench/2011/09/20110909_1800.nc,2011-09-09 18:00:00,1
s3://nasa-surya-bench/2011/09/20110910_0000.nc,2011-09-10 00:00:00,1
s3://nasa-surya-bench/2011/09/20110910_0600.nc,2011-09-10 06:00:00,1
s3://nasa-surya-bench/2011/09/20110910_1200.nc,2011-09-10 12:00:00,1
s3://nasa-surya-bench/2011/09/20110910_1800.nc,2011-09-10 18:00:00,1
s3://nasa-surya-bench/2011/09/20110911_0000.nc,2011-09-11 00:00:00,1
s3://nasa-surya-bench/2011/09/20110911_0600.nc,2011-09-11 06:00:00,1
s3://nasa-surya-bench/2011/09/20110911_1200.nc,2011-09-11 12:00:00,1
s3://nasa-surya-bench/2011/09/20110911_1800.nc,2011-09-11 18:00:00,1
s3://nasa-surya-bench/2011/09/20110912_0000.nc,2011-09-12 00:00:00,1
s3://nasa-surya-bench/2011/09/20110912_0600.nc,2011-09-12 06:00:00,1
s3://nasa-surya-bench/2011/09/20110912_1200.nc,2011-09-12 12:00:00,1
s3://nasa-surya-bench/2011/09/20110912_1800.nc,2011-09-12 18:00:00,1
s3://nasa-surya-bench/2011/09/20110913_0000.nc,2011-09-13 00:00:00,1
s3://nasa-surya-bench/2011/09/20110913_0600.nc,2011-09-13 06:00:00,1
s3://nasa-surya-bench/2011/09/20110913_1200.nc,2011-09-13 12:00:00,1
s3://nasa-surya-bench/2011/09/20110913_1800.nc,2011-09-13 18:00:00,1
s3://nasa-surya-bench/2011/09/20110914_0000.nc,2011-09-14 00:00:00,1
s3://nasa-surya-bench/2011/09/20110914_0600.nc,2011-09-14 06:00:00,1
s3://nasa-surya-bench/2011/09/20110914_1200.nc,2011-09-14 12:00:00,1
s3://nasa-surya-bench/2011/09/20110914_1800.nc,2011-09-14 18:00:00,1
s3://nasa-surya-bench/2011/09/20110915_0000.nc,2011-09-15 00:00:00,1
s3://nasa-surya-bench/2011/09/20110915_0600.nc,2011-09-15 06:00:00,1
s3://nasa-surya-bench/2011/09/20110915_1200.nc,2011-09-15 12:00:00,1
s3://nasa-surya-bench/2011/09/20110915_1800.nc,2011-09-15 18:00:00,1
s3://nasa-surya-bench/2011/09/20110916_0000.nc,2011-09-16 00:00:00,1
s3://nasa-surya-bench/2011/09/20110916_0600.nc,2011-09-16 06:00:00,1
s3://nasa-surya-bench/2011/09/20110916_1200.nc,2011-09-16 12:00:00,1
s3://nasa-surya-bench/2011/09/20110916_1800.nc,2011-09-16 18:00:00,1
s3://nasa-surya-bench/2011/09/20110917_0000.nc,2011-09-17 00:00:00,1
s3://nasa-surya-bench/2011/09/20110917_0600.nc,2011-09-17 06:00:00,1
s3://nasa-surya-bench/2011/09/20110917_1200.nc,2011-09-17 12:00:00,1
s3://nasa-surya-bench/2011/09/20110917_1800.nc,2011-09-17 18:00:00,1
s3://nasa-surya-bench/2011/09/20110918_0000.nc,2011-09-18 00:00:00,1
s3://nasa-surya-bench/2011/09/20110918_0600.nc,2011-09-18 06:00:00,1
s3://nasa-surya-bench/2011/09/20110918_1200.nc,2011-09-18 12:00:00,1
s3://nasa-surya-bench/2011/09/20110918_1800.nc,2011-09-18 18:00:00,1
s3://nasa-surya-bench/2011/09/20110919_0000.nc,2011-09-19 00:00:00,1
s3://nasa-surya-bench/2011/09/20110919_0600.nc,2011-09-19 06:00:00,1
s3://nasa-surya-bench/2011/09/20110919_1200.nc,2011-09-19 12:00:00,1
s3://nasa-surya-bench/2011/09/20110919_1800.nc,2011-09-19 18:00:00,1
s3://nasa-surya-bench/2011/09/20110920_0000.nc,2011-09-20 00:00:00,1
s3://nasa-surya-bench/2011/09/20110920_0600.nc,2011-09-20 06:00:00,1
s3://nasa-surya-bench/2011/09/20110920_1200.nc,2011-09-20 12:00:00,1
s3://nasa-surya-bench/2011/09/20110920_1800.nc,2011-09-20 18:00:00,1
s3://nasa-surya-bench/2011/09/20110921_0000.nc,2011-09-21 00:00:00,1
s3://nasa-surya-bench/2011/09/20110921_1200.nc,2011-09-21 12:00:00,1
s3://nasa-surya-bench/2011/09/20110921_1800.nc,2011-09-21 18:00:00,1
s3://nasa-surya-bench/2011/09/20110922_0000.nc,2011-09-22 00:00:00,1
s3://nasa-surya-bench/2011/09/20110922_1200.nc,2011-09-22 12:00:00,1
s3://nasa-surya-bench/2011/09/20110922_1800.nc,2011-09-22 18:00:00,1
s3://nasa-surya-bench/2011/09/20110923_0000.nc,2011-09-23 00:00:00,1
s3://nasa-surya-bench/2011/09/20110923_1200.nc,2011-09-23 12:00:00,1
s3://nasa-surya-bench/2011/09/20110923_1800.nc,2011-09-23 18:00:00,1
s3://nasa-surya-bench/2011/09/20110924_0000.nc,2011-09-24 00:00:00,1
s3://nasa-surya-bench/2011/09/20110924_1200.nc,2011-09-24 12:00:00,1
s3://nasa-surya-bench/2011/09/20110924_1800.nc,2011-09-24 18:00:00,1
s3://nasa-surya-bench/2011/09/20110925_0000.nc,2011-09-25 00:00:00,1
s3://nasa-surya-bench/2011/09/20110925_1200.nc,2011-09-25 12:00:00,1
s3://nasa-surya-bench/2011/09/20110925_1800.nc,2011-09-25 18:00:00,1
s3://nasa-surya-bench/2011/09/20110926_0000.nc,2011-09-26 00:00:00,1
s3://nasa-surya-bench/2011/09/20110926_1200.nc,2011-09-26 12:00:00,1
s3://nasa-surya-bench/2011/09/20110926_1800.nc,2011-09-26 18:00:00,1
s3://nasa-surya-bench/2011/09/20110927_0000.nc,2011-09-27 00:00:00,1
s3://nasa-surya-bench/2011/09/20110927_1200.nc,2011-09-27 12:00:00,1
s3://nasa-surya-bench/2011/09/20110927_1800.nc,2011-09-27 18:00:00,1
s3://nasa-surya-bench/2011/09/20110928_0000.nc,2011-09-28 00:00:00,1
s3://nasa-surya-bench/2011/09/20110928_1800.nc,2011-09-28 18:00:00,1
s3://nasa-surya-bench/2011/09/20110929_0000.nc,2011-09-29 00:00:00,1
s3://nasa-surya-bench/2011/09/20110929_1200.nc,2011-09-29 12:00:00,1
s3://nasa-surya-bench/2011/09/20110929_1800.nc,2011-09-29 18:00:00,1
s3://nasa-surya-bench/2011/09/20110930_0000.nc,2011-09-30 00:00:00,1
s3://nasa-surya-bench/2011/09/20110930_1200.nc,2011-09-30 12:00:00,1
s3://nasa-surya-bench/2011/09/20110930_1800.nc,2011-09-30 18:00:00,1
s3://nasa-surya-bench/2011/10/20111001_0000.nc,2011-10-01 00:00:00,1
s3://nasa-surya-bench/2011/10/20111001_1200.nc,2011-10-01 12:00:00,1
s3://nasa-surya-bench/2011/10/20111001_1800.nc,2011-10-01 18:00:00,1
s3://nasa-surya-bench/2011/10/20111002_0000.nc,2011-10-02 00:00:00,1
s3://nasa-surya-bench/2011/10/20111002_1200.nc,2011-10-02 12:00:00,1
s3://nasa-surya-bench/2011/10/20111002_1800.nc,2011-10-02 18:00:00,1
s3://nasa-surya-bench/2011/10/20111003_0000.nc,2011-10-03 00:00:00,1
s3://nasa-surya-bench/2011/10/20111003_1200.nc,2011-10-03 12:00:00,1
s3://nasa-surya-bench/2011/10/20111003_1800.nc,2011-10-03 18:00:00,1
s3://nasa-surya-bench/2011/10/20111004_0000.nc,2011-10-04 00:00:00,1
s3://nasa-surya-bench/2011/10/20111004_0600.nc,2011-10-04 06:00:00,1
s3://nasa-surya-bench/2011/10/20111004_1200.nc,2011-10-04 12:00:00,1
s3://nasa-surya-bench/2011/10/20111006_0600.nc,2011-10-06 06:00:00,1
s3://nasa-surya-bench/2011/10/20111006_1200.nc,2011-10-06 12:00:00,1
s3://nasa-surya-bench/2011/10/20111006_1800.nc,2011-10-06 18:00:00,1
s3://nasa-surya-bench/2011/10/20111007_0000.nc,2011-10-07 00:00:00,1
s3://nasa-surya-bench/2011/10/20111007_0600.nc,2011-10-07 06:00:00,1
s3://nasa-surya-bench/2011/10/20111007_1200.nc,2011-10-07 12:00:00,1
s3://nasa-surya-bench/2011/10/20111007_1800.nc,2011-10-07 18:00:00,1
s3://nasa-surya-bench/2011/10/20111008_0000.nc,2011-10-08 00:00:00,1
s3://nasa-surya-bench/2011/10/20111008_0600.nc,2011-10-08 06:00:00,1
s3://nasa-surya-bench/2011/10/20111008_1200.nc,2011-10-08 12:00:00,1
s3://nasa-surya-bench/2011/10/20111008_1800.nc,2011-10-08 18:00:00,1
s3://nasa-surya-bench/2011/10/20111009_0000.nc,2011-10-09 00:00:00,1
s3://nasa-surya-bench/2011/10/20111009_0600.nc,2011-10-09 06:00:00,1
s3://nasa-surya-bench/2011/10/20111009_1200.nc,2011-10-09 12:00:00,1
s3://nasa-surya-bench/2011/10/20111009_1800.nc,2011-10-09 18:00:00,1
s3://nasa-surya-bench/2011/10/20111010_0000.nc,2011-10-10 00:00:00,1
s3://nasa-surya-bench/2011/10/20111010_0600.nc,2011-10-10 06:00:00,1
s3://nasa-surya-bench/2011/10/20111010_1200.nc,2011-10-10 12:00:00,1
s3://nasa-surya-bench/2011/10/20111010_1800.nc,2011-10-10 18:00:00,1
s3://nasa-surya-bench/2011/10/20111011_0000.nc,2011-10-11 00:00:00,1
s3://nasa-surya-bench/2011/11/20111111_1800.nc,2011-11-11 18:00:00,1
s3://nasa-surya-bench/2011/11/20111112_0000.nc,2011-11-12 00:00:00,1
s3://nasa-surya-bench/2011/11/20111112_0600.nc,2011-11-12 06:00:00,1
s3://nasa-surya-bench/2011/11/20111112_1200.nc,2011-11-12 12:00:00,1
s3://nasa-surya-bench/2011/11/20111112_1800.nc,2011-11-12 18:00:00,1
s3://nasa-surya-bench/2011/11/20111113_0000.nc,2011-11-13 00:00:00,1
s3://nasa-surya-bench/2011/11/20111113_0600.nc,2011-11-13 06:00:00,1
s3://nasa-surya-bench/2011/11/20111113_1200.nc,2011-11-13 12:00:00,1
s3://nasa-surya-bench/2011/11/20111113_1800.nc,2011-11-13 18:00:00,1
s3://nasa-surya-bench/2011/11/20111114_0000.nc,2011-11-14 00:00:00,1
s3://nasa-surya-bench/2011/11/20111114_0600.nc,2011-11-14 06:00:00,1
s3://nasa-surya-bench/2011/11/20111114_1200.nc,2011-11-14 12:00:00,1
s3://nasa-surya-bench/2011/11/20111114_1800.nc,2011-11-14 18:00:00,1
s3://nasa-surya-bench/2011/11/20111115_0000.nc,2011-11-15 00:00:00,1
s3://nasa-surya-bench/2011/11/20111115_0600.nc,2011-11-15 06:00:00,1
s3://nasa-surya-bench/2011/11/20111115_1200.nc,2011-11-15 12:00:00,1
s3://nasa-surya-bench/2011/11/20111115_1800.nc,2011-11-15 18:00:00,1
s3://nasa-surya-bench/2011/11/20111116_0000.nc,2011-11-16 00:00:00,1
s3://nasa-surya-bench/2011/11/20111116_0600.nc,2011-11-16 06:00:00,1
s3://nasa-surya-bench/2011/11/20111116_1200.nc,2011-11-16 12:00:00,1
s3://nasa-surya-bench/2011/11/20111116_1800.nc,2011-11-16 18:00:00,1
s3://nasa-surya-bench/2011/11/20111117_0000.nc,2011-11-17 00:00:00,1
s3://nasa-surya-bench/2011/11/20111117_0600.nc,2011-11-17 06:00:00,1
s3://nasa-surya-bench/2011/11/20111117_1200.nc,2011-11-17 12:00:00,1
s3://nasa-surya-bench/2011/11/20111117_1800.nc,2011-11-17 18:00:00,1
s3://nasa-surya-bench/2011/11/20111118_0000.nc,2011-11-18 00:00:00,1
s3://nasa-surya-bench/2011/11/20111118_0600.nc,2011-11-18 06:00:00,1
s3://nasa-surya-bench/2011/11/20111118_1200.nc,2011-11-18 12:00:00,1
s3://nasa-surya-bench/2011/11/20111118_1800.nc,2011-11-18 18:00:00,1
s3://nasa-surya-bench/2011/11/20111119_0000.nc,2011-11-19 00:00:00,1
s3://nasa-surya-bench/2011/11/20111119_0600.nc,2011-11-19 06:00:00,1
s3://nasa-surya-bench/2011/11/20111119_1200.nc,2011-11-19 12:00:00,1
s3://nasa-surya-bench/2011/11/20111119_1800.nc,2011-11-19 18:00:00,1
s3://nasa-surya-bench/2011/11/20111120_0000.nc,2011-11-20 00:00:00,1
s3://nasa-surya-bench/2011/11/20111120_0600.nc,2011-11-20 06:00:00,1
s3://nasa-surya-bench/2011/11/20111120_1200.nc,2011-11-20 12:00:00,1
s3://nasa-surya-bench/2011/11/20111120_1800.nc,2011-11-20 18:00:00,1
s3://nasa-surya-bench/2011/11/20111121_0000.nc,2011-11-21 00:00:00,1
s3://nasa-surya-bench/2011/11/20111121_0600.nc,2011-11-21 06:00:00,1
s3://nasa-surya-bench/2011/11/20111121_1200.nc,2011-11-21 12:00:00,1
s3://nasa-surya-bench/2011/11/20111121_1800.nc,2011-11-21 18:00:00,1
s3://nasa-surya-bench/2011/11/20111122_0000.nc,2011-11-22 00:00:00,1
s3://nasa-surya-bench/2011/11/20111122_0600.nc,2011-11-22 06:00:00,1
s3://nasa-surya-bench/2011/11/20111122_1200.nc,2011-11-22 12:00:00,1
s3://nasa-surya-bench/2011/11/20111122_1800.nc,2011-11-22 18:00:00,1
s3://nasa-surya-bench/2011/11/20111123_0000.nc,2011-11-23 00:00:00,1
s3://nasa-surya-bench/2011/11/20111123_0600.nc,2011-11-23 06:00:00,1
s3://nasa-surya-bench/2011/11/20111123_1200.nc,2011-11-23 12:00:00,1
s3://nasa-surya-bench/2011/11/20111123_1800.nc,2011-11-23 18:00:00,1
s3://nasa-surya-bench/2011/11/20111124_0000.nc,2011-11-24 00:00:00,1
s3://nasa-surya-bench/2011/11/20111124_0600.nc,2011-11-24 06:00:00,1
s3://nasa-surya-bench/2011/11/20111124_1200.nc,2011-11-24 12:00:00,1
s3://nasa-surya-bench/2011/11/20111124_1800.nc,2011-11-24 18:00:00,1
s3://nasa-surya-bench/2011/11/20111125_0000.nc,2011-11-25 00:00:00,1
s3://nasa-surya-bench/2011/11/20111125_0600.nc,2011-11-25 06:00:00,1
s3://nasa-surya-bench/2011/11/20111125_1200.nc,2011-11-25 12:00:00,1
s3://nasa-surya-bench/2011/11/20111125_1800.nc,2011-11-25 18:00:00,1
s3://nasa-surya-bench/2011/11/20111126_0000.nc,2011-11-26 00:00:00,1
s3://nasa-surya-bench/2011/11/20111126_0600.nc,2011-11-26 06:00:00,1
s3://nasa-surya-bench/2011/11/20111126_1200.nc,2011-11-26 12:00:00,1
s3://nasa-surya-bench/2011/11/20111126_1800.nc,2011-11-26 18:00:00,1
s3://nasa-surya-bench/2011/11/20111127_0000.nc,2011-11-27 00:00:00,1
s3://nasa-surya-bench/2011/11/20111127_0600.nc,2011-11-27 06:00:00,1
s3://nasa-surya-bench/2011/11/20111127_1200.nc,2011-11-27 12:00:00,1
s3://nasa-surya-bench/2011/11/20111127_1800.nc,2011-11-27 18:00:00,1
s3://nasa-surya-bench/2011/11/20111128_0000.nc,2011-11-28 00:00:00,1
s3://nasa-surya-bench/2011/11/20111128_0600.nc,2011-11-28 06:00:00,1
s3://nasa-surya-bench/2011/11/20111128_1200.nc,2011-11-28 12:00:00,1
s3://nasa-surya-bench/2011/11/20111128_1800.nc,2011-11-28 18:00:00,1
s3://nasa-surya-bench/2011/11/20111129_0000.nc,2011-11-29 00:00:00,1
s3://nasa-surya-bench/2011/11/20111129_0600.nc,2011-11-29 06:00:00,1
s3://nasa-surya-bench/2011/11/20111129_1200.nc,2011-11-29 12:00:00,1
s3://nasa-surya-bench/2011/11/20111129_1800.nc,2011-11-29 18:00:00,1
s3://nasa-surya-bench/2011/11/20111130_0000.nc,2011-11-30 00:00:00,1
s3://nasa-surya-bench/2011/11/20111130_0600.nc,2011-11-30 06:00:00,1
s3://nasa-surya-bench/2011/11/20111130_1200.nc,2011-11-30 12:00:00,1
s3://nasa-surya-bench/2011/11/20111130_1800.nc,2011-11-30 18:00:00,1
s3://nasa-surya-bench/2011/12/20111201_0000.nc,2011-12-01 00:00:00,1
s3://nasa-surya-bench/2011/12/20111201_0600.nc,2011-12-01 06:00:00,1
s3://nasa-surya-bench/2011/12/20111201_1200.nc,2011-12-01 12:00:00,1
s3://nasa-surya-bench/2011/12/20111201_1800.nc,2011-12-01 18:00:00,1
s3://nasa-surya-bench/2011/12/20111202_1200.nc,2011-12-02 12:00:00,1
s3://nasa-surya-bench/2011/12/20111202_1800.nc,2011-12-02 18:00:00,1
s3://nasa-surya-bench/2011/12/20111203_0000.nc,2011-12-03 00:00:00,1
s3://nasa-surya-bench/2011/12/20111203_0600.nc,2011-12-03 06:00:00,1
s3://nasa-surya-bench/2011/12/20111203_1200.nc,2011-12-03 12:00:00,1
s3://nasa-surya-bench/2011/12/20111203_1800.nc,2011-12-03 18:00:00,1
s3://nasa-surya-bench/2011/12/20111204_0000.nc,2011-12-04 00:00:00,1
s3://nasa-surya-bench/2011/12/20111204_0600.nc,2011-12-04 06:00:00,1
s3://nasa-surya-bench/2011/12/20111204_1200.nc,2011-12-04 12:00:00,1
s3://nasa-surya-bench/2011/12/20111204_1800.nc,2011-12-04 18:00:00,1
s3://nasa-surya-bench/2011/12/20111205_0000.nc,2011-12-05 00:00:00,1
s3://nasa-surya-bench/2011/12/20111205_0600.nc,2011-12-05 06:00:00,1
s3://nasa-surya-bench/2011/12/20111205_1200.nc,2011-12-05 12:00:00,1
s3://nasa-surya-bench/2011/12/20111205_1800.nc,2011-12-05 18:00:00,1
s3://nasa-surya-bench/2011/12/20111206_0000.nc,2011-12-06 00:00:00,1
s3://nasa-surya-bench/2011/12/20111206_0600.nc,2011-12-06 06:00:00,1
s3://nasa-surya-bench/2011/12/20111206_1200.nc,2011-12-06 12:00:00,1
s3://nasa-surya-bench/2011/12/20111206_1800.nc,2011-12-06 18:00:00,1
s3://nasa-surya-bench/2011/12/20111207_0000.nc,2011-12-07 00:00:00,1
s3://nasa-surya-bench/2011/12/20111207_0600.nc,2011-12-07 06:00:00,1
s3://nasa-surya-bench/2011/12/20111207_1200.nc,2011-12-07 12:00:00,1
s3://nasa-surya-bench/2011/12/20111207_1800.nc,2011-12-07 18:00:00,1
s3://nasa-surya-bench/2011/12/20111208_0000.nc,2011-12-08 00:00:00,1
s3://nasa-surya-bench/2011/12/20111208_0600.nc,2011-12-08 06:00:00,1
s3://nasa-surya-bench/2011/12/20111208_1200.nc,2011-12-08 12:00:00,1
s3://nasa-surya-bench/2011/12/20111208_1800.nc,2011-12-08 18:00:00,1
s3://nasa-surya-bench/2011/12/20111209_0000.nc,2011-12-09 00:00:00,1
s3://nasa-surya-bench/2011/12/20111209_0600.nc,2011-12-09 06:00:00,1
s3://nasa-surya-bench/2011/12/20111209_1200.nc,2011-12-09 12:00:00,1
s3://nasa-surya-bench/2011/12/20111209_1800.nc,2011-12-09 18:00:00,1
s3://nasa-surya-bench/2011/12/20111210_0000.nc,2011-12-10 00:00:00,1
s3://nasa-surya-bench/2011/12/20111210_0600.nc,2011-12-10 06:00:00,1
s3://nasa-surya-bench/2011/12/20111210_1200.nc,2011-12-10 12:00:00,1
s3://nasa-surya-bench/2011/12/20111210_1800.nc,2011-12-10 18:00:00,1
s3://nasa-surya-bench/2011/12/20111211_0000.nc,2011-12-11 00:00:00,1
s3://nasa-surya-bench/2011/12/20111211_0600.nc,2011-12-11 06:00:00,1
s3://nasa-surya-bench/2011/12/20111211_1200.nc,2011-12-11 12:00:00,1
s3://nasa-surya-bench/2011/12/20111211_1800.nc,2011-12-11 18:00:00,1
s3://nasa-surya-bench/2011/12/20111212_0000.nc,2011-12-12 00:00:00,1
s3://nasa-surya-bench/2011/12/20111212_0600.nc,2011-12-12 06:00:00,1
s3://nasa-surya-bench/2011/12/20111212_1200.nc,2011-12-12 12:00:00,1
s3://nasa-surya-bench/2011/12/20111212_1800.nc,2011-12-12 18:00:00,1
s3://nasa-surya-bench/2011/12/20111213_0000.nc,2011-12-13 00:00:00,1
s3://nasa-surya-bench/2011/12/20111213_0600.nc,2011-12-13 06:00:00,1
s3://nasa-surya-bench/2011/12/20111213_1200.nc,2011-12-13 12:00:00,1
s3://nasa-surya-bench/2011/12/20111213_1800.nc,2011-12-13 18:00:00,1
s3://nasa-surya-bench/2011/12/20111214_0000.nc,2011-12-14 00:00:00,1
s3://nasa-surya-bench/2011/12/20111214_0600.nc,2011-12-14 06:00:00,1
s3://nasa-surya-bench/2011/12/20111214_1200.nc,2011-12-14 12:00:00,1
s3://nasa-surya-bench/2011/12/20111214_1800.nc,2011-12-14 18:00:00,1
s3://nasa-surya-bench/2011/12/20111215_0000.nc,2011-12-15 00:00:00,1
s3://nasa-surya-bench/2011/12/20111215_0600.nc,2011-12-15 06:00:00,1
s3://nasa-surya-bench/2011/12/20111215_1200.nc,2011-12-15 12:00:00,1
s3://nasa-surya-bench/2011/12/20111215_1800.nc,2011-12-15 18:00:00,1
s3://nasa-surya-bench/2011/12/20111216_0600.nc,2011-12-16 06:00:00,1
s3://nasa-surya-bench/2011/12/20111216_1200.nc,2011-12-16 12:00:00,1
s3://nasa-surya-bench/2011/12/20111216_1800.nc,2011-12-16 18:00:00,1
s3://nasa-surya-bench/2011/12/20111217_0000.nc,2011-12-17 00:00:00,1
s3://nasa-surya-bench/2011/12/20111217_0600.nc,2011-12-17 06:00:00,1
s3://nasa-surya-bench/2011/12/20111217_1200.nc,2011-12-17 12:00:00,1
s3://nasa-surya-bench/2011/12/20111217_1800.nc,2011-12-17 18:00:00,1
s3://nasa-surya-bench/2011/12/20111218_0000.nc,2011-12-18 00:00:00,1
s3://nasa-surya-bench/2011/12/20111218_0600.nc,2011-12-18 06:00:00,1
s3://nasa-surya-bench/2011/12/20111218_1200.nc,2011-12-18 12:00:00,1
s3://nasa-surya-bench/2011/12/20111218_1800.nc,2011-12-18 18:00:00,1
s3://nasa-surya-bench/2011/12/20111219_0000.nc,2011-12-19 00:00:00,1
s3://nasa-surya-bench/2011/12/20111219_0600.nc,2011-12-19 06:00:00,1
s3://nasa-surya-bench/2011/12/20111219_1200.nc,2011-12-19 12:00:00,1
s3://nasa-surya-bench/2011/12/20111219_1800.nc,2011-12-19 18:00:00,1
s3://nasa-surya-bench/2011/12/20111220_0000.nc,2011-12-20 00:00:00,1
s3://nasa-surya-bench/2011/12/20111220_0600.nc,2011-12-20 06:00:00,1
s3://nasa-surya-bench/2011/12/20111220_1200.nc,2011-12-20 12:00:00,1
s3://nasa-surya-bench/2011/12/20111220_1800.nc,2011-12-20 18:00:00,1
s3://nasa-surya-bench/2011/12/20111221_0000.nc,2011-12-21 00:00:00,1
s3://nasa-surya-bench/2011/12/20111221_0600.nc,2011-12-21 06:00:00,1
s3://nasa-surya-bench/2011/12/20111221_1200.nc,2011-12-21 12:00:00,1
s3://nasa-surya-bench/2011/12/20111221_1800.nc,2011-12-21 18:00:00,1
s3://nasa-surya-bench/2011/12/20111222_0000.nc,2011-12-22 00:00:00,1
s3://nasa-surya-bench/2011/12/20111222_0600.nc,2011-12-22 06:00:00,1
s3://nasa-surya-bench/2011/12/20111222_1200.nc,2011-12-22 12:00:00,1
s3://nasa-surya-bench/2011/12/20111222_1800.nc,2011-12-22 18:00:00,1
s3://nasa-surya-bench/2011/12/20111223_0000.nc,2011-12-23 00:00:00,1
s3://nasa-surya-bench/2011/12/20111223_0600.nc,2011-12-23 06:00:00,1
s3://nasa-surya-bench/2011/12/20111223_1200.nc,2011-12-23 12:00:00,1
s3://nasa-surya-bench/2011/12/20111223_1800.nc,2011-12-23 18:00:00,1
s3://nasa-surya-bench/2011/12/20111224_0000.nc,2011-12-24 00:00:00,1
s3://nasa-surya-bench/2011/12/20111224_0600.nc,2011-12-24 06:00:00,1
s3://nasa-surya-bench/2011/12/20111224_1200.nc,2011-12-24 12:00:00,1
s3://nasa-surya-bench/2011/12/20111225_0000.nc,2011-12-25 00:00:00,1
s3://nasa-surya-bench/2011/12/20111225_0600.nc,2011-12-25 06:00:00,1
s3://nasa-surya-bench/2011/12/20111225_1200.nc,2011-12-25 12:00:00,1
s3://nasa-surya-bench/2011/12/20111225_1800.nc,2011-12-25 18:00:00,1
s3://nasa-surya-bench/2011/12/20111226_0000.nc,2011-12-26 00:00:00,1
s3://nasa-surya-bench/2011/12/20111226_0600.nc,2011-12-26 06:00:00,1
s3://nasa-surya-bench/2011/12/20111226_1200.nc,2011-12-26 12:00:00,1
s3://nasa-surya-bench/2011/12/20111226_1800.nc,2011-12-26 18:00:00,1
s3://nasa-surya-bench/2011/12/20111227_0000.nc,2011-12-27 00:00:00,1
s3://nasa-surya-bench/2011/12/20111227_0600.nc,2011-12-27 06:00:00,1
s3://nasa-surya-bench/2011/12/20111227_1200.nc,2011-12-27 12:00:00,1
s3://nasa-surya-bench/2011/12/20111227_1800.nc,2011-12-27 18:00:00,1
s3://nasa-surya-bench/2011/12/20111228_0000.nc,2011-12-28 00:00:00,1
s3://nasa-surya-bench/2011/12/20111228_0600.nc,2011-12-28 06:00:00,1
s3://nasa-surya-bench/2011/12/20111228_1200.nc,2011-12-28 12:00:00,1
s3://nasa-surya-bench/2011/12/20111228_1800.nc,2011-12-28 18:00:00,1
s3://nasa-surya-bench/2011/12/20111229_0000.nc,2011-12-29 00:00:00,1
s3://nasa-surya-bench/2011/12/20111229_0600.nc,2011-12-29 06:00:00,1
s3://nasa-surya-bench/2011/12/20111229_1200.nc,2011-12-29 12:00:00,1
s3://nasa-surya-bench/2011/12/20111229_1800.nc,2011-12-29 18:00:00,1
s3://nasa-surya-bench/2011/12/20111230_0000.nc,2011-12-30 00:00:00,1
s3://nasa-surya-bench/2011/12/20111230_0600.nc,2011-12-30 06:00:00,1
s3://nasa-surya-bench/2011/12/20111230_1200.nc,2011-12-30 12:00:00,1
s3://nasa-surya-bench/2011/12/20111230_1800.nc,2011-12-30 18:00:00,1
s3://nasa-surya-bench/2011/12/20111231_0000.nc,2011-12-31 00:00:00,1
s3://nasa-surya-bench/2011/12/20111231_0600.nc,2011-12-31 06:00:00,1
s3://nasa-surya-bench/2011/12/20111231_1200.nc,2011-12-31 12:00:00,1
s3://nasa-surya-bench/2011/12/20111231_1800.nc,2011-12-31 18:00:00,1
s3://nasa-surya-bench/2012/01/20120101_0000.nc,2012-01-01 00:00:00,1
s3://nasa-surya-bench/2012/01/20120101_0600.nc,2012-01-01 06:00:00,1
s3://nasa-surya-bench/2012/01/20120101_1200.nc,2012-01-01 12:00:00,1
s3://nasa-surya-bench/2012/01/20120101_1800.nc,2012-01-01 18:00:00,1
s3://nasa-surya-bench/2012/01/20120102_0000.nc,2012-01-02 00:00:00,1
s3://nasa-surya-bench/2012/01/20120102_0600.nc,2012-01-02 06:00:00,1
s3://nasa-surya-bench/2012/01/20120102_1200.nc,2012-01-02 12:00:00,1
s3://nasa-surya-bench/2012/01/20120102_1800.nc,2012-01-02 18:00:00,1
s3://nasa-surya-bench/2012/01/20120103_0000.nc,2012-01-03 00:00:00,1
s3://nasa-surya-bench/2012/01/20120103_0600.nc,2012-01-03 06:00:00,1
s3://nasa-surya-bench/2012/01/20120103_1200.nc,2012-01-03 12:00:00,1
s3://nasa-surya-bench/2012/01/20120103_1800.nc,2012-01-03 18:00:00,1
s3://nasa-surya-bench/2012/01/20120104_0000.nc,2012-01-04 00:00:00,1
s3://nasa-surya-bench/2012/01/20120104_0600.nc,2012-01-04 06:00:00,1
s3://nasa-surya-bench/2012/01/20120104_1200.nc,2012-01-04 12:00:00,1
s3://nasa-surya-bench/2012/01/20120104_1800.nc,2012-01-04 18:00:00,1
s3://nasa-surya-bench/2012/01/20120105_0000.nc,2012-01-05 00:00:00,1
s3://nasa-surya-bench/2012/01/20120105_0600.nc,2012-01-05 06:00:00,1
s3://nasa-surya-bench/2012/01/20120105_1200.nc,2012-01-05 12:00:00,1
s3://nasa-surya-bench/2012/01/20120105_1800.nc,2012-01-05 18:00:00,1
s3://nasa-surya-bench/2012/01/20120106_0000.nc,2012-01-06 00:00:00,1
s3://nasa-surya-bench/2012/01/20120106_0600.nc,2012-01-06 06:00:00,1
s3://nasa-surya-bench/2012/01/20120106_1200.nc,2012-01-06 12:00:00,1
s3://nasa-surya-bench/2012/01/20120106_1800.nc,2012-01-06 18:00:00,1
s3://nasa-surya-bench/2012/01/20120107_0000.nc,2012-01-07 00:00:00,1
s3://nasa-surya-bench/2012/01/20120107_0600.nc,2012-01-07 06:00:00,1
s3://nasa-surya-bench/2012/01/20120107_1200.nc,2012-01-07 12:00:00,1
s3://nasa-surya-bench/2012/01/20120107_1800.nc,2012-01-07 18:00:00,1
s3://nasa-surya-bench/2012/01/20120108_0000.nc,2012-01-08 00:00:00,1
s3://nasa-surya-bench/2012/01/20120108_0600.nc,2012-01-08 06:00:00,1
s3://nasa-surya-bench/2012/01/20120108_1200.nc,2012-01-08 12:00:00,1
s3://nasa-surya-bench/2012/01/20120108_1800.nc,2012-01-08 18:00:00,1
s3://nasa-surya-bench/2012/01/20120109_0000.nc,2012-01-09 00:00:00,1
s3://nasa-surya-bench/2012/01/20120109_0600.nc,2012-01-09 06:00:00,1
s3://nasa-surya-bench/2012/01/20120109_1200.nc,2012-01-09 12:00:00,1
s3://nasa-surya-bench/2012/01/20120109_1800.nc,2012-01-09 18:00:00,1
s3://nasa-surya-bench/2012/01/20120110_0000.nc,2012-01-10 00:00:00,1
s3://nasa-surya-bench/2012/01/20120110_0600.nc,2012-01-10 06:00:00,1
s3://nasa-surya-bench/2012/01/20120110_1200.nc,2012-01-10 12:00:00,1
s3://nasa-surya-bench/2012/01/20120110_1800.nc,2012-01-10 18:00:00,1
s3://nasa-surya-bench/2012/01/20120111_0000.nc,2012-01-11 00:00:00,1
s3://nasa-surya-bench/2012/01/20120111_0600.nc,2012-01-11 06:00:00,1
s3://nasa-surya-bench/2012/01/20120111_1200.nc,2012-01-11 12:00:00,1
s3://nasa-surya-bench/2012/01/20120112_0000.nc,2012-01-12 00:00:00,1
s3://nasa-surya-bench/2012/01/20120112_0600.nc,2012-01-12 06:00:00,1
s3://nasa-surya-bench/2012/01/20120112_1200.nc,2012-01-12 12:00:00,1
s3://nasa-surya-bench/2012/01/20120112_1800.nc,2012-01-12 18:00:00,1
s3://nasa-surya-bench/2012/01/20120113_0000.nc,2012-01-13 00:00:00,1
s3://nasa-surya-bench/2012/01/20120113_0600.nc,2012-01-13 06:00:00,1
s3://nasa-surya-bench/2012/01/20120113_1200.nc,2012-01-13 12:00:00,1
s3://nasa-surya-bench/2012/01/20120113_1800.nc,2012-01-13 18:00:00,1
s3://nasa-surya-bench/2012/01/20120114_0000.nc,2012-01-14 00:00:00,1
s3://nasa-surya-bench/2012/01/20120114_0600.nc,2012-01-14 06:00:00,1
s3://nasa-surya-bench/2012/01/20120114_1200.nc,2012-01-14 12:00:00,1
s3://nasa-surya-bench/2012/01/20120114_1800.nc,2012-01-14 18:00:00,1
s3://nasa-surya-bench/2012/01/20120115_0000.nc,2012-01-15 00:00:00,1
s3://nasa-surya-bench/2012/01/20120115_0600.nc,2012-01-15 06:00:00,1
s3://nasa-surya-bench/2012/01/20120115_1200.nc,2012-01-15 12:00:00,1
s3://nasa-surya-bench/2012/01/20120115_1800.nc,2012-01-15 18:00:00,1
s3://nasa-surya-bench/2012/01/20120116_0000.nc,2012-01-16 00:00:00,1
s3://nasa-surya-bench/2012/01/20120116_0600.nc,2012-01-16 06:00:00,1
s3://nasa-surya-bench/2012/01/20120116_1200.nc,2012-01-16 12:00:00,1
s3://nasa-surya-bench/2012/01/20120116_1800.nc,2012-01-16 18:00:00,1
s3://nasa-surya-bench/2012/01/20120117_0000.nc,2012-01-17 00:00:00,1
s3://nasa-surya-bench/2012/01/20120117_0600.nc,2012-01-17 06:00:00,1
s3://nasa-surya-bench/2012/01/20120117_1200.nc,2012-01-17 12:00:00,1
s3://nasa-surya-bench/2012/01/20120117_1800.nc,2012-01-17 18:00:00,1
s3://nasa-surya-bench/2012/01/20120118_0000.nc,2012-01-18 00:00:00,1
s3://nasa-surya-bench/2012/01/20120118_0600.nc,2012-01-18 06:00:00,1
s3://nasa-surya-bench/2012/01/20120118_1200.nc,2012-01-18 12:00:00,1
s3://nasa-surya-bench/2012/01/20120119_0000.nc,2012-01-19 00:00:00,1
s3://nasa-surya-bench/2012/01/20120119_0600.nc,2012-01-19 06:00:00,1
s3://nasa-surya-bench/2012/01/20120119_1200.nc,2012-01-19 12:00:00,1
s3://nasa-surya-bench/2012/01/20120119_1800.nc,2012-01-19 18:00:00,1
s3://nasa-surya-bench/2012/01/20120120_0000.nc,2012-01-20 00:00:00,1
s3://nasa-surya-bench/2012/01/20120120_0600.nc,2012-01-20 06:00:00,1
s3://nasa-surya-bench/2012/01/20120120_1200.nc,2012-01-20 12:00:00,1
s3://nasa-surya-bench/2012/01/20120120_1800.nc,2012-01-20 18:00:00,1
s3://nasa-surya-bench/2012/01/20120121_0000.nc,2012-01-21 00:00:00,1
s3://nasa-surya-bench/2012/01/20120121_0600.nc,2012-01-21 06:00:00,1
s3://nasa-surya-bench/2012/01/20120121_1200.nc,2012-01-21 12:00:00,1
s3://nasa-surya-bench/2012/01/20120121_1800.nc,2012-01-21 18:00:00,1
s3://nasa-surya-bench/2012/01/20120122_0000.nc,2012-01-22 00:00:00,1
s3://nasa-surya-bench/2012/01/20120122_0600.nc,2012-01-22 06:00:00,1
s3://nasa-surya-bench/2012/01/20120122_1200.nc,2012-01-22 12:00:00,1
s3://nasa-surya-bench/2012/01/20120122_1800.nc,2012-01-22 18:00:00,1
s3://nasa-surya-bench/2012/01/20120123_0000.nc,2012-01-23 00:00:00,1
s3://nasa-surya-bench/2012/01/20120123_0600.nc,2012-01-23 06:00:00,1
s3://nasa-surya-bench/2012/01/20120123_1200.nc,2012-01-23 12:00:00,1
s3://nasa-surya-bench/2012/01/20120123_1800.nc,2012-01-23 18:00:00,1
s3://nasa-surya-bench/2012/01/20120124_0000.nc,2012-01-24 00:00:00,1
s3://nasa-surya-bench/2012/01/20120124_0600.nc,2012-01-24 06:00:00,1
s3://nasa-surya-bench/2012/01/20120124_1200.nc,2012-01-24 12:00:00,1
s3://nasa-surya-bench/2012/01/20120124_1800.nc,2012-01-24 18:00:00,1
s3://nasa-surya-bench/2012/01/20120125_0000.nc,2012-01-25 00:00:00,1
s3://nasa-surya-bench/2012/01/20120125_0600.nc,2012-01-25 06:00:00,1
s3://nasa-surya-bench/2012/01/20120125_1200.nc,2012-01-25 12:00:00,1
s3://nasa-surya-bench/2012/01/20120125_1800.nc,2012-01-25 18:00:00,1
s3://nasa-surya-bench/2012/01/20120126_0000.nc,2012-01-26 00:00:00,1
s3://nasa-surya-bench/2012/01/20120126_0600.nc,2012-01-26 06:00:00,1
s3://nasa-surya-bench/2012/01/20120126_1200.nc,2012-01-26 12:00:00,1
s3://nasa-surya-bench/2012/01/20120126_1800.nc,2012-01-26 18:00:00,1
s3://nasa-surya-bench/2012/01/20120127_0000.nc,2012-01-27 00:00:00,1
s3://nasa-surya-bench/2012/01/20120127_0600.nc,2012-01-27 06:00:00,1
s3://nasa-surya-bench/2012/01/20120127_1200.nc,2012-01-27 12:00:00,1
s3://nasa-surya-bench/2012/01/20120127_1800.nc,2012-01-27 18:00:00,1
s3://nasa-surya-bench/2012/01/20120128_0000.nc,2012-01-28 00:00:00,1
s3://nasa-surya-bench/2012/01/20120128_0600.nc,2012-01-28 06:00:00,1
s3://nasa-surya-bench/2012/01/20120128_1200.nc,2012-01-28 12:00:00,1
s3://nasa-surya-bench/2012/01/20120128_1800.nc,2012-01-28 18:00:00,1
s3://nasa-surya-bench/2012/01/20120129_0000.nc,2012-01-29 00:00:00,1
s3://nasa-surya-bench/2012/01/20120129_0600.nc,2012-01-29 06:00:00,1
s3://nasa-surya-bench/2012/01/20120129_1200.nc,2012-01-29 12:00:00,1
s3://nasa-surya-bench/2012/01/20120129_1800.nc,2012-01-29 18:00:00,1
s3://nasa-surya-bench/2012/01/20120130_0000.nc,2012-01-30 00:00:00,1
s3://nasa-surya-bench/2012/01/20120130_0600.nc,2012-01-30 06:00:00,1
s3://nasa-surya-bench/2012/01/20120130_1200.nc,2012-01-30 12:00:00,1
s3://nasa-surya-bench/2012/01/20120130_1800.nc,2012-01-30 18:00:00,1
s3://nasa-surya-bench/2012/01/20120131_0000.nc,2012-01-31 00:00:00,1
s3://nasa-surya-bench/2012/01/20120131_0600.nc,2012-01-31 06:00:00,1
s3://nasa-surya-bench/2012/01/20120131_1200.nc,2012-01-31 12:00:00,1
s3://nasa-surya-bench/2012/01/20120131_1800.nc,2012-01-31 18:00:00,1
s3://nasa-surya-bench/2012/02/20120201_0000.nc,2012-02-01 00:00:00,1
s3://nasa-surya-bench/2012/02/20120201_0600.nc,2012-02-01 06:00:00,1
s3://nasa-surya-bench/2012/02/20120201_1200.nc,2012-02-01 12:00:00,1
s3://nasa-surya-bench/2012/02/20120201_1800.nc,2012-02-01 18:00:00,1
s3://nasa-surya-bench/2012/02/20120202_0000.nc,2012-02-02 00:00:00,1
s3://nasa-surya-bench/2012/02/20120202_0600.nc,2012-02-02 06:00:00,1
s3://nasa-surya-bench/2012/02/20120202_1200.nc,2012-02-02 12:00:00,1
s3://nasa-surya-bench/2012/02/20120202_1800.nc,2012-02-02 18:00:00,1
s3://nasa-surya-bench/2012/02/20120203_0000.nc,2012-02-03 00:00:00,1
s3://nasa-surya-bench/2012/02/20120203_0600.nc,2012-02-03 06:00:00,1
s3://nasa-surya-bench/2012/02/20120203_1200.nc,2012-02-03 12:00:00,1
s3://nasa-surya-bench/2012/02/20120203_1800.nc,2012-02-03 18:00:00,1
s3://nasa-surya-bench/2012/02/20120204_0000.nc,2012-02-04 00:00:00,1
s3://nasa-surya-bench/2012/02/20120204_0600.nc,2012-02-04 06:00:00,1
s3://nasa-surya-bench/2012/02/20120204_1200.nc,2012-02-04 12:00:00,1
s3://nasa-surya-bench/2012/02/20120204_1800.nc,2012-02-04 18:00:00,1
s3://nasa-surya-bench/2012/02/20120205_0000.nc,2012-02-05 00:00:00,1
s3://nasa-surya-bench/2012/02/20120205_0600.nc,2012-02-05 06:00:00,1
s3://nasa-surya-bench/2012/02/20120205_1200.nc,2012-02-05 12:00:00,1
s3://nasa-surya-bench/2012/02/20120205_1800.nc,2012-02-05 18:00:00,1
s3://nasa-surya-bench/2012/02/20120206_0000.nc,2012-02-06 00:00:00,1
s3://nasa-surya-bench/2012/02/20120206_0600.nc,2012-02-06 06:00:00,1
s3://nasa-surya-bench/2012/02/20120206_1200.nc,2012-02-06 12:00:00,1
s3://nasa-surya-bench/2012/02/20120206_1800.nc,2012-02-06 18:00:00,1
s3://nasa-surya-bench/2012/02/20120207_0000.nc,2012-02-07 00:00:00,1
s3://nasa-surya-bench/2012/02/20120207_0600.nc,2012-02-07 06:00:00,1
s3://nasa-surya-bench/2012/02/20120207_1200.nc,2012-02-07 12:00:00,1
s3://nasa-surya-bench/2012/02/20120207_1800.nc,2012-02-07 18:00:00,1
s3://nasa-surya-bench/2012/02/20120208_0000.nc,2012-02-08 00:00:00,1
s3://nasa-surya-bench/2012/02/20120208_0600.nc,2012-02-08 06:00:00,1
s3://nasa-surya-bench/2012/02/20120208_1200.nc,2012-02-08 12:00:00,1
s3://nasa-surya-bench/2012/02/20120208_1800.nc,2012-02-08 18:00:00,1
s3://nasa-surya-bench/2012/02/20120209_0000.nc,2012-02-09 00:00:00,1
s3://nasa-surya-bench/2012/02/20120209_0600.nc,2012-02-09 06:00:00,1
s3://nasa-surya-bench/2012/02/20120209_1200.nc,2012-02-09 12:00:00,1
s3://nasa-surya-bench/2012/02/20120209_1800.nc,2012-02-09 18:00:00,1
s3://nasa-surya-bench/2012/02/20120210_0000.nc,2012-02-10 00:00:00,1
s3://nasa-surya-bench/2012/02/20120210_0600.nc,2012-02-10 06:00:00,1
s3://nasa-surya-bench/2012/02/20120210_1200.nc,2012-02-10 12:00:00,1
s3://nasa-surya-bench/2012/02/20120210_1800.nc,2012-02-10 18:00:00,1
s3://nasa-surya-bench/2012/02/20120211_0000.nc,2012-02-11 00:00:00,1
s3://nasa-surya-bench/2012/02/20120211_0600.nc,2012-02-11 06:00:00,1
s3://nasa-surya-bench/2012/02/20120211_1200.nc,2012-02-11 12:00:00,1
s3://nasa-surya-bench/2012/02/20120211_1800.nc,2012-02-11 18:00:00,1
s3://nasa-surya-bench/2012/02/20120212_0000.nc,2012-02-12 00:00:00,1
s3://nasa-surya-bench/2012/02/20120212_0600.nc,2012-02-12 06:00:00,1
s3://nasa-surya-bench/2012/02/20120212_1200.nc,2012-02-12 12:00:00,1
s3://nasa-surya-bench/2012/02/20120212_1800.nc,2012-02-12 18:00:00,1
s3://nasa-surya-bench/2012/02/20120213_0000.nc,2012-02-13 00:00:00,1
s3://nasa-surya-bench/2012/02/20120213_0600.nc,2012-02-13 06:00:00,1
s3://nasa-surya-bench/2012/02/20120213_1200.nc,2012-02-13 12:00:00,1
s3://nasa-surya-bench/2012/02/20120213_1800.nc,2012-02-13 18:00:00,1
s3://nasa-surya-bench/2012/02/20120214_0000.nc,2012-02-14 00:00:00,1
s3://nasa-surya-bench/2012/02/20120214_0600.nc,2012-02-14 06:00:00,1
s3://nasa-surya-bench/2012/02/20120214_1200.nc,2012-02-14 12:00:00,1
s3://nasa-surya-bench/2012/02/20120214_1800.nc,2012-02-14 18:00:00,1
s3://nasa-surya-bench/2012/02/20120215_0000.nc,2012-02-15 00:00:00,1
s3://nasa-surya-bench/2012/02/20120215_0600.nc,2012-02-15 06:00:00,1
s3://nasa-surya-bench/2012/02/20120215_1200.nc,2012-02-15 12:00:00,1
s3://nasa-surya-bench/2012/02/20120215_1800.nc,2012-02-15 18:00:00,1
s3://nasa-surya-bench/2012/02/20120216_0000.nc,2012-02-16 00:00:00,1
s3://nasa-surya-bench/2012/02/20120216_0600.nc,2012-02-16 06:00:00,1
s3://nasa-surya-bench/2012/02/20120216_1200.nc,2012-02-16 12:00:00,1
s3://nasa-surya-bench/2012/02/20120216_1800.nc,2012-02-16 18:00:00,1
s3://nasa-surya-bench/2012/02/20120217_0000.nc,2012-02-17 00:00:00,1
s3://nasa-surya-bench/2012/02/20120217_0600.nc,2012-02-17 06:00:00,1
s3://nasa-surya-bench/2012/02/20120217_1200.nc,2012-02-17 12:00:00,1
s3://nasa-surya-bench/2012/02/20120217_1800.nc,2012-02-17 18:00:00,1
s3://nasa-surya-bench/2012/02/20120218_0000.nc,2012-02-18 00:00:00,1
s3://nasa-surya-bench/2012/02/20120218_0600.nc,2012-02-18 06:00:00,1
s3://nasa-surya-bench/2012/02/20120218_1200.nc,2012-02-18 12:00:00,1
s3://nasa-surya-bench/2012/02/20120218_1800.nc,2012-02-18 18:00:00,1
s3://nasa-surya-bench/2012/02/20120219_0000.nc,2012-02-19 00:00:00,1
s3://nasa-surya-bench/2012/02/20120219_0600.nc,2012-02-19 06:00:00,1
s3://nasa-surya-bench/2012/02/20120219_1200.nc,2012-02-19 12:00:00,1
s3://nasa-surya-bench/2012/02/20120219_1800.nc,2012-02-19 18:00:00,1
s3://nasa-surya-bench/2012/02/20120220_0000.nc,2012-02-20 00:00:00,1
s3://nasa-surya-bench/2012/02/20120220_0600.nc,2012-02-20 06:00:00,1
s3://nasa-surya-bench/2012/02/20120220_1200.nc,2012-02-20 12:00:00,1
s3://nasa-surya-bench/2012/02/20120220_1800.nc,2012-02-20 18:00:00,1
s3://nasa-surya-bench/2012/02/20120221_0000.nc,2012-02-21 00:00:00,1
s3://nasa-surya-bench/2012/02/20120221_0600.nc,2012-02-21 06:00:00,1
s3://nasa-surya-bench/2012/02/20120221_1200.nc,2012-02-21 12:00:00,1
s3://nasa-surya-bench/2012/02/20120221_1800.nc,2012-02-21 18:00:00,1
s3://nasa-surya-bench/2012/02/20120222_0000.nc,2012-02-22 00:00:00,1
s3://nasa-surya-bench/2012/02/20120222_0600.nc,2012-02-22 06:00:00,1
s3://nasa-surya-bench/2012/02/20120222_1200.nc,2012-02-22 12:00:00,1
s3://nasa-surya-bench/2012/02/20120222_1800.nc,2012-02-22 18:00:00,1
s3://nasa-surya-bench/2012/02/20120223_0000.nc,2012-02-23 00:00:00,1
s3://nasa-surya-bench/2012/02/20120223_0600.nc,2012-02-23 06:00:00,1
s3://nasa-surya-bench/2012/02/20120223_1200.nc,2012-02-23 12:00:00,1
s3://nasa-surya-bench/2012/02/20120223_1800.nc,2012-02-23 18:00:00,1
s3://nasa-surya-bench/2012/02/20120224_0000.nc,2012-02-24 00:00:00,1
s3://nasa-surya-bench/2012/02/20120224_0600.nc,2012-02-24 06:00:00,1
s3://nasa-surya-bench/2012/02/20120224_1200.nc,2012-02-24 12:00:00,1
s3://nasa-surya-bench/2012/03/20120327_0000.nc,2012-03-27 00:00:00,1
s3://nasa-surya-bench/2012/03/20120327_0600.nc,2012-03-27 06:00:00,1
s3://nasa-surya-bench/2012/03/20120327_1200.nc,2012-03-27 12:00:00,1
s3://nasa-surya-bench/2012/03/20120327_1800.nc,2012-03-27 18:00:00,1
s3://nasa-surya-bench/2012/03/20120328_0000.nc,2012-03-28 00:00:00,1
s3://nasa-surya-bench/2012/03/20120328_0600.nc,2012-03-28 06:00:00,1
s3://nasa-surya-bench/2012/03/20120328_1200.nc,2012-03-28 12:00:00,1
s3://nasa-surya-bench/2012/03/20120328_1800.nc,2012-03-28 18:00:00,1
s3://nasa-surya-bench/2012/03/20120329_0000.nc,2012-03-29 00:00:00,1
s3://nasa-surya-bench/2012/03/20120329_0600.nc,2012-03-29 06:00:00,1
s3://nasa-surya-bench/2012/03/20120329_1200.nc,2012-03-29 12:00:00,1
s3://nasa-surya-bench/2012/03/20120329_1800.nc,2012-03-29 18:00:00,1
s3://nasa-surya-bench/2012/03/20120330_0000.nc,2012-03-30 00:00:00,1
s3://nasa-surya-bench/2012/03/20120330_0600.nc,2012-03-30 06:00:00,1
s3://nasa-surya-bench/2012/03/20120330_1200.nc,2012-03-30 12:00:00,1
s3://nasa-surya-bench/2012/03/20120330_1800.nc,2012-03-30 18:00:00,1
s3://nasa-surya-bench/2012/03/20120331_0000.nc,2012-03-31 00:00:00,1
s3://nasa-surya-bench/2012/03/20120331_0600.nc,2012-03-31 06:00:00,1
s3://nasa-surya-bench/2012/03/20120331_1200.nc,2012-03-31 12:00:00,1
s3://nasa-surya-bench/2012/03/20120331_1800.nc,2012-03-31 18:00:00,1
s3://nasa-surya-bench/2012/04/20120401_0000.nc,2012-04-01 00:00:00,1
s3://nasa-surya-bench/2012/04/20120401_0600.nc,2012-04-01 06:00:00,1
s3://nasa-surya-bench/2012/04/20120401_1200.nc,2012-04-01 12:00:00,1
s3://nasa-surya-bench/2012/04/20120401_1800.nc,2012-04-01 18:00:00,1
s3://nasa-surya-bench/2012/04/20120402_0000.nc,2012-04-02 00:00:00,1
s3://nasa-surya-bench/2012/04/20120402_0600.nc,2012-04-02 06:00:00,1
s3://nasa-surya-bench/2012/04/20120402_1200.nc,2012-04-02 12:00:00,1
s3://nasa-surya-bench/2012/04/20120402_1800.nc,2012-04-02 18:00:00,1
s3://nasa-surya-bench/2012/04/20120403_0000.nc,2012-04-03 00:00:00,1
s3://nasa-surya-bench/2012/04/20120403_0600.nc,2012-04-03 06:00:00,1
s3://nasa-surya-bench/2012/04/20120403_1200.nc,2012-04-03 12:00:00,1
s3://nasa-surya-bench/2012/04/20120403_1800.nc,2012-04-03 18:00:00,1
s3://nasa-surya-bench/2012/04/20120404_0000.nc,2012-04-04 00:00:00,1
s3://nasa-surya-bench/2012/04/20120404_1800.nc,2012-04-04 18:00:00,1
s3://nasa-surya-bench/2012/04/20120405_0000.nc,2012-04-05 00:00:00,1
s3://nasa-surya-bench/2012/04/20120405_0600.nc,2012-04-05 06:00:00,1
s3://nasa-surya-bench/2012/04/20120405_1200.nc,2012-04-05 12:00:00,1
s3://nasa-surya-bench/2012/04/20120405_1800.nc,2012-04-05 18:00:00,1
s3://nasa-surya-bench/2012/04/20120406_0000.nc,2012-04-06 00:00:00,1
s3://nasa-surya-bench/2012/04/20120406_0600.nc,2012-04-06 06:00:00,1
s3://nasa-surya-bench/2012/04/20120406_1200.nc,2012-04-06 12:00:00,1
s3://nasa-surya-bench/2012/04/20120406_1800.nc,2012-04-06 18:00:00,1
s3://nasa-surya-bench/2012/04/20120407_0000.nc,2012-04-07 00:00:00,1
s3://nasa-surya-bench/2012/04/20120407_0600.nc,2012-04-07 06:00:00,1
s3://nasa-surya-bench/2012/04/20120407_1200.nc,2012-04-07 12:00:00,1
s3://nasa-surya-bench/2012/04/20120407_1800.nc,2012-04-07 18:00:00,1
s3://nasa-surya-bench/2012/04/20120408_0000.nc,2012-04-08 00:00:00,1
s3://nasa-surya-bench/2012/04/20120408_0600.nc,2012-04-08 06:00:00,1
s3://nasa-surya-bench/2012/04/20120408_1200.nc,2012-04-08 12:00:00,1
s3://nasa-surya-bench/2012/04/20120408_1800.nc,2012-04-08 18:00:00,1
s3://nasa-surya-bench/2012/04/20120409_0000.nc,2012-04-09 00:00:00,1
s3://nasa-surya-bench/2012/04/20120409_0600.nc,2012-04-09 06:00:00,1
s3://nasa-surya-bench/2012/04/20120409_1200.nc,2012-04-09 12:00:00,1
s3://nasa-surya-bench/2012/04/20120409_1800.nc,2012-04-09 18:00:00,1
s3://nasa-surya-bench/2012/04/20120410_0000.nc,2012-04-10 00:00:00,1
s3://nasa-surya-bench/2012/04/20120410_0600.nc,2012-04-10 06:00:00,1
s3://nasa-surya-bench/2012/04/20120410_1200.nc,2012-04-10 12:00:00,1
s3://nasa-surya-bench/2012/04/20120410_1800.nc,2012-04-10 18:00:00,1
s3://nasa-surya-bench/2012/04/20120411_0000.nc,2012-04-11 00:00:00,1
s3://nasa-surya-bench/2012/04/20120411_0600.nc,2012-04-11 06:00:00,1
s3://nasa-surya-bench/2012/04/20120411_1200.nc,2012-04-11 12:00:00,1
s3://nasa-surya-bench/2012/04/20120412_0000.nc,2012-04-12 00:00:00,1
s3://nasa-surya-bench/2012/04/20120412_0600.nc,2012-04-12 06:00:00,1
s3://nasa-surya-bench/2012/04/20120412_1200.nc,2012-04-12 12:00:00,1
s3://nasa-surya-bench/2012/04/20120412_1800.nc,2012-04-12 18:00:00,1
s3://nasa-surya-bench/2012/04/20120413_0000.nc,2012-04-13 00:00:00,1
s3://nasa-surya-bench/2012/04/20120413_0600.nc,2012-04-13 06:00:00,1
s3://nasa-surya-bench/2012/04/20120413_1200.nc,2012-04-13 12:00:00,1
s3://nasa-surya-bench/2012/04/20120413_1800.nc,2012-04-13 18:00:00,1
s3://nasa-surya-bench/2012/04/20120414_0000.nc,2012-04-14 00:00:00,1
s3://nasa-surya-bench/2012/04/20120414_0600.nc,2012-04-14 06:00:00,1
s3://nasa-surya-bench/2012/04/20120414_1200.nc,2012-04-14 12:00:00,1
s3://nasa-surya-bench/2012/04/20120414_1800.nc,2012-04-14 18:00:00,1
s3://nasa-surya-bench/2012/04/20120415_0000.nc,2012-04-15 00:00:00,1
s3://nasa-surya-bench/2012/04/20120415_0600.nc,2012-04-15 06:00:00,1
s3://nasa-surya-bench/2012/04/20120415_1200.nc,2012-04-15 12:00:00,1
s3://nasa-surya-bench/2012/04/20120415_1800.nc,2012-04-15 18:00:00,1
s3://nasa-surya-bench/2012/04/20120416_0000.nc,2012-04-16 00:00:00,1
s3://nasa-surya-bench/2012/04/20120416_0600.nc,2012-04-16 06:00:00,1
s3://nasa-surya-bench/2012/04/20120416_1200.nc,2012-04-16 12:00:00,1
s3://nasa-surya-bench/2012/04/20120416_1800.nc,2012-04-16 18:00:00,1
s3://nasa-surya-bench/2012/04/20120417_0000.nc,2012-04-17 00:00:00,1
s3://nasa-surya-bench/2012/04/20120417_0600.nc,2012-04-17 06:00:00,1
s3://nasa-surya-bench/2012/04/20120417_1200.nc,2012-04-17 12:00:00,1
s3://nasa-surya-bench/2012/04/20120417_1800.nc,2012-04-17 18:00:00,1
s3://nasa-surya-bench/2012/04/20120418_0000.nc,2012-04-18 00:00:00,1
s3://nasa-surya-bench/2012/04/20120418_0600.nc,2012-04-18 06:00:00,1
s3://nasa-surya-bench/2012/04/20120418_1200.nc,2012-04-18 12:00:00,1
s3://nasa-surya-bench/2012/04/20120419_0000.nc,2012-04-19 00:00:00,1
s3://nasa-surya-bench/2012/04/20120419_0600.nc,2012-04-19 06:00:00,1
s3://nasa-surya-bench/2012/04/20120419_1200.nc,2012-04-19 12:00:00,1
s3://nasa-surya-bench/2012/04/20120419_1800.nc,2012-04-19 18:00:00,1
s3://nasa-surya-bench/2012/04/20120420_0000.nc,2012-04-20 00:00:00,1
s3://nasa-surya-bench/2012/04/20120420_0600.nc,2012-04-20 06:00:00,1
s3://nasa-surya-bench/2012/04/20120420_1200.nc,2012-04-20 12:00:00,1
s3://nasa-surya-bench/2012/04/20120420_1800.nc,2012-04-20 18:00:00,1
s3://nasa-surya-bench/2012/04/20120421_0000.nc,2012-04-21 00:00:00,1
s3://nasa-surya-bench/2012/04/20120421_0600.nc,2012-04-21 06:00:00,1
s3://nasa-surya-bench/2012/04/20120421_1200.nc,2012-04-21 12:00:00,1
s3://nasa-surya-bench/2012/04/20120421_1800.nc,2012-04-21 18:00:00,1
s3://nasa-surya-bench/2012/04/20120422_0000.nc,2012-04-22 00:00:00,1
s3://nasa-surya-bench/2012/04/20120422_0600.nc,2012-04-22 06:00:00,1
s3://nasa-surya-bench/2012/04/20120422_1200.nc,2012-04-22 12:00:00,1
s3://nasa-surya-bench/2012/04/20120422_1800.nc,2012-04-22 18:00:00,1
s3://nasa-surya-bench/2012/04/20120423_0000.nc,2012-04-23 00:00:00,1
s3://nasa-surya-bench/2012/04/20120423_0600.nc,2012-04-23 06:00:00,1
s3://nasa-surya-bench/2012/04/20120423_1200.nc,2012-04-23 12:00:00,1
s3://nasa-surya-bench/2012/04/20120423_1800.nc,2012-04-23 18:00:00,1
s3://nasa-surya-bench/2012/04/20120424_0000.nc,2012-04-24 00:00:00,1
s3://nasa-surya-bench/2012/04/20120424_0600.nc,2012-04-24 06:00:00,1
s3://nasa-surya-bench/2012/04/20120424_1200.nc,2012-04-24 12:00:00,1
s3://nasa-surya-bench/2012/04/20120424_1800.nc,2012-04-24 18:00:00,1
s3://nasa-surya-bench/2012/04/20120425_0000.nc,2012-04-25 00:00:00,1
s3://nasa-surya-bench/2012/04/20120425_0600.nc,2012-04-25 06:00:00,1
s3://nasa-surya-bench/2012/04/20120425_1200.nc,2012-04-25 12:00:00,1
s3://nasa-surya-bench/2012/04/20120425_1800.nc,2012-04-25 18:00:00,1
s3://nasa-surya-bench/2012/04/20120426_0000.nc,2012-04-26 00:00:00,1
s3://nasa-surya-bench/2012/04/20120426_0600.nc,2012-04-26 06:00:00,1
s3://nasa-surya-bench/2012/04/20120426_1200.nc,2012-04-26 12:00:00,1
s3://nasa-surya-bench/2012/04/20120426_1800.nc,2012-04-26 18:00:00,1
s3://nasa-surya-bench/2012/04/20120427_0000.nc,2012-04-27 00:00:00,1
s3://nasa-surya-bench/2012/04/20120427_0600.nc,2012-04-27 06:00:00,1
s3://nasa-surya-bench/2012/04/20120427_1200.nc,2012-04-27 12:00:00,1
s3://nasa-surya-bench/2012/04/20120427_1800.nc,2012-04-27 18:00:00,1
s3://nasa-surya-bench/2012/04/20120428_0000.nc,2012-04-28 00:00:00,1
s3://nasa-surya-bench/2012/04/20120428_0600.nc,2012-04-28 06:00:00,1
s3://nasa-surya-bench/2012/04/20120428_1200.nc,2012-04-28 12:00:00,1
s3://nasa-surya-bench/2012/04/20120428_1800.nc,2012-04-28 18:00:00,1
s3://nasa-surya-bench/2012/04/20120429_0000.nc,2012-04-29 00:00:00,1
s3://nasa-surya-bench/2012/04/20120429_0600.nc,2012-04-29 06:00:00,1
s3://nasa-surya-bench/2012/04/20120429_1200.nc,2012-04-29 12:00:00,1
s3://nasa-surya-bench/2012/04/20120429_1800.nc,2012-04-29 18:00:00,1
s3://nasa-surya-bench/2012/04/20120430_0000.nc,2012-04-30 00:00:00,1
s3://nasa-surya-bench/2012/04/20120430_0600.nc,2012-04-30 06:00:00,1
s3://nasa-surya-bench/2012/04/20120430_1200.nc,2012-04-30 12:00:00,1
s3://nasa-surya-bench/2012/04/20120430_1800.nc,2012-04-30 18:00:00,1
s3://nasa-surya-bench/2012/05/20120501_0000.nc,2012-05-01 00:00:00,1
s3://nasa-surya-bench/2012/05/20120501_0600.nc,2012-05-01 06:00:00,1
s3://nasa-surya-bench/2012/05/20120501_1200.nc,2012-05-01 12:00:00,1
s3://nasa-surya-bench/2012/05/20120501_1800.nc,2012-05-01 18:00:00,1
s3://nasa-surya-bench/2012/05/20120502_0000.nc,2012-05-02 00:00:00,1
s3://nasa-surya-bench/2012/05/20120502_0600.nc,2012-05-02 06:00:00,1
s3://nasa-surya-bench/2012/05/20120502_1200.nc,2012-05-02 12:00:00,1
s3://nasa-surya-bench/2012/05/20120502_1800.nc,2012-05-02 18:00:00,1
s3://nasa-surya-bench/2012/05/20120503_0000.nc,2012-05-03 00:00:00,1
s3://nasa-surya-bench/2012/05/20120503_0600.nc,2012-05-03 06:00:00,1
s3://nasa-surya-bench/2012/05/20120503_1200.nc,2012-05-03 12:00:00,1
s3://nasa-surya-bench/2012/05/20120503_1800.nc,2012-05-03 18:00:00,1
s3://nasa-surya-bench/2012/05/20120504_0000.nc,2012-05-04 00:00:00,1
s3://nasa-surya-bench/2012/05/20120504_0600.nc,2012-05-04 06:00:00,1
s3://nasa-surya-bench/2012/05/20120504_1200.nc,2012-05-04 12:00:00,1
s3://nasa-surya-bench/2012/05/20120504_1800.nc,2012-05-04 18:00:00,1
s3://nasa-surya-bench/2012/05/20120505_0000.nc,2012-05-05 00:00:00,1
s3://nasa-surya-bench/2012/05/20120505_0600.nc,2012-05-05 06:00:00,1
s3://nasa-surya-bench/2012/05/20120505_1200.nc,2012-05-05 12:00:00,1
s3://nasa-surya-bench/2012/05/20120505_1800.nc,2012-05-05 18:00:00,1
s3://nasa-surya-bench/2012/05/20120506_0000.nc,2012-05-06 00:00:00,1
s3://nasa-surya-bench/2012/05/20120506_0600.nc,2012-05-06 06:00:00,1
s3://nasa-surya-bench/2012/05/20120506_1200.nc,2012-05-06 12:00:00,1
s3://nasa-surya-bench/2012/05/20120506_1800.nc,2012-05-06 18:00:00,1
s3://nasa-surya-bench/2012/05/20120507_0000.nc,2012-05-07 00:00:00,1
s3://nasa-surya-bench/2012/05/20120507_0600.nc,2012-05-07 06:00:00,1
s3://nasa-surya-bench/2012/05/20120507_1200.nc,2012-05-07 12:00:00,1
s3://nasa-surya-bench/2012/05/20120507_1800.nc,2012-05-07 18:00:00,1
s3://nasa-surya-bench/2012/05/20120508_0000.nc,2012-05-08 00:00:00,1
s3://nasa-surya-bench/2012/05/20120508_0600.nc,2012-05-08 06:00:00,1
s3://nasa-surya-bench/2012/05/20120508_1200.nc,2012-05-08 12:00:00,1
s3://nasa-surya-bench/2012/05/20120508_1800.nc,2012-05-08 18:00:00,1
s3://nasa-surya-bench/2012/05/20120509_0600.nc,2012-05-09 06:00:00,1
s3://nasa-surya-bench/2012/05/20120509_1200.nc,2012-05-09 12:00:00,1
s3://nasa-surya-bench/2012/05/20120509_1800.nc,2012-05-09 18:00:00,1
s3://nasa-surya-bench/2012/05/20120510_0000.nc,2012-05-10 00:00:00,1
s3://nasa-surya-bench/2012/05/20120510_0600.nc,2012-05-10 06:00:00,1
s3://nasa-surya-bench/2012/05/20120510_1200.nc,2012-05-10 12:00:00,1
s3://nasa-surya-bench/2012/05/20120510_1800.nc,2012-05-10 18:00:00,1
s3://nasa-surya-bench/2012/05/20120511_0000.nc,2012-05-11 00:00:00,1
s3://nasa-surya-bench/2012/05/20120511_0600.nc,2012-05-11 06:00:00,1
s3://nasa-surya-bench/2012/05/20120511_1200.nc,2012-05-11 12:00:00,1
s3://nasa-surya-bench/2012/05/20120511_1800.nc,2012-05-11 18:00:00,1
s3://nasa-surya-bench/2012/05/20120512_0000.nc,2012-05-12 00:00:00,1
s3://nasa-surya-bench/2012/05/20120512_0600.nc,2012-05-12 06:00:00,1
s3://nasa-surya-bench/2012/05/20120512_1200.nc,2012-05-12 12:00:00,1
s3://nasa-surya-bench/2012/05/20120512_1800.nc,2012-05-12 18:00:00,1
s3://nasa-surya-bench/2012/05/20120513_0000.nc,2012-05-13 00:00:00,1
s3://nasa-surya-bench/2012/05/20120513_0600.nc,2012-05-13 06:00:00,1
s3://nasa-surya-bench/2012/05/20120513_1200.nc,2012-05-13 12:00:00,1
s3://nasa-surya-bench/2012/05/20120513_1800.nc,2012-05-13 18:00:00,1
s3://nasa-surya-bench/2012/05/20120514_0000.nc,2012-05-14 00:00:00,1
s3://nasa-surya-bench/2012/05/20120514_0600.nc,2012-05-14 06:00:00,1
s3://nasa-surya-bench/2012/05/20120514_1200.nc,2012-05-14 12:00:00,1
s3://nasa-surya-bench/2012/05/20120514_1800.nc,2012-05-14 18:00:00,1
s3://nasa-surya-bench/2012/05/20120515_0000.nc,2012-05-15 00:00:00,1
s3://nasa-surya-bench/2012/05/20120515_0600.nc,2012-05-15 06:00:00,1
s3://nasa-surya-bench/2012/05/20120515_1200.nc,2012-05-15 12:00:00,1
s3://nasa-surya-bench/2012/05/20120515_1800.nc,2012-05-15 18:00:00,1
s3://nasa-surya-bench/2012/05/20120516_0000.nc,2012-05-16 00:00:00,1
s3://nasa-surya-bench/2012/05/20120516_0600.nc,2012-05-16 06:00:00,1
s3://nasa-surya-bench/2012/05/20120516_1200.nc,2012-05-16 12:00:00,1
s3://nasa-surya-bench/2012/05/20120517_0000.nc,2012-05-17 00:00:00,1
s3://nasa-surya-bench/2012/05/20120517_0600.nc,2012-05-17 06:00:00,1
s3://nasa-surya-bench/2012/05/20120517_1200.nc,2012-05-17 12:00:00,1
s3://nasa-surya-bench/2012/05/20120517_1800.nc,2012-05-17 18:00:00,1
s3://nasa-surya-bench/2012/05/20120518_0000.nc,2012-05-18 00:00:00,1
s3://nasa-surya-bench/2012/05/20120518_0600.nc,2012-05-18 06:00:00,1
s3://nasa-surya-bench/2012/05/20120518_1200.nc,2012-05-18 12:00:00,1
s3://nasa-surya-bench/2012/05/20120518_1800.nc,2012-05-18 18:00:00,1
s3://nasa-surya-bench/2012/05/20120519_0000.nc,2012-05-19 00:00:00,1
s3://nasa-surya-bench/2012/05/20120519_0600.nc,2012-05-19 06:00:00,1
s3://nasa-surya-bench/2012/05/20120519_1200.nc,2012-05-19 12:00:00,1
s3://nasa-surya-bench/2012/05/20120519_1800.nc,2012-05-19 18:00:00,1
s3://nasa-surya-bench/2012/05/20120520_0000.nc,2012-05-20 00:00:00,1
s3://nasa-surya-bench/2012/05/20120520_0600.nc,2012-05-20 06:00:00,1
s3://nasa-surya-bench/2012/05/20120520_1200.nc,2012-05-20 12:00:00,1
s3://nasa-surya-bench/2012/05/20120520_1800.nc,2012-05-20 18:00:00,1
s3://nasa-surya-bench/2012/05/20120521_0000.nc,2012-05-21 00:00:00,1
s3://nasa-surya-bench/2012/05/20120521_0600.nc,2012-05-21 06:00:00,1
s3://nasa-surya-bench/2012/05/20120521_1200.nc,2012-05-21 12:00:00,1
s3://nasa-surya-bench/2012/05/20120521_1800.nc,2012-05-21 18:00:00,1
s3://nasa-surya-bench/2012/05/20120522_0000.nc,2012-05-22 00:00:00,1
s3://nasa-surya-bench/2012/05/20120522_0600.nc,2012-05-22 06:00:00,1
s3://nasa-surya-bench/2012/05/20120522_1200.nc,2012-05-22 12:00:00,1
s3://nasa-surya-bench/2012/05/20120522_1800.nc,2012-05-22 18:00:00,1
s3://nasa-surya-bench/2012/05/20120523_0000.nc,2012-05-23 00:00:00,1
s3://nasa-surya-bench/2012/05/20120523_0600.nc,2012-05-23 06:00:00,1
s3://nasa-surya-bench/2012/05/20120523_1200.nc,2012-05-23 12:00:00,1
s3://nasa-surya-bench/2012/05/20120523_1800.nc,2012-05-23 18:00:00,1
s3://nasa-surya-bench/2012/05/20120524_0000.nc,2012-05-24 00:00:00,1
s3://nasa-surya-bench/2012/05/20120524_0600.nc,2012-05-24 06:00:00,1
s3://nasa-surya-bench/2012/05/20120524_1200.nc,2012-05-24 12:00:00,1
s3://nasa-surya-bench/2012/05/20120525_0600.nc,2012-05-25 06:00:00,1
s3://nasa-surya-bench/2012/05/20120525_1200.nc,2012-05-25 12:00:00,1
s3://nasa-surya-bench/2012/05/20120525_1800.nc,2012-05-25 18:00:00,1
s3://nasa-surya-bench/2012/05/20120526_0000.nc,2012-05-26 00:00:00,1
s3://nasa-surya-bench/2012/05/20120526_0600.nc,2012-05-26 06:00:00,1
s3://nasa-surya-bench/2012/05/20120526_1200.nc,2012-05-26 12:00:00,1
s3://nasa-surya-bench/2012/05/20120526_1800.nc,2012-05-26 18:00:00,1
s3://nasa-surya-bench/2012/05/20120527_0000.nc,2012-05-27 00:00:00,1
s3://nasa-surya-bench/2012/05/20120527_0600.nc,2012-05-27 06:00:00,1
s3://nasa-surya-bench/2012/05/20120527_1200.nc,2012-05-27 12:00:00,1
s3://nasa-surya-bench/2012/05/20120527_1800.nc,2012-05-27 18:00:00,1
s3://nasa-surya-bench/2012/05/20120528_0000.nc,2012-05-28 00:00:00,1
s3://nasa-surya-bench/2012/05/20120528_0600.nc,2012-05-28 06:00:00,1
s3://nasa-surya-bench/2012/05/20120528_1200.nc,2012-05-28 12:00:00,1
s3://nasa-surya-bench/2012/05/20120528_1800.nc,2012-05-28 18:00:00,1
s3://nasa-surya-bench/2012/05/20120529_0000.nc,2012-05-29 00:00:00,1
s3://nasa-surya-bench/2012/05/20120529_0600.nc,2012-05-29 06:00:00,1
s3://nasa-surya-bench/2012/05/20120529_1200.nc,2012-05-29 12:00:00,1
s3://nasa-surya-bench/2012/05/20120529_1800.nc,2012-05-29 18:00:00,1
s3://nasa-surya-bench/2012/05/20120530_0000.nc,2012-05-30 00:00:00,1
s3://nasa-surya-bench/2012/05/20120530_0600.nc,2012-05-30 06:00:00,1
s3://nasa-surya-bench/2012/05/20120530_1200.nc,2012-05-30 12:00:00,1
s3://nasa-surya-bench/2012/05/20120530_1800.nc,2012-05-30 18:00:00,1
s3://nasa-surya-bench/2012/05/20120531_0000.nc,2012-05-31 00:00:00,1
s3://nasa-surya-bench/2012/05/20120531_0600.nc,2012-05-31 06:00:00,1
s3://nasa-surya-bench/2012/05/20120531_1200.nc,2012-05-31 12:00:00,1
s3://nasa-surya-bench/2012/05/20120531_1800.nc,2012-05-31 18:00:00,1
s3://nasa-surya-bench/2012/06/20120601_0000.nc,2012-06-01 00:00:00,1
s3://nasa-surya-bench/2012/06/20120601_0600.nc,2012-06-01 06:00:00,1
s3://nasa-surya-bench/2012/06/20120601_1200.nc,2012-06-01 12:00:00,1
s3://nasa-surya-bench/2012/06/20120601_1800.nc,2012-06-01 18:00:00,1
s3://nasa-surya-bench/2012/06/20120602_0000.nc,2012-06-02 00:00:00,1
s3://nasa-surya-bench/2012/06/20120602_0600.nc,2012-06-02 06:00:00,1
s3://nasa-surya-bench/2012/06/20120602_1200.nc,2012-06-02 12:00:00,1
s3://nasa-surya-bench/2012/06/20120602_1800.nc,2012-06-02 18:00:00,1
s3://nasa-surya-bench/2012/06/20120603_0000.nc,2012-06-03 00:00:00,1
s3://nasa-surya-bench/2012/06/20120603_0600.nc,2012-06-03 06:00:00,1
s3://nasa-surya-bench/2012/06/20120603_1200.nc,2012-06-03 12:00:00,1
s3://nasa-surya-bench/2012/06/20120603_1800.nc,2012-06-03 18:00:00,1
s3://nasa-surya-bench/2012/06/20120604_0000.nc,2012-06-04 00:00:00,1
s3://nasa-surya-bench/2012/06/20120604_0600.nc,2012-06-04 06:00:00,1
s3://nasa-surya-bench/2012/06/20120604_1200.nc,2012-06-04 12:00:00,1
s3://nasa-surya-bench/2012/06/20120604_1800.nc,2012-06-04 18:00:00,1
s3://nasa-surya-bench/2012/06/20120605_0000.nc,2012-06-05 00:00:00,1
s3://nasa-surya-bench/2012/06/20120605_0600.nc,2012-06-05 06:00:00,1
s3://nasa-surya-bench/2012/06/20120605_1200.nc,2012-06-05 12:00:00,1
s3://nasa-surya-bench/2012/06/20120605_1800.nc,2012-06-05 18:00:00,1
s3://nasa-surya-bench/2012/06/20120606_0600.nc,2012-06-06 06:00:00,1
s3://nasa-surya-bench/2012/06/20120606_1200.nc,2012-06-06 12:00:00,1
s3://nasa-surya-bench/2012/06/20120606_1800.nc,2012-06-06 18:00:00,1
s3://nasa-surya-bench/2012/06/20120607_0000.nc,2012-06-07 00:00:00,1
s3://nasa-surya-bench/2012/06/20120607_0600.nc,2012-06-07 06:00:00,1
s3://nasa-surya-bench/2012/06/20120607_1200.nc,2012-06-07 12:00:00,1
s3://nasa-surya-bench/2012/06/20120607_1800.nc,2012-06-07 18:00:00,1
s3://nasa-surya-bench/2012/06/20120608_0000.nc,2012-06-08 00:00:00,1
s3://nasa-surya-bench/2012/06/20120608_0600.nc,2012-06-08 06:00:00,1
s3://nasa-surya-bench/2012/06/20120608_1200.nc,2012-06-08 12:00:00,1
s3://nasa-surya-bench/2012/06/20120608_1800.nc,2012-06-08 18:00:00,1
s3://nasa-surya-bench/2012/06/20120609_0000.nc,2012-06-09 00:00:00,1
s3://nasa-surya-bench/2012/06/20120609_0600.nc,2012-06-09 06:00:00,1
s3://nasa-surya-bench/2012/06/20120609_1200.nc,2012-06-09 12:00:00,1
s3://nasa-surya-bench/2012/06/20120609_1800.nc,2012-06-09 18:00:00,1
s3://nasa-surya-bench/2012/06/20120610_0000.nc,2012-06-10 00:00:00,1
s3://nasa-surya-bench/2012/06/20120610_0600.nc,2012-06-10 06:00:00,1
s3://nasa-surya-bench/2012/06/20120610_1200.nc,2012-06-10 12:00:00,1
s3://nasa-surya-bench/2012/06/20120610_1800.nc,2012-06-10 18:00:00,1
s3://nasa-surya-bench/2012/06/20120611_0000.nc,2012-06-11 00:00:00,1
s3://nasa-surya-bench/2012/06/20120611_0600.nc,2012-06-11 06:00:00,1
s3://nasa-surya-bench/2012/06/20120611_1200.nc,2012-06-11 12:00:00,1
s3://nasa-surya-bench/2012/06/20120611_1800.nc,2012-06-11 18:00:00,1
s3://nasa-surya-bench/2012/06/20120612_0000.nc,2012-06-12 00:00:00,1
s3://nasa-surya-bench/2012/06/20120612_0600.nc,2012-06-12 06:00:00,1
s3://nasa-surya-bench/2012/06/20120612_1200.nc,2012-06-12 12:00:00,1
s3://nasa-surya-bench/2012/06/20120612_1800.nc,2012-06-12 18:00:00,1
s3://nasa-surya-bench/2012/06/20120613_0000.nc,2012-06-13 00:00:00,1
s3://nasa-surya-bench/2012/06/20120613_0600.nc,2012-06-13 06:00:00,1
s3://nasa-surya-bench/2012/06/20120613_1200.nc,2012-06-13 12:00:00,1
s3://nasa-surya-bench/2012/06/20120613_1800.nc,2012-06-13 18:00:00,1
s3://nasa-surya-bench/2012/06/20120614_0000.nc,2012-06-14 00:00:00,1
s3://nasa-surya-bench/2012/06/20120614_0600.nc,2012-06-14 06:00:00,1
s3://nasa-surya-bench/2012/06/20120614_1200.nc,2012-06-14 12:00:00,1
s3://nasa-surya-bench/2012/06/20120614_1800.nc,2012-06-14 18:00:00,1
s3://nasa-surya-bench/2012/06/20120615_0000.nc,2012-06-15 00:00:00,1
s3://nasa-surya-bench/2012/06/20120615_0600.nc,2012-06-15 06:00:00,1
s3://nasa-surya-bench/2012/06/20120615_1200.nc,2012-06-15 12:00:00,1
s3://nasa-surya-bench/2012/06/20120615_1800.nc,2012-06-15 18:00:00,1
s3://nasa-surya-bench/2012/06/20120616_0000.nc,2012-06-16 00:00:00,1
s3://nasa-surya-bench/2012/06/20120616_0600.nc,2012-06-16 06:00:00,1
s3://nasa-surya-bench/2012/06/20120616_1200.nc,2012-06-16 12:00:00,1
s3://nasa-surya-bench/2012/06/20120616_1800.nc,2012-06-16 18:00:00,1
s3://nasa-surya-bench/2012/06/20120617_0000.nc,2012-06-17 00:00:00,1
s3://nasa-surya-bench/2012/06/20120617_0600.nc,2012-06-17 06:00:00,1
s3://nasa-surya-bench/2012/06/20120617_1200.nc,2012-06-17 12:00:00,1
s3://nasa-surya-bench/2012/06/20120617_1800.nc,2012-06-17 18:00:00,1
s3://nasa-surya-bench/2012/06/20120618_0000.nc,2012-06-18 00:00:00,1
s3://nasa-surya-bench/2012/06/20120618_0600.nc,2012-06-18 06:00:00,1
s3://nasa-surya-bench/2012/06/20120618_1200.nc,2012-06-18 12:00:00,1
s3://nasa-surya-bench/2012/06/20120618_1800.nc,2012-06-18 18:00:00,1
s3://nasa-surya-bench/2012/06/20120619_0000.nc,2012-06-19 00:00:00,1
s3://nasa-surya-bench/2012/06/20120619_0600.nc,2012-06-19 06:00:00,1
s3://nasa-surya-bench/2012/06/20120619_1200.nc,2012-06-19 12:00:00,1
s3://nasa-surya-bench/2012/06/20120619_1800.nc,2012-06-19 18:00:00,1
s3://nasa-surya-bench/2012/06/20120620_0000.nc,2012-06-20 00:00:00,1
s3://nasa-surya-bench/2012/06/20120620_0600.nc,2012-06-20 06:00:00,1
s3://nasa-surya-bench/2012/06/20120620_1200.nc,2012-06-20 12:00:00,1
s3://nasa-surya-bench/2012/06/20120620_1800.nc,2012-06-20 18:00:00,1
s3://nasa-surya-bench/2012/06/20120621_0000.nc,2012-06-21 00:00:00,1
s3://nasa-surya-bench/2012/06/20120621_0600.nc,2012-06-21 06:00:00,1
s3://nasa-surya-bench/2012/06/20120621_1200.nc,2012-06-21 12:00:00,1
s3://nasa-surya-bench/2012/06/20120621_1800.nc,2012-06-21 18:00:00,1
s3://nasa-surya-bench/2012/06/20120622_0000.nc,2012-06-22 00:00:00,1
s3://nasa-surya-bench/2012/06/20120622_0600.nc,2012-06-22 06:00:00,1
s3://nasa-surya-bench/2012/06/20120622_1200.nc,2012-06-22 12:00:00,1
s3://nasa-surya-bench/2012/06/20120622_1800.nc,2012-06-22 18:00:00,1
s3://nasa-surya-bench/2012/06/20120623_0000.nc,2012-06-23 00:00:00,1
s3://nasa-surya-bench/2012/06/20120623_0600.nc,2012-06-23 06:00:00,1
s3://nasa-surya-bench/2012/06/20120623_1200.nc,2012-06-23 12:00:00,1
s3://nasa-surya-bench/2012/06/20120623_1800.nc,2012-06-23 18:00:00,1
s3://nasa-surya-bench/2012/06/20120624_0000.nc,2012-06-24 00:00:00,1
s3://nasa-surya-bench/2012/06/20120624_0600.nc,2012-06-24 06:00:00,1
s3://nasa-surya-bench/2012/06/20120624_1200.nc,2012-06-24 12:00:00,1
s3://nasa-surya-bench/2012/06/20120624_1800.nc,2012-06-24 18:00:00,1
s3://nasa-surya-bench/2012/06/20120625_0000.nc,2012-06-25 00:00:00,1
s3://nasa-surya-bench/2012/06/20120625_0600.nc,2012-06-25 06:00:00,1
s3://nasa-surya-bench/2012/06/20120625_1200.nc,2012-06-25 12:00:00,1
s3://nasa-surya-bench/2012/06/20120625_1800.nc,2012-06-25 18:00:00,1
s3://nasa-surya-bench/2012/06/20120626_0000.nc,2012-06-26 00:00:00,1
s3://nasa-surya-bench/2012/06/20120626_0600.nc,2012-06-26 06:00:00,1
s3://nasa-surya-bench/2012/06/20120626_1200.nc,2012-06-26 12:00:00,1
s3://nasa-surya-bench/2012/06/20120626_1800.nc,2012-06-26 18:00:00,1
s3://nasa-surya-bench/2012/06/20120627_0000.nc,2012-06-27 00:00:00,1
s3://nasa-surya-bench/2012/06/20120627_0600.nc,2012-06-27 06:00:00,1
s3://nasa-surya-bench/2012/06/20120627_1200.nc,2012-06-27 12:00:00,1
s3://nasa-surya-bench/2012/06/20120627_1800.nc,2012-06-27 18:00:00,1
s3://nasa-surya-bench/2012/06/20120628_0000.nc,2012-06-28 00:00:00,1
s3://nasa-surya-bench/2012/06/20120628_0600.nc,2012-06-28 06:00:00,1
s3://nasa-surya-bench/2012/06/20120628_1200.nc,2012-06-28 12:00:00,1
s3://nasa-surya-bench/2012/06/20120628_1800.nc,2012-06-28 18:00:00,1
s3://nasa-surya-bench/2012/06/20120629_0000.nc,2012-06-29 00:00:00,1
s3://nasa-surya-bench/2012/06/20120629_0600.nc,2012-06-29 06:00:00,1
s3://nasa-surya-bench/2012/06/20120629_1200.nc,2012-06-29 12:00:00,1
s3://nasa-surya-bench/2012/06/20120629_1800.nc,2012-06-29 18:00:00,1
s3://nasa-surya-bench/2012/06/20120630_0000.nc,2012-06-30 00:00:00,1
s3://nasa-surya-bench/2012/06/20120630_0600.nc,2012-06-30 06:00:00,1
s3://nasa-surya-bench/2012/06/20120630_1200.nc,2012-06-30 12:00:00,1
s3://nasa-surya-bench/2012/06/20120630_1800.nc,2012-06-30 18:00:00,1
s3://nasa-surya-bench/2012/07/20120701_0000.nc,2012-07-01 00:00:00,1
s3://nasa-surya-bench/2012/07/20120701_0600.nc,2012-07-01 06:00:00,1
s3://nasa-surya-bench/2012/07/20120701_1200.nc,2012-07-01 12:00:00,1
s3://nasa-surya-bench/2012/07/20120701_1800.nc,2012-07-01 18:00:00,1
s3://nasa-surya-bench/2012/07/20120702_0000.nc,2012-07-02 00:00:00,1
s3://nasa-surya-bench/2012/07/20120702_0600.nc,2012-07-02 06:00:00,1
s3://nasa-surya-bench/2012/07/20120702_1200.nc,2012-07-02 12:00:00,1
s3://nasa-surya-bench/2012/07/20120702_1800.nc,2012-07-02 18:00:00,1
s3://nasa-surya-bench/2012/07/20120703_0000.nc,2012-07-03 00:00:00,1
s3://nasa-surya-bench/2012/07/20120703_0600.nc,2012-07-03 06:00:00,1
s3://nasa-surya-bench/2012/07/20120703_1200.nc,2012-07-03 12:00:00,1
s3://nasa-surya-bench/2012/07/20120703_1800.nc,2012-07-03 18:00:00,1
s3://nasa-surya-bench/2012/07/20120704_0000.nc,2012-07-04 00:00:00,1
s3://nasa-surya-bench/2012/07/20120704_0600.nc,2012-07-04 06:00:00,1
s3://nasa-surya-bench/2012/07/20120704_1200.nc,2012-07-04 12:00:00,1
s3://nasa-surya-bench/2012/07/20120704_1800.nc,2012-07-04 18:00:00,1
s3://nasa-surya-bench/2012/07/20120705_0000.nc,2012-07-05 00:00:00,1
s3://nasa-surya-bench/2012/07/20120705_0600.nc,2012-07-05 06:00:00,1
s3://nasa-surya-bench/2012/07/20120705_1200.nc,2012-07-05 12:00:00,1
s3://nasa-surya-bench/2012/07/20120705_1800.nc,2012-07-05 18:00:00,1
s3://nasa-surya-bench/2012/07/20120706_0000.nc,2012-07-06 00:00:00,1
s3://nasa-surya-bench/2012/07/20120706_0600.nc,2012-07-06 06:00:00,1
s3://nasa-surya-bench/2012/07/20120706_1200.nc,2012-07-06 12:00:00,1
s3://nasa-surya-bench/2012/07/20120706_1800.nc,2012-07-06 18:00:00,1
s3://nasa-surya-bench/2012/07/20120707_0000.nc,2012-07-07 00:00:00,1
s3://nasa-surya-bench/2012/07/20120707_0600.nc,2012-07-07 06:00:00,1
s3://nasa-surya-bench/2012/07/20120707_1200.nc,2012-07-07 12:00:00,1
s3://nasa-surya-bench/2012/07/20120707_1800.nc,2012-07-07 18:00:00,1
s3://nasa-surya-bench/2012/07/20120708_0000.nc,2012-07-08 00:00:00,1
s3://nasa-surya-bench/2012/07/20120708_0600.nc,2012-07-08 06:00:00,1
s3://nasa-surya-bench/2012/07/20120708_1200.nc,2012-07-08 12:00:00,1
s3://nasa-surya-bench/2012/07/20120708_1800.nc,2012-07-08 18:00:00,1
s3://nasa-surya-bench/2012/07/20120709_0000.nc,2012-07-09 00:00:00,1
s3://nasa-surya-bench/2012/07/20120709_0600.nc,2012-07-09 06:00:00,1
s3://nasa-surya-bench/2012/07/20120709_1200.nc,2012-07-09 12:00:00,1
s3://nasa-surya-bench/2012/07/20120709_1800.nc,2012-07-09 18:00:00,1
s3://nasa-surya-bench/2012/08/20120810_1200.nc,2012-08-10 12:00:00,1
s3://nasa-surya-bench/2012/08/20120810_1800.nc,2012-08-10 18:00:00,1
s3://nasa-surya-bench/2012/08/20120811_0000.nc,2012-08-11 00:00:00,1
s3://nasa-surya-bench/2012/08/20120811_0600.nc,2012-08-11 06:00:00,1
s3://nasa-surya-bench/2012/08/20120811_1200.nc,2012-08-11 12:00:00,1
s3://nasa-surya-bench/2012/08/20120811_1800.nc,2012-08-11 18:00:00,1
s3://nasa-surya-bench/2012/08/20120812_0000.nc,2012-08-12 00:00:00,1
s3://nasa-surya-bench/2012/08/20120812_0600.nc,2012-08-12 06:00:00,1
s3://nasa-surya-bench/2012/08/20120812_1200.nc,2012-08-12 12:00:00,1
s3://nasa-surya-bench/2012/08/20120812_1800.nc,2012-08-12 18:00:00,1
s3://nasa-surya-bench/2012/08/20120813_0000.nc,2012-08-13 00:00:00,1
s3://nasa-surya-bench/2012/08/20120813_0600.nc,2012-08-13 06:00:00,1
s3://nasa-surya-bench/2012/08/20120813_1200.nc,2012-08-13 12:00:00,1
s3://nasa-surya-bench/2012/08/20120813_1800.nc,2012-08-13 18:00:00,1
s3://nasa-surya-bench/2012/08/20120814_0000.nc,2012-08-14 00:00:00,1
s3://nasa-surya-bench/2012/08/20120814_0600.nc,2012-08-14 06:00:00,1
s3://nasa-surya-bench/2012/08/20120814_1200.nc,2012-08-14 12:00:00,1
s3://nasa-surya-bench/2012/08/20120814_1800.nc,2012-08-14 18:00:00,1
s3://nasa-surya-bench/2012/08/20120815_0000.nc,2012-08-15 00:00:00,1
s3://nasa-surya-bench/2012/08/20120815_0600.nc,2012-08-15 06:00:00,1
s3://nasa-surya-bench/2012/08/20120815_1200.nc,2012-08-15 12:00:00,1
s3://nasa-surya-bench/2012/08/20120815_1800.nc,2012-08-15 18:00:00,1
s3://nasa-surya-bench/2012/08/20120816_0000.nc,2012-08-16 00:00:00,1
s3://nasa-surya-bench/2012/08/20120816_0600.nc,2012-08-16 06:00:00,1
s3://nasa-surya-bench/2012/08/20120816_1200.nc,2012-08-16 12:00:00,1
s3://nasa-surya-bench/2012/08/20120816_1800.nc,2012-08-16 18:00:00,1
s3://nasa-surya-bench/2012/08/20120817_0000.nc,2012-08-17 00:00:00,1
s3://nasa-surya-bench/2012/08/20120817_0600.nc,2012-08-17 06:00:00,1
s3://nasa-surya-bench/2012/08/20120817_1200.nc,2012-08-17 12:00:00,1
s3://nasa-surya-bench/2012/08/20120817_1800.nc,2012-08-17 18:00:00,1
s3://nasa-surya-bench/2012/08/20120818_0000.nc,2012-08-18 00:00:00,1
s3://nasa-surya-bench/2012/08/20120818_0600.nc,2012-08-18 06:00:00,1
s3://nasa-surya-bench/2012/08/20120818_1200.nc,2012-08-18 12:00:00,1
s3://nasa-surya-bench/2012/08/20120818_1800.nc,2012-08-18 18:00:00,1
s3://nasa-surya-bench/2012/08/20120819_0000.nc,2012-08-19 00:00:00,1
s3://nasa-surya-bench/2012/08/20120819_0600.nc,2012-08-19 06:00:00,1
s3://nasa-surya-bench/2012/08/20120819_1200.nc,2012-08-19 12:00:00,1
s3://nasa-surya-bench/2012/08/20120819_1800.nc,2012-08-19 18:00:00,1
s3://nasa-surya-bench/2012/08/20120820_0000.nc,2012-08-20 00:00:00,1
s3://nasa-surya-bench/2012/08/20120820_0600.nc,2012-08-20 06:00:00,1
s3://nasa-surya-bench/2012/08/20120820_1200.nc,2012-08-20 12:00:00,1
s3://nasa-surya-bench/2012/08/20120820_1800.nc,2012-08-20 18:00:00,1
s3://nasa-surya-bench/2012/08/20120821_0000.nc,2012-08-21 00:00:00,1
s3://nasa-surya-bench/2012/08/20120821_0600.nc,2012-08-21 06:00:00,1
s3://nasa-surya-bench/2012/08/20120821_1200.nc,2012-08-21 12:00:00,1
s3://nasa-surya-bench/2012/08/20120821_1800.nc,2012-08-21 18:00:00,1
s3://nasa-surya-bench/2012/08/20120822_0000.nc,2012-08-22 00:00:00,1
s3://nasa-surya-bench/2012/08/20120822_0600.nc,2012-08-22 06:00:00,1
s3://nasa-surya-bench/2012/08/20120822_1200.nc,2012-08-22 12:00:00,1
s3://nasa-surya-bench/2012/08/20120822_1800.nc,2012-08-22 18:00:00,1
s3://nasa-surya-bench/2012/08/20120823_0000.nc,2012-08-23 00:00:00,1
s3://nasa-surya-bench/2012/08/20120823_0600.nc,2012-08-23 06:00:00,1
s3://nasa-surya-bench/2012/08/20120823_1200.nc,2012-08-23 12:00:00,1
s3://nasa-surya-bench/2012/08/20120823_1800.nc,2012-08-23 18:00:00,1
s3://nasa-surya-bench/2012/08/20120824_0000.nc,2012-08-24 00:00:00,1
s3://nasa-surya-bench/2012/08/20120824_0600.nc,2012-08-24 06:00:00,1
s3://nasa-surya-bench/2012/08/20120824_1200.nc,2012-08-24 12:00:00,1
s3://nasa-surya-bench/2012/08/20120824_1800.nc,2012-08-24 18:00:00,1
s3://nasa-surya-bench/2012/08/20120825_0000.nc,2012-08-25 00:00:00,1
s3://nasa-surya-bench/2012/08/20120825_0600.nc,2012-08-25 06:00:00,1
s3://nasa-surya-bench/2012/08/20120825_1200.nc,2012-08-25 12:00:00,1
s3://nasa-surya-bench/2012/08/20120825_1800.nc,2012-08-25 18:00:00,1
s3://nasa-surya-bench/2012/08/20120826_0000.nc,2012-08-26 00:00:00,1
s3://nasa-surya-bench/2012/08/20120826_0600.nc,2012-08-26 06:00:00,1
s3://nasa-surya-bench/2012/08/20120826_1200.nc,2012-08-26 12:00:00,1
s3://nasa-surya-bench/2012/08/20120826_1800.nc,2012-08-26 18:00:00,1
s3://nasa-surya-bench/2012/08/20120827_0000.nc,2012-08-27 00:00:00,1
s3://nasa-surya-bench/2012/08/20120827_0600.nc,2012-08-27 06:00:00,1
s3://nasa-surya-bench/2012/08/20120827_1200.nc,2012-08-27 12:00:00,1
s3://nasa-surya-bench/2012/08/20120827_1800.nc,2012-08-27 18:00:00,1
s3://nasa-surya-bench/2012/08/20120828_0000.nc,2012-08-28 00:00:00,1
s3://nasa-surya-bench/2012/08/20120828_0600.nc,2012-08-28 06:00:00,1
s3://nasa-surya-bench/2012/08/20120828_1200.nc,2012-08-28 12:00:00,1
s3://nasa-surya-bench/2012/08/20120828_1800.nc,2012-08-28 18:00:00,1
s3://nasa-surya-bench/2012/08/20120829_0000.nc,2012-08-29 00:00:00,1
s3://nasa-surya-bench/2012/08/20120829_0600.nc,2012-08-29 06:00:00,1
s3://nasa-surya-bench/2012/08/20120829_1200.nc,2012-08-29 12:00:00,1
s3://nasa-surya-bench/2012/08/20120829_1800.nc,2012-08-29 18:00:00,1
s3://nasa-surya-bench/2012/08/20120830_0000.nc,2012-08-30 00:00:00,1
s3://nasa-surya-bench/2012/08/20120830_0600.nc,2012-08-30 06:00:00,1
s3://nasa-surya-bench/2012/08/20120830_1200.nc,2012-08-30 12:00:00,1
s3://nasa-surya-bench/2012/08/20120830_1800.nc,2012-08-30 18:00:00,1
s3://nasa-surya-bench/2012/08/20120831_0000.nc,2012-08-31 00:00:00,1
s3://nasa-surya-bench/2012/08/20120831_0600.nc,2012-08-31 06:00:00,1
s3://nasa-surya-bench/2012/08/20120831_1200.nc,2012-08-31 12:00:00,1
s3://nasa-surya-bench/2012/08/20120831_1800.nc,2012-08-31 18:00:00,1
s3://nasa-surya-bench/2012/09/20120901_0000.nc,2012-09-01 00:00:00,1
s3://nasa-surya-bench/2012/09/20120901_0600.nc,2012-09-01 06:00:00,1
s3://nasa-surya-bench/2012/09/20120901_1200.nc,2012-09-01 12:00:00,1
s3://nasa-surya-bench/2012/09/20120901_1800.nc,2012-09-01 18:00:00,1
s3://nasa-surya-bench/2012/09/20120902_0000.nc,2012-09-02 00:00:00,1
s3://nasa-surya-bench/2012/09/20120902_0600.nc,2012-09-02 06:00:00,1
s3://nasa-surya-bench/2012/09/20120902_1200.nc,2012-09-02 12:00:00,1
s3://nasa-surya-bench/2012/09/20120902_1800.nc,2012-09-02 18:00:00,1
s3://nasa-surya-bench/2012/09/20120903_0000.nc,2012-09-03 00:00:00,1
s3://nasa-surya-bench/2012/09/20120903_0600.nc,2012-09-03 06:00:00,1
s3://nasa-surya-bench/2012/09/20120903_1200.nc,2012-09-03 12:00:00,1
s3://nasa-surya-bench/2012/09/20120903_1800.nc,2012-09-03 18:00:00,1
s3://nasa-surya-bench/2012/09/20120904_0000.nc,2012-09-04 00:00:00,1
s3://nasa-surya-bench/2012/09/20120904_0600.nc,2012-09-04 06:00:00,1
s3://nasa-surya-bench/2012/09/20120904_1200.nc,2012-09-04 12:00:00,1
s3://nasa-surya-bench/2012/09/20120904_1800.nc,2012-09-04 18:00:00,1
s3://nasa-surya-bench/2012/09/20120905_0000.nc,2012-09-05 00:00:00,1
s3://nasa-surya-bench/2012/09/20120905_0600.nc,2012-09-05 06:00:00,1
s3://nasa-surya-bench/2012/09/20120905_1200.nc,2012-09-05 12:00:00,1
s3://nasa-surya-bench/2012/09/20120905_1800.nc,2012-09-05 18:00:00,1
s3://nasa-surya-bench/2012/09/20120906_0000.nc,2012-09-06 00:00:00,1
s3://nasa-surya-bench/2012/09/20120906_0600.nc,2012-09-06 06:00:00,1
s3://nasa-surya-bench/2012/09/20120906_1200.nc,2012-09-06 12:00:00,1
s3://nasa-surya-bench/2012/09/20120906_1800.nc,2012-09-06 18:00:00,1
s3://nasa-surya-bench/2012/09/20120907_0000.nc,2012-09-07 00:00:00,1
s3://nasa-surya-bench/2012/09/20120907_0600.nc,2012-09-07 06:00:00,1
s3://nasa-surya-bench/2012/09/20120907_1200.nc,2012-09-07 12:00:00,1
s3://nasa-surya-bench/2012/09/20120908_0000.nc,2012-09-08 00:00:00,1
s3://nasa-surya-bench/2012/09/20120908_0600.nc,2012-09-08 06:00:00,1
s3://nasa-surya-bench/2012/09/20120908_1200.nc,2012-09-08 12:00:00,1
s3://nasa-surya-bench/2012/09/20120908_1800.nc,2012-09-08 18:00:00,1
s3://nasa-surya-bench/2012/09/20120909_0000.nc,2012-09-09 00:00:00,1
s3://nasa-surya-bench/2012/09/20120909_0600.nc,2012-09-09 06:00:00,1
s3://nasa-surya-bench/2012/09/20120909_1200.nc,2012-09-09 12:00:00,1
s3://nasa-surya-bench/2012/09/20120909_1800.nc,2012-09-09 18:00:00,1
s3://nasa-surya-bench/2012/09/20120910_0000.nc,2012-09-10 00:00:00,1
s3://nasa-surya-bench/2012/09/20120910_0600.nc,2012-09-10 06:00:00,1
s3://nasa-surya-bench/2012/09/20120910_1800.nc,2012-09-10 18:00:00,1
s3://nasa-surya-bench/2012/09/20120911_0000.nc,2012-09-11 00:00:00,1
s3://nasa-surya-bench/2012/09/20120911_0600.nc,2012-09-11 06:00:00,1
s3://nasa-surya-bench/2012/09/20120911_1800.nc,2012-09-11 18:00:00,1
s3://nasa-surya-bench/2012/09/20120912_0000.nc,2012-09-12 00:00:00,1
s3://nasa-surya-bench/2012/09/20120912_0600.nc,2012-09-12 06:00:00,1
s3://nasa-surya-bench/2012/09/20120912_1800.nc,2012-09-12 18:00:00,1
s3://nasa-surya-bench/2012/09/20120913_0000.nc,2012-09-13 00:00:00,1
s3://nasa-surya-bench/2012/09/20120913_0600.nc,2012-09-13 06:00:00,1
s3://nasa-surya-bench/2012/09/20120913_1200.nc,2012-09-13 12:00:00,1
s3://nasa-surya-bench/2012/09/20120913_1800.nc,2012-09-13 18:00:00,1
s3://nasa-surya-bench/2012/09/20120914_0000.nc,2012-09-14 00:00:00,1
s3://nasa-surya-bench/2012/09/20120914_0600.nc,2012-09-14 06:00:00,1
s3://nasa-surya-bench/2012/09/20120914_1800.nc,2012-09-14 18:00:00,1
s3://nasa-surya-bench/2012/09/20120915_0000.nc,2012-09-15 00:00:00,1
s3://nasa-surya-bench/2012/09/20120915_0600.nc,2012-09-15 06:00:00,1
s3://nasa-surya-bench/2012/09/20120915_1200.nc,2012-09-15 12:00:00,1
s3://nasa-surya-bench/2012/09/20120915_1800.nc,2012-09-15 18:00:00,1
s3://nasa-surya-bench/2012/09/20120916_0000.nc,2012-09-16 00:00:00,1
s3://nasa-surya-bench/2012/09/20120916_0600.nc,2012-09-16 06:00:00,1
s3://nasa-surya-bench/2012/09/20120916_1800.nc,2012-09-16 18:00:00,1
s3://nasa-surya-bench/2012/09/20120917_0000.nc,2012-09-17 00:00:00,1
s3://nasa-surya-bench/2012/09/20120917_1200.nc,2012-09-17 12:00:00,1
s3://nasa-surya-bench/2012/09/20120917_1800.nc,2012-09-17 18:00:00,1
s3://nasa-surya-bench/2012/09/20120918_0000.nc,2012-09-18 00:00:00,1
s3://nasa-surya-bench/2012/09/20120918_1800.nc,2012-09-18 18:00:00,1
s3://nasa-surya-bench/2012/09/20120919_0000.nc,2012-09-19 00:00:00,1
s3://nasa-surya-bench/2012/09/20120919_1800.nc,2012-09-19 18:00:00,1
s3://nasa-surya-bench/2012/09/20120920_0000.nc,2012-09-20 00:00:00,1
s3://nasa-surya-bench/2012/09/20120920_1800.nc,2012-09-20 18:00:00,1
s3://nasa-surya-bench/2012/09/20120921_0000.nc,2012-09-21 00:00:00,1
s3://nasa-surya-bench/2012/09/20120921_1800.nc,2012-09-21 18:00:00,1
s3://nasa-surya-bench/2012/09/20120922_0000.nc,2012-09-22 00:00:00,1
s3://nasa-surya-bench/2012/09/20120922_1800.nc,2012-09-22 18:00:00,1
s3://nasa-surya-bench/2012/09/20120923_0000.nc,2012-09-23 00:00:00,1
s3://nasa-surya-bench/2012/09/20120923_1200.nc,2012-09-23 12:00:00,1
s3://nasa-surya-bench/2012/09/20120923_1800.nc,2012-09-23 18:00:00,1
s3://nasa-surya-bench/2012/09/20120924_0000.nc,2012-09-24 00:00:00,1
s3://nasa-surya-bench/2012/09/20120924_1200.nc,2012-09-24 12:00:00,1
s3://nasa-surya-bench/2012/09/20120924_1800.nc,2012-09-24 18:00:00,1
s3://nasa-surya-bench/2012/09/20120925_0000.nc,2012-09-25 00:00:00,1
s3://nasa-surya-bench/2012/09/20120925_1200.nc,2012-09-25 12:00:00,1
s3://nasa-surya-bench/2012/09/20120925_1800.nc,2012-09-25 18:00:00,1
s3://nasa-surya-bench/2012/09/20120926_0000.nc,2012-09-26 00:00:00,1
s3://nasa-surya-bench/2012/09/20120926_1200.nc,2012-09-26 12:00:00,1
s3://nasa-surya-bench/2012/09/20120926_1800.nc,2012-09-26 18:00:00,1
s3://nasa-surya-bench/2012/09/20120927_0000.nc,2012-09-27 00:00:00,1
s3://nasa-surya-bench/2012/09/20120927_1200.nc,2012-09-27 12:00:00,1
s3://nasa-surya-bench/2012/09/20120927_1800.nc,2012-09-27 18:00:00,1
s3://nasa-surya-bench/2012/09/20120928_0000.nc,2012-09-28 00:00:00,1
s3://nasa-surya-bench/2012/09/20120928_0600.nc,2012-09-28 06:00:00,1
s3://nasa-surya-bench/2012/09/20120928_1200.nc,2012-09-28 12:00:00,1
s3://nasa-surya-bench/2012/09/20120928_1800.nc,2012-09-28 18:00:00,1
s3://nasa-surya-bench/2012/09/20120929_0000.nc,2012-09-29 00:00:00,1
s3://nasa-surya-bench/2012/09/20120929_0600.nc,2012-09-29 06:00:00,1
s3://nasa-surya-bench/2012/09/20120929_1200.nc,2012-09-29 12:00:00,1
s3://nasa-surya-bench/2012/09/20120929_1800.nc,2012-09-29 18:00:00,1
s3://nasa-surya-bench/2012/09/20120930_0000.nc,2012-09-30 00:00:00,1
s3://nasa-surya-bench/2012/09/20120930_0600.nc,2012-09-30 06:00:00,1
s3://nasa-surya-bench/2012/09/20120930_1200.nc,2012-09-30 12:00:00,1
s3://nasa-surya-bench/2012/09/20120930_1800.nc,2012-09-30 18:00:00,1
s3://nasa-surya-bench/2012/10/20121001_0000.nc,2012-10-01 00:00:00,1
s3://nasa-surya-bench/2012/10/20121001_0600.nc,2012-10-01 06:00:00,1
s3://nasa-surya-bench/2012/10/20121001_1200.nc,2012-10-01 12:00:00,1
s3://nasa-surya-bench/2012/10/20121001_1800.nc,2012-10-01 18:00:00,1
s3://nasa-surya-bench/2012/10/20121002_0000.nc,2012-10-02 00:00:00,1
s3://nasa-surya-bench/2012/10/20121002_0600.nc,2012-10-02 06:00:00,1
s3://nasa-surya-bench/2012/10/20121002_1200.nc,2012-10-02 12:00:00,1
s3://nasa-surya-bench/2012/10/20121002_1800.nc,2012-10-02 18:00:00,1
s3://nasa-surya-bench/2012/10/20121003_0000.nc,2012-10-03 00:00:00,1
s3://nasa-surya-bench/2012/10/20121003_0600.nc,2012-10-03 06:00:00,1
s3://nasa-surya-bench/2012/10/20121003_1200.nc,2012-10-03 12:00:00,1
s3://nasa-surya-bench/2012/10/20121003_1800.nc,2012-10-03 18:00:00,1
s3://nasa-surya-bench/2012/10/20121004_0600.nc,2012-10-04 06:00:00,1
s3://nasa-surya-bench/2012/10/20121004_1200.nc,2012-10-04 12:00:00,1
s3://nasa-surya-bench/2012/10/20121004_1800.nc,2012-10-04 18:00:00,1
s3://nasa-surya-bench/2012/10/20121005_0000.nc,2012-10-05 00:00:00,1
s3://nasa-surya-bench/2012/10/20121005_0600.nc,2012-10-05 06:00:00,1
s3://nasa-surya-bench/2012/10/20121005_1200.nc,2012-10-05 12:00:00,1
s3://nasa-surya-bench/2012/10/20121005_1800.nc,2012-10-05 18:00:00,1
s3://nasa-surya-bench/2012/10/20121006_0000.nc,2012-10-06 00:00:00,1
s3://nasa-surya-bench/2012/10/20121006_0600.nc,2012-10-06 06:00:00,1
s3://nasa-surya-bench/2012/10/20121006_1200.nc,2012-10-06 12:00:00,1
s3://nasa-surya-bench/2012/10/20121006_1800.nc,2012-10-06 18:00:00,1
s3://nasa-surya-bench/2012/10/20121007_0000.nc,2012-10-07 00:00:00,1
s3://nasa-surya-bench/2012/10/20121007_0600.nc,2012-10-07 06:00:00,1
s3://nasa-surya-bench/2012/10/20121007_1200.nc,2012-10-07 12:00:00,1
s3://nasa-surya-bench/2012/10/20121007_1800.nc,2012-10-07 18:00:00,1
s3://nasa-surya-bench/2012/10/20121008_0000.nc,2012-10-08 00:00:00,1
s3://nasa-surya-bench/2012/10/20121008_0600.nc,2012-10-08 06:00:00,1
s3://nasa-surya-bench/2012/10/20121008_1200.nc,2012-10-08 12:00:00,1
s3://nasa-surya-bench/2012/10/20121008_1800.nc,2012-10-08 18:00:00,1
s3://nasa-surya-bench/2012/10/20121009_0000.nc,2012-10-09 00:00:00,1
s3://nasa-surya-bench/2012/10/20121009_0600.nc,2012-10-09 06:00:00,1
s3://nasa-surya-bench/2012/10/20121009_1200.nc,2012-10-09 12:00:00,1
s3://nasa-surya-bench/2012/10/20121009_1800.nc,2012-10-09 18:00:00,1
s3://nasa-surya-bench/2012/10/20121010_0000.nc,2012-10-10 00:00:00,1
s3://nasa-surya-bench/2012/10/20121010_0600.nc,2012-10-10 06:00:00,1
s3://nasa-surya-bench/2012/10/20121010_1200.nc,2012-10-10 12:00:00,1
s3://nasa-surya-bench/2012/10/20121011_0000.nc,2012-10-11 00:00:00,1
s3://nasa-surya-bench/2012/10/20121011_0600.nc,2012-10-11 06:00:00,1
s3://nasa-surya-bench/2012/10/20121011_1200.nc,2012-10-11 12:00:00,1
s3://nasa-surya-bench/2012/10/20121011_1800.nc,2012-10-11 18:00:00,1
s3://nasa-surya-bench/2012/10/20121012_0000.nc,2012-10-12 00:00:00,1
s3://nasa-surya-bench/2012/10/20121012_0600.nc,2012-10-12 06:00:00,1
s3://nasa-surya-bench/2012/10/20121012_1200.nc,2012-10-12 12:00:00,1
s3://nasa-surya-bench/2012/10/20121012_1800.nc,2012-10-12 18:00:00,1
s3://nasa-surya-bench/2012/10/20121013_0000.nc,2012-10-13 00:00:00,1
s3://nasa-surya-bench/2012/10/20121013_0600.nc,2012-10-13 06:00:00,1
s3://nasa-surya-bench/2012/10/20121013_1200.nc,2012-10-13 12:00:00,1
s3://nasa-surya-bench/2012/10/20121013_1800.nc,2012-10-13 18:00:00,1
s3://nasa-surya-bench/2012/10/20121014_0000.nc,2012-10-14 00:00:00,1
s3://nasa-surya-bench/2012/10/20121014_0600.nc,2012-10-14 06:00:00,1
s3://nasa-surya-bench/2012/10/20121014_1200.nc,2012-10-14 12:00:00,1
s3://nasa-surya-bench/2012/10/20121014_1800.nc,2012-10-14 18:00:00,1
s3://nasa-surya-bench/2012/10/20121015_0000.nc,2012-10-15 00:00:00,1
s3://nasa-surya-bench/2012/10/20121015_0600.nc,2012-10-15 06:00:00,1
s3://nasa-surya-bench/2012/10/20121015_1200.nc,2012-10-15 12:00:00,1
s3://nasa-surya-bench/2012/10/20121015_1800.nc,2012-10-15 18:00:00,1
s3://nasa-surya-bench/2012/10/20121016_0000.nc,2012-10-16 00:00:00,1
s3://nasa-surya-bench/2012/10/20121016_0600.nc,2012-10-16 06:00:00,1
s3://nasa-surya-bench/2012/10/20121016_1200.nc,2012-10-16 12:00:00,1
s3://nasa-surya-bench/2012/10/20121016_1800.nc,2012-10-16 18:00:00,1
s3://nasa-surya-bench/2012/10/20121017_0000.nc,2012-10-17 00:00:00,1
s3://nasa-surya-bench/2012/10/20121017_0600.nc,2012-10-17 06:00:00,1
s3://nasa-surya-bench/2012/10/20121017_1200.nc,2012-10-17 12:00:00,1
s3://nasa-surya-bench/2012/10/20121018_0000.nc,2012-10-18 00:00:00,1
s3://nasa-surya-bench/2012/10/20121018_0600.nc,2012-10-18 06:00:00,1
s3://nasa-surya-bench/2012/10/20121018_1200.nc,2012-10-18 12:00:00,1
s3://nasa-surya-bench/2012/10/20121018_1800.nc,2012-10-18 18:00:00,1
s3://nasa-surya-bench/2012/10/20121019_0000.nc,2012-10-19 00:00:00,1
s3://nasa-surya-bench/2012/10/20121019_0600.nc,2012-10-19 06:00:00,1
s3://nasa-surya-bench/2012/10/20121019_1200.nc,2012-10-19 12:00:00,1
s3://nasa-surya-bench/2012/10/20121019_1800.nc,2012-10-19 18:00:00,1
s3://nasa-surya-bench/2012/10/20121020_0000.nc,2012-10-20 00:00:00,1
s3://nasa-surya-bench/2012/10/20121020_0600.nc,2012-10-20 06:00:00,1
s3://nasa-surya-bench/2012/10/20121020_1200.nc,2012-10-20 12:00:00,1
s3://nasa-surya-bench/2012/10/20121020_1800.nc,2012-10-20 18:00:00,1
s3://nasa-surya-bench/2012/10/20121021_0000.nc,2012-10-21 00:00:00,1
s3://nasa-surya-bench/2012/10/20121021_0600.nc,2012-10-21 06:00:00,1
s3://nasa-surya-bench/2012/10/20121021_1200.nc,2012-10-21 12:00:00,1
s3://nasa-surya-bench/2012/10/20121021_1800.nc,2012-10-21 18:00:00,1
s3://nasa-surya-bench/2012/10/20121022_0000.nc,2012-10-22 00:00:00,1
s3://nasa-surya-bench/2012/10/20121022_0600.nc,2012-10-22 06:00:00,1
s3://nasa-surya-bench/2012/10/20121022_1200.nc,2012-10-22 12:00:00,1
s3://nasa-surya-bench/2012/10/20121022_1800.nc,2012-10-22 18:00:00,1
s3://nasa-surya-bench/2012/10/20121023_0000.nc,2012-10-23 00:00:00,1
s3://nasa-surya-bench/2012/10/20121023_0600.nc,2012-10-23 06:00:00,1
s3://nasa-surya-bench/2012/10/20121023_1200.nc,2012-10-23 12:00:00,1
s3://nasa-surya-bench/2012/10/20121023_1800.nc,2012-10-23 18:00:00,1
s3://nasa-surya-bench/2012/10/20121024_0000.nc,2012-10-24 00:00:00,1
s3://nasa-surya-bench/2012/10/20121024_0600.nc,2012-10-24 06:00:00,1
s3://nasa-surya-bench/2012/10/20121024_1200.nc,2012-10-24 12:00:00,1
s3://nasa-surya-bench/2012/10/20121024_1800.nc,2012-10-24 18:00:00,1
s3://nasa-surya-bench/2012/10/20121025_0000.nc,2012-10-25 00:00:00,1
s3://nasa-surya-bench/2012/10/20121025_0600.nc,2012-10-25 06:00:00,1
s3://nasa-surya-bench/2012/10/20121025_1200.nc,2012-10-25 12:00:00,1
s3://nasa-surya-bench/2012/10/20121025_1800.nc,2012-10-25 18:00:00,1
s3://nasa-surya-bench/2012/10/20121026_0000.nc,2012-10-26 00:00:00,1
s3://nasa-surya-bench/2012/10/20121026_0600.nc,2012-10-26 06:00:00,1
s3://nasa-surya-bench/2012/10/20121026_1200.nc,2012-10-26 12:00:00,1
s3://nasa-surya-bench/2012/10/20121026_1800.nc,2012-10-26 18:00:00,1
s3://nasa-surya-bench/2012/10/20121027_0000.nc,2012-10-27 00:00:00,1
s3://nasa-surya-bench/2012/10/20121027_0600.nc,2012-10-27 06:00:00,1
s3://nasa-surya-bench/2012/10/20121027_1200.nc,2012-10-27 12:00:00,1
s3://nasa-surya-bench/2012/10/20121027_1800.nc,2012-10-27 18:00:00,1
s3://nasa-surya-bench/2012/10/20121028_0000.nc,2012-10-28 00:00:00,1
s3://nasa-surya-bench/2012/10/20121028_0600.nc,2012-10-28 06:00:00,1
s3://nasa-surya-bench/2012/10/20121028_1200.nc,2012-10-28 12:00:00,1
s3://nasa-surya-bench/2012/10/20121028_1800.nc,2012-10-28 18:00:00,1
s3://nasa-surya-bench/2012/10/20121029_0000.nc,2012-10-29 00:00:00,1
s3://nasa-surya-bench/2012/10/20121029_0600.nc,2012-10-29 06:00:00,1
s3://nasa-surya-bench/2012/10/20121029_1200.nc,2012-10-29 12:00:00,1
s3://nasa-surya-bench/2012/10/20121029_1800.nc,2012-10-29 18:00:00,1
s3://nasa-surya-bench/2012/10/20121030_0000.nc,2012-10-30 00:00:00,1
s3://nasa-surya-bench/2012/10/20121030_0600.nc,2012-10-30 06:00:00,1
s3://nasa-surya-bench/2012/10/20121030_1200.nc,2012-10-30 12:00:00,1
s3://nasa-surya-bench/2012/10/20121030_1800.nc,2012-10-30 18:00:00,1
s3://nasa-surya-bench/2012/10/20121031_0000.nc,2012-10-31 00:00:00,1
s3://nasa-surya-bench/2012/10/20121031_0600.nc,2012-10-31 06:00:00,1
s3://nasa-surya-bench/2012/10/20121031_1200.nc,2012-10-31 12:00:00,1
s3://nasa-surya-bench/2012/10/20121031_1800.nc,2012-10-31 18:00:00,1
s3://nasa-surya-bench/2012/11/20121101_0000.nc,2012-11-01 00:00:00,1
s3://nasa-surya-bench/2012/11/20121101_0600.nc,2012-11-01 06:00:00,1
s3://nasa-surya-bench/2012/11/20121101_1200.nc,2012-11-01 12:00:00,1
s3://nasa-surya-bench/2012/11/20121101_1800.nc,2012-11-01 18:00:00,1
s3://nasa-surya-bench/2012/11/20121102_0000.nc,2012-11-02 00:00:00,1
s3://nasa-surya-bench/2012/11/20121102_0600.nc,2012-11-02 06:00:00,1
s3://nasa-surya-bench/2012/11/20121102_1200.nc,2012-11-02 12:00:00,1
s3://nasa-surya-bench/2012/11/20121102_1800.nc,2012-11-02 18:00:00,1
s3://nasa-surya-bench/2012/11/20121103_0000.nc,2012-11-03 00:00:00,1
s3://nasa-surya-bench/2012/11/20121103_0600.nc,2012-11-03 06:00:00,1
s3://nasa-surya-bench/2012/11/20121103_1200.nc,2012-11-03 12:00:00,1
s3://nasa-surya-bench/2012/11/20121103_1800.nc,2012-11-03 18:00:00,1
s3://nasa-surya-bench/2012/11/20121104_0000.nc,2012-11-04 00:00:00,1
s3://nasa-surya-bench/2012/11/20121104_0600.nc,2012-11-04 06:00:00,1
s3://nasa-surya-bench/2012/11/20121104_1200.nc,2012-11-04 12:00:00,1
s3://nasa-surya-bench/2012/11/20121104_1800.nc,2012-11-04 18:00:00,1
s3://nasa-surya-bench/2012/11/20121105_0000.nc,2012-11-05 00:00:00,1
s3://nasa-surya-bench/2012/11/20121105_0600.nc,2012-11-05 06:00:00,1
s3://nasa-surya-bench/2012/11/20121105_1200.nc,2012-11-05 12:00:00,1
s3://nasa-surya-bench/2012/11/20121105_1800.nc,2012-11-05 18:00:00,1
s3://nasa-surya-bench/2012/11/20121106_0000.nc,2012-11-06 00:00:00,1
s3://nasa-surya-bench/2012/11/20121106_0600.nc,2012-11-06 06:00:00,1
s3://nasa-surya-bench/2012/11/20121106_1200.nc,2012-11-06 12:00:00,1
s3://nasa-surya-bench/2012/11/20121106_1800.nc,2012-11-06 18:00:00,1
s3://nasa-surya-bench/2012/11/20121107_0000.nc,2012-11-07 00:00:00,1
s3://nasa-surya-bench/2012/11/20121107_0600.nc,2012-11-07 06:00:00,1
s3://nasa-surya-bench/2012/11/20121107_1200.nc,2012-11-07 12:00:00,1
s3://nasa-surya-bench/2012/11/20121108_0000.nc,2012-11-08 00:00:00,1
s3://nasa-surya-bench/2012/11/20121108_0600.nc,2012-11-08 06:00:00,1
s3://nasa-surya-bench/2012/11/20121108_1200.nc,2012-11-08 12:00:00,1
s3://nasa-surya-bench/2012/11/20121108_1800.nc,2012-11-08 18:00:00,1
s3://nasa-surya-bench/2012/11/20121109_0000.nc,2012-11-09 00:00:00,1
s3://nasa-surya-bench/2012/11/20121109_0600.nc,2012-11-09 06:00:00,1
s3://nasa-surya-bench/2012/11/20121109_1200.nc,2012-11-09 12:00:00,1
s3://nasa-surya-bench/2012/11/20121109_1800.nc,2012-11-09 18:00:00,1
s3://nasa-surya-bench/2012/11/20121110_0000.nc,2012-11-10 00:00:00,1
s3://nasa-surya-bench/2012/11/20121110_0600.nc,2012-11-10 06:00:00,1
s3://nasa-surya-bench/2012/11/20121110_1200.nc,2012-11-10 12:00:00,1
s3://nasa-surya-bench/2012/11/20121110_1800.nc,2012-11-10 18:00:00,1
s3://nasa-surya-bench/2012/11/20121111_0000.nc,2012-11-11 00:00:00,1
s3://nasa-surya-bench/2012/11/20121111_0600.nc,2012-11-11 06:00:00,1
s3://nasa-surya-bench/2012/11/20121111_1200.nc,2012-11-11 12:00:00,1
s3://nasa-surya-bench/2012/11/20121111_1800.nc,2012-11-11 18:00:00,1
s3://nasa-surya-bench/2012/11/20121112_0000.nc,2012-11-12 00:00:00,1
s3://nasa-surya-bench/2012/11/20121112_0600.nc,2012-11-12 06:00:00,1
s3://nasa-surya-bench/2012/11/20121112_1200.nc,2012-11-12 12:00:00,1
s3://nasa-surya-bench/2012/11/20121112_1800.nc,2012-11-12 18:00:00,1
s3://nasa-surya-bench/2012/11/20121113_0000.nc,2012-11-13 00:00:00,1
s3://nasa-surya-bench/2012/11/20121113_0600.nc,2012-11-13 06:00:00,1
s3://nasa-surya-bench/2012/11/20121113_1200.nc,2012-11-13 12:00:00,1
s3://nasa-surya-bench/2012/11/20121113_1800.nc,2012-11-13 18:00:00,1
s3://nasa-surya-bench/2012/11/20121115_0000.nc,2012-11-15 00:00:00,1
s3://nasa-surya-bench/2012/11/20121115_0600.nc,2012-11-15 06:00:00,1
s3://nasa-surya-bench/2012/11/20121115_1200.nc,2012-11-15 12:00:00,1
s3://nasa-surya-bench/2012/11/20121115_1800.nc,2012-11-15 18:00:00,1
s3://nasa-surya-bench/2012/11/20121116_0000.nc,2012-11-16 00:00:00,1
s3://nasa-surya-bench/2012/11/20121116_0600.nc,2012-11-16 06:00:00,1
s3://nasa-surya-bench/2012/11/20121116_1200.nc,2012-11-16 12:00:00,1
s3://nasa-surya-bench/2012/11/20121116_1800.nc,2012-11-16 18:00:00,1
s3://nasa-surya-bench/2012/11/20121117_0000.nc,2012-11-17 00:00:00,1
s3://nasa-surya-bench/2012/11/20121117_0600.nc,2012-11-17 06:00:00,1
s3://nasa-surya-bench/2012/11/20121117_1200.nc,2012-11-17 12:00:00,1
s3://nasa-surya-bench/2012/11/20121117_1800.nc,2012-11-17 18:00:00,1
s3://nasa-surya-bench/2012/11/20121118_0000.nc,2012-11-18 00:00:00,1
s3://nasa-surya-bench/2012/11/20121118_0600.nc,2012-11-18 06:00:00,1
s3://nasa-surya-bench/2012/11/20121118_1200.nc,2012-11-18 12:00:00,1
s3://nasa-surya-bench/2012/11/20121118_1800.nc,2012-11-18 18:00:00,1
s3://nasa-surya-bench/2012/11/20121119_0000.nc,2012-11-19 00:00:00,1
s3://nasa-surya-bench/2012/11/20121119_0600.nc,2012-11-19 06:00:00,1
s3://nasa-surya-bench/2012/11/20121119_1200.nc,2012-11-19 12:00:00,1
s3://nasa-surya-bench/2012/11/20121119_1800.nc,2012-11-19 18:00:00,1
s3://nasa-surya-bench/2012/11/20121120_0000.nc,2012-11-20 00:00:00,1
s3://nasa-surya-bench/2012/11/20121120_0600.nc,2012-11-20 06:00:00,1
s3://nasa-surya-bench/2012/11/20121120_1200.nc,2012-11-20 12:00:00,1
s3://nasa-surya-bench/2012/11/20121120_1800.nc,2012-11-20 18:00:00,1
s3://nasa-surya-bench/2012/11/20121121_0000.nc,2012-11-21 00:00:00,1
s3://nasa-surya-bench/2012/11/20121121_0600.nc,2012-11-21 06:00:00,1
s3://nasa-surya-bench/2012/11/20121121_1200.nc,2012-11-21 12:00:00,1
s3://nasa-surya-bench/2012/11/20121121_1800.nc,2012-11-21 18:00:00,1
s3://nasa-surya-bench/2012/11/20121122_0000.nc,2012-11-22 00:00:00,1
s3://nasa-surya-bench/2012/11/20121122_0600.nc,2012-11-22 06:00:00,1
s3://nasa-surya-bench/2012/11/20121122_1200.nc,2012-11-22 12:00:00,1
s3://nasa-surya-bench/2012/11/20121122_1800.nc,2012-11-22 18:00:00,1
s3://nasa-surya-bench/2012/11/20121123_0000.nc,2012-11-23 00:00:00,1
s3://nasa-surya-bench/2012/11/20121123_0600.nc,2012-11-23 06:00:00,1
s3://nasa-surya-bench/2012/12/20121224_1800.nc,2012-12-24 18:00:00,1
s3://nasa-surya-bench/2012/12/20121225_0000.nc,2012-12-25 00:00:00,1
s3://nasa-surya-bench/2012/12/20121225_0600.nc,2012-12-25 06:00:00,1
s3://nasa-surya-bench/2012/12/20121225_1200.nc,2012-12-25 12:00:00,1
s3://nasa-surya-bench/2012/12/20121225_1800.nc,2012-12-25 18:00:00,1
s3://nasa-surya-bench/2012/12/20121226_0000.nc,2012-12-26 00:00:00,1
s3://nasa-surya-bench/2012/12/20121226_0600.nc,2012-12-26 06:00:00,1
s3://nasa-surya-bench/2012/12/20121226_1200.nc,2012-12-26 12:00:00,1
s3://nasa-surya-bench/2012/12/20121226_1800.nc,2012-12-26 18:00:00,1
s3://nasa-surya-bench/2012/12/20121227_0000.nc,2012-12-27 00:00:00,1
s3://nasa-surya-bench/2012/12/20121227_0600.nc,2012-12-27 06:00:00,1
s3://nasa-surya-bench/2012/12/20121227_1200.nc,2012-12-27 12:00:00,1
s3://nasa-surya-bench/2012/12/20121227_1800.nc,2012-12-27 18:00:00,1
s3://nasa-surya-bench/2012/12/20121228_0000.nc,2012-12-28 00:00:00,1
s3://nasa-surya-bench/2012/12/20121228_0600.nc,2012-12-28 06:00:00,1
s3://nasa-surya-bench/2012/12/20121228_1200.nc,2012-12-28 12:00:00,1
s3://nasa-surya-bench/2012/12/20121228_1800.nc,2012-12-28 18:00:00,1
s3://nasa-surya-bench/2012/12/20121229_0000.nc,2012-12-29 00:00:00,1
s3://nasa-surya-bench/2012/12/20121229_0600.nc,2012-12-29 06:00:00,1
s3://nasa-surya-bench/2012/12/20121229_1200.nc,2012-12-29 12:00:00,1
s3://nasa-surya-bench/2012/12/20121229_1800.nc,2012-12-29 18:00:00,1
s3://nasa-surya-bench/2012/12/20121230_0000.nc,2012-12-30 00:00:00,1
s3://nasa-surya-bench/2012/12/20121230_0600.nc,2012-12-30 06:00:00,1
s3://nasa-surya-bench/2012/12/20121230_1200.nc,2012-12-30 12:00:00,1
s3://nasa-surya-bench/2012/12/20121230_1800.nc,2012-12-30 18:00:00,1
s3://nasa-surya-bench/2012/12/20121231_0000.nc,2012-12-31 00:00:00,1
s3://nasa-surya-bench/2012/12/20121231_0600.nc,2012-12-31 06:00:00,1
s3://nasa-surya-bench/2012/12/20121231_1200.nc,2012-12-31 12:00:00,1
s3://nasa-surya-bench/2012/12/20121231_1800.nc,2012-12-31 18:00:00,1
s3://nasa-surya-bench/2013/01/20130101_0000.nc,2013-01-01 00:00:00,1
s3://nasa-surya-bench/2013/01/20130101_0600.nc,2013-01-01 06:00:00,1
s3://nasa-surya-bench/2013/01/20130101_1200.nc,2013-01-01 12:00:00,1
s3://nasa-surya-bench/2013/01/20130101_1800.nc,2013-01-01 18:00:00,1
s3://nasa-surya-bench/2013/01/20130102_0000.nc,2013-01-02 00:00:00,1
s3://nasa-surya-bench/2013/01/20130102_0600.nc,2013-01-02 06:00:00,1
s3://nasa-surya-bench/2013/01/20130102_1200.nc,2013-01-02 12:00:00,1
s3://nasa-surya-bench/2013/01/20130102_1800.nc,2013-01-02 18:00:00,1
s3://nasa-surya-bench/2013/01/20130103_0000.nc,2013-01-03 00:00:00,1
s3://nasa-surya-bench/2013/01/20130103_0600.nc,2013-01-03 06:00:00,1
s3://nasa-surya-bench/2013/01/20130103_1200.nc,2013-01-03 12:00:00,1
s3://nasa-surya-bench/2013/01/20130103_1800.nc,2013-01-03 18:00:00,1
s3://nasa-surya-bench/2013/01/20130104_0000.nc,2013-01-04 00:00:00,1
s3://nasa-surya-bench/2013/01/20130104_0600.nc,2013-01-04 06:00:00,1
s3://nasa-surya-bench/2013/01/20130104_1200.nc,2013-01-04 12:00:00,1
s3://nasa-surya-bench/2013/01/20130104_1800.nc,2013-01-04 18:00:00,1
s3://nasa-surya-bench/2013/01/20130105_0000.nc,2013-01-05 00:00:00,1
s3://nasa-surya-bench/2013/01/20130105_0600.nc,2013-01-05 06:00:00,1
s3://nasa-surya-bench/2013/01/20130105_1200.nc,2013-01-05 12:00:00,1
s3://nasa-surya-bench/2013/01/20130105_1800.nc,2013-01-05 18:00:00,1
s3://nasa-surya-bench/2013/01/20130106_0000.nc,2013-01-06 00:00:00,1
s3://nasa-surya-bench/2013/01/20130106_0600.nc,2013-01-06 06:00:00,1
s3://nasa-surya-bench/2013/01/20130106_1200.nc,2013-01-06 12:00:00,1
s3://nasa-surya-bench/2013/01/20130106_1800.nc,2013-01-06 18:00:00,1
s3://nasa-surya-bench/2013/01/20130107_0000.nc,2013-01-07 00:00:00,1
s3://nasa-surya-bench/2013/01/20130107_0600.nc,2013-01-07 06:00:00,1
s3://nasa-surya-bench/2013/01/20130107_1200.nc,2013-01-07 12:00:00,1
s3://nasa-surya-bench/2013/01/20130107_1800.nc,2013-01-07 18:00:00,1
s3://nasa-surya-bench/2013/01/20130108_0000.nc,2013-01-08 00:00:00,1
s3://nasa-surya-bench/2013/01/20130108_0600.nc,2013-01-08 06:00:00,1
s3://nasa-surya-bench/2013/01/20130108_1200.nc,2013-01-08 12:00:00,1
s3://nasa-surya-bench/2013/01/20130108_1800.nc,2013-01-08 18:00:00,1
s3://nasa-surya-bench/2013/01/20130109_0000.nc,2013-01-09 00:00:00,1
s3://nasa-surya-bench/2013/01/20130109_0600.nc,2013-01-09 06:00:00,1
s3://nasa-surya-bench/2013/01/20130109_1200.nc,2013-01-09 12:00:00,1
s3://nasa-surya-bench/2013/01/20130109_1800.nc,2013-01-09 18:00:00,1
s3://nasa-surya-bench/2013/01/20130110_0000.nc,2013-01-10 00:00:00,1
s3://nasa-surya-bench/2013/01/20130110_0600.nc,2013-01-10 06:00:00,1
s3://nasa-surya-bench/2013/01/20130110_1200.nc,2013-01-10 12:00:00,1
s3://nasa-surya-bench/2013/01/20130110_1800.nc,2013-01-10 18:00:00,1
s3://nasa-surya-bench/2013/01/20130111_0000.nc,2013-01-11 00:00:00,1
s3://nasa-surya-bench/2013/01/20130111_0600.nc,2013-01-11 06:00:00,1
s3://nasa-surya-bench/2013/01/20130111_1200.nc,2013-01-11 12:00:00,1
s3://nasa-surya-bench/2013/01/20130111_1800.nc,2013-01-11 18:00:00,1
s3://nasa-surya-bench/2013/01/20130112_0000.nc,2013-01-12 00:00:00,1
s3://nasa-surya-bench/2013/01/20130112_0600.nc,2013-01-12 06:00:00,1
s3://nasa-surya-bench/2013/01/20130112_1200.nc,2013-01-12 12:00:00,1
s3://nasa-surya-bench/2013/01/20130112_1800.nc,2013-01-12 18:00:00,1
s3://nasa-surya-bench/2013/01/20130113_0000.nc,2013-01-13 00:00:00,1
s3://nasa-surya-bench/2013/01/20130113_0600.nc,2013-01-13 06:00:00,1
s3://nasa-surya-bench/2013/01/20130113_1200.nc,2013-01-13 12:00:00,1
s3://nasa-surya-bench/2013/01/20130113_1800.nc,2013-01-13 18:00:00,1
s3://nasa-surya-bench/2013/01/20130114_0000.nc,2013-01-14 00:00:00,1
s3://nasa-surya-bench/2013/01/20130114_0600.nc,2013-01-14 06:00:00,1
s3://nasa-surya-bench/2013/01/20130114_1200.nc,2013-01-14 12:00:00,1
s3://nasa-surya-bench/2013/01/20130114_1800.nc,2013-01-14 18:00:00,1
s3://nasa-surya-bench/2013/01/20130115_0000.nc,2013-01-15 00:00:00,1
s3://nasa-surya-bench/2013/01/20130115_0600.nc,2013-01-15 06:00:00,1
s3://nasa-surya-bench/2013/01/20130115_1200.nc,2013-01-15 12:00:00,1
s3://nasa-surya-bench/2013/01/20130115_1800.nc,2013-01-15 18:00:00,1
s3://nasa-surya-bench/2013/01/20130116_0000.nc,2013-01-16 00:00:00,1
s3://nasa-surya-bench/2013/01/20130116_0600.nc,2013-01-16 06:00:00,1
s3://nasa-surya-bench/2013/01/20130116_1200.nc,2013-01-16 12:00:00,1
s3://nasa-surya-bench/2013/01/20130117_0000.nc,2013-01-17 00:00:00,1
s3://nasa-surya-bench/2013/01/20130117_0600.nc,2013-01-17 06:00:00,1
s3://nasa-surya-bench/2013/01/20130117_1200.nc,2013-01-17 12:00:00,1
s3://nasa-surya-bench/2013/01/20130117_1800.nc,2013-01-17 18:00:00,1
s3://nasa-surya-bench/2013/01/20130118_0000.nc,2013-01-18 00:00:00,1
s3://nasa-surya-bench/2013/01/20130118_0600.nc,2013-01-18 06:00:00,1
s3://nasa-surya-bench/2013/01/20130118_1200.nc,2013-01-18 12:00:00,1
s3://nasa-surya-bench/2013/01/20130118_1800.nc,2013-01-18 18:00:00,1
s3://nasa-surya-bench/2013/01/20130119_0000.nc,2013-01-19 00:00:00,1
s3://nasa-surya-bench/2013/01/20130119_0600.nc,2013-01-19 06:00:00,1
s3://nasa-surya-bench/2013/01/20130119_1200.nc,2013-01-19 12:00:00,1
s3://nasa-surya-bench/2013/01/20130119_1800.nc,2013-01-19 18:00:00,1
s3://nasa-surya-bench/2013/01/20130120_0000.nc,2013-01-20 00:00:00,1
s3://nasa-surya-bench/2013/01/20130120_0600.nc,2013-01-20 06:00:00,1
s3://nasa-surya-bench/2013/01/20130120_1200.nc,2013-01-20 12:00:00,1
s3://nasa-surya-bench/2013/01/20130120_1800.nc,2013-01-20 18:00:00,1
s3://nasa-surya-bench/2013/01/20130121_0000.nc,2013-01-21 00:00:00,1
s3://nasa-surya-bench/2013/01/20130121_0600.nc,2013-01-21 06:00:00,1
s3://nasa-surya-bench/2013/01/20130121_1200.nc,2013-01-21 12:00:00,1
s3://nasa-surya-bench/2013/01/20130121_1800.nc,2013-01-21 18:00:00,1
s3://nasa-surya-bench/2013/01/20130122_0000.nc,2013-01-22 00:00:00,1
s3://nasa-surya-bench/2013/01/20130122_0600.nc,2013-01-22 06:00:00,1
s3://nasa-surya-bench/2013/01/20130122_1200.nc,2013-01-22 12:00:00,1
s3://nasa-surya-bench/2013/01/20130122_1800.nc,2013-01-22 18:00:00,1
s3://nasa-surya-bench/2013/01/20130123_0000.nc,2013-01-23 00:00:00,1
s3://nasa-surya-bench/2013/01/20130123_0600.nc,2013-01-23 06:00:00,1
s3://nasa-surya-bench/2013/01/20130123_1200.nc,2013-01-23 12:00:00,1
s3://nasa-surya-bench/2013/01/20130123_1800.nc,2013-01-23 18:00:00,1
s3://nasa-surya-bench/2013/01/20130124_0000.nc,2013-01-24 00:00:00,1
s3://nasa-surya-bench/2013/01/20130124_0600.nc,2013-01-24 06:00:00,1
s3://nasa-surya-bench/2013/01/20130124_1200.nc,2013-01-24 12:00:00,1
s3://nasa-surya-bench/2013/01/20130124_1800.nc,2013-01-24 18:00:00,1
s3://nasa-surya-bench/2013/01/20130125_0000.nc,2013-01-25 00:00:00,1
s3://nasa-surya-bench/2013/01/20130125_0600.nc,2013-01-25 06:00:00,1
s3://nasa-surya-bench/2013/01/20130125_1200.nc,2013-01-25 12:00:00,1
s3://nasa-surya-bench/2013/01/20130125_1800.nc,2013-01-25 18:00:00,1
s3://nasa-surya-bench/2013/01/20130126_0000.nc,2013-01-26 00:00:00,1
s3://nasa-surya-bench/2013/01/20130126_0600.nc,2013-01-26 06:00:00,1
s3://nasa-surya-bench/2013/01/20130126_1200.nc,2013-01-26 12:00:00,1
s3://nasa-surya-bench/2013/01/20130126_1800.nc,2013-01-26 18:00:00,1
s3://nasa-surya-bench/2013/01/20130127_0000.nc,2013-01-27 00:00:00,1
s3://nasa-surya-bench/2013/01/20130127_0600.nc,2013-01-27 06:00:00,1
s3://nasa-surya-bench/2013/01/20130127_1200.nc,2013-01-27 12:00:00,1
s3://nasa-surya-bench/2013/01/20130127_1800.nc,2013-01-27 18:00:00,1
s3://nasa-surya-bench/2013/01/20130128_0000.nc,2013-01-28 00:00:00,1
s3://nasa-surya-bench/2013/01/20130128_0600.nc,2013-01-28 06:00:00,1
s3://nasa-surya-bench/2013/01/20130128_1200.nc,2013-01-28 12:00:00,1
s3://nasa-surya-bench/2013/01/20130128_1800.nc,2013-01-28 18:00:00,1
s3://nasa-surya-bench/2013/01/20130129_0000.nc,2013-01-29 00:00:00,1
s3://nasa-surya-bench/2013/01/20130129_0600.nc,2013-01-29 06:00:00,1
s3://nasa-surya-bench/2013/01/20130129_1200.nc,2013-01-29 12:00:00,1
s3://nasa-surya-bench/2013/01/20130129_1800.nc,2013-01-29 18:00:00,1
s3://nasa-surya-bench/2013/01/20130130_0000.nc,2013-01-30 00:00:00,1
s3://nasa-surya-bench/2013/01/20130130_0600.nc,2013-01-30 06:00:00,1
s3://nasa-surya-bench/2013/01/20130130_1200.nc,2013-01-30 12:00:00,1
s3://nasa-surya-bench/2013/01/20130131_0000.nc,2013-01-31 00:00:00,1
s3://nasa-surya-bench/2013/01/20130131_0600.nc,2013-01-31 06:00:00,1
s3://nasa-surya-bench/2013/01/20130131_1200.nc,2013-01-31 12:00:00,1
s3://nasa-surya-bench/2013/01/20130131_1800.nc,2013-01-31 18:00:00,1
s3://nasa-surya-bench/2013/02/20130201_0000.nc,2013-02-01 00:00:00,1
s3://nasa-surya-bench/2013/02/20130201_0600.nc,2013-02-01 06:00:00,1
s3://nasa-surya-bench/2013/02/20130201_1200.nc,2013-02-01 12:00:00,1
s3://nasa-surya-bench/2013/02/20130201_1800.nc,2013-02-01 18:00:00,1
s3://nasa-surya-bench/2013/02/20130202_0000.nc,2013-02-02 00:00:00,1
s3://nasa-surya-bench/2013/02/20130202_0600.nc,2013-02-02 06:00:00,1
s3://nasa-surya-bench/2013/02/20130202_1200.nc,2013-02-02 12:00:00,1
s3://nasa-surya-bench/2013/02/20130202_1800.nc,2013-02-02 18:00:00,1
s3://nasa-surya-bench/2013/02/20130203_0000.nc,2013-02-03 00:00:00,1
s3://nasa-surya-bench/2013/02/20130203_0600.nc,2013-02-03 06:00:00,1
s3://nasa-surya-bench/2013/02/20130203_1200.nc,2013-02-03 12:00:00,1
s3://nasa-surya-bench/2013/02/20130203_1800.nc,2013-02-03 18:00:00,1
s3://nasa-surya-bench/2013/02/20130204_0000.nc,2013-02-04 00:00:00,1
s3://nasa-surya-bench/2013/02/20130204_0600.nc,2013-02-04 06:00:00,1
s3://nasa-surya-bench/2013/02/20130204_1200.nc,2013-02-04 12:00:00,1
s3://nasa-surya-bench/2013/02/20130204_1800.nc,2013-02-04 18:00:00,1
s3://nasa-surya-bench/2013/02/20130205_0000.nc,2013-02-05 00:00:00,1
s3://nasa-surya-bench/2013/02/20130205_0600.nc,2013-02-05 06:00:00,1
s3://nasa-surya-bench/2013/02/20130205_1200.nc,2013-02-05 12:00:00,1
s3://nasa-surya-bench/2013/02/20130205_1800.nc,2013-02-05 18:00:00,1
s3://nasa-surya-bench/2013/02/20130206_0000.nc,2013-02-06 00:00:00,1
s3://nasa-surya-bench/2013/02/20130206_0600.nc,2013-02-06 06:00:00,1
s3://nasa-surya-bench/2013/02/20130206_1200.nc,2013-02-06 12:00:00,1
s3://nasa-surya-bench/2013/02/20130206_1800.nc,2013-02-06 18:00:00,1
s3://nasa-surya-bench/2013/02/20130207_0000.nc,2013-02-07 00:00:00,1
s3://nasa-surya-bench/2013/02/20130207_0600.nc,2013-02-07 06:00:00,1
s3://nasa-surya-bench/2013/02/20130207_1200.nc,2013-02-07 12:00:00,1
s3://nasa-surya-bench/2013/02/20130207_1800.nc,2013-02-07 18:00:00,1
s3://nasa-surya-bench/2013/02/20130208_0000.nc,2013-02-08 00:00:00,1
s3://nasa-surya-bench/2013/02/20130208_0600.nc,2013-02-08 06:00:00,1
s3://nasa-surya-bench/2013/02/20130208_1200.nc,2013-02-08 12:00:00,1
s3://nasa-surya-bench/2013/02/20130208_1800.nc,2013-02-08 18:00:00,1
s3://nasa-surya-bench/2013/02/20130209_0000.nc,2013-02-09 00:00:00,1
s3://nasa-surya-bench/2013/02/20130209_0600.nc,2013-02-09 06:00:00,1
s3://nasa-surya-bench/2013/02/20130209_1200.nc,2013-02-09 12:00:00,1
s3://nasa-surya-bench/2013/02/20130209_1800.nc,2013-02-09 18:00:00,1
s3://nasa-surya-bench/2013/02/20130210_0000.nc,2013-02-10 00:00:00,1
s3://nasa-surya-bench/2013/02/20130210_0600.nc,2013-02-10 06:00:00,1
s3://nasa-surya-bench/2013/02/20130210_1200.nc,2013-02-10 12:00:00,1
s3://nasa-surya-bench/2013/02/20130210_1800.nc,2013-02-10 18:00:00,1
s3://nasa-surya-bench/2013/02/20130211_0000.nc,2013-02-11 00:00:00,1
s3://nasa-surya-bench/2013/02/20130211_0600.nc,2013-02-11 06:00:00,1
s3://nasa-surya-bench/2013/02/20130211_1200.nc,2013-02-11 12:00:00,1
s3://nasa-surya-bench/2013/02/20130211_1800.nc,2013-02-11 18:00:00,1
s3://nasa-surya-bench/2013/02/20130212_0000.nc,2013-02-12 00:00:00,1
s3://nasa-surya-bench/2013/02/20130212_0600.nc,2013-02-12 06:00:00,1
s3://nasa-surya-bench/2013/02/20130212_1200.nc,2013-02-12 12:00:00,1
s3://nasa-surya-bench/2013/02/20130212_1800.nc,2013-02-12 18:00:00,1
s3://nasa-surya-bench/2013/02/20130213_0000.nc,2013-02-13 00:00:00,1
s3://nasa-surya-bench/2013/02/20130213_0600.nc,2013-02-13 06:00:00,1
s3://nasa-surya-bench/2013/02/20130213_1200.nc,2013-02-13 12:00:00,1
s3://nasa-surya-bench/2013/02/20130213_1800.nc,2013-02-13 18:00:00,1
s3://nasa-surya-bench/2013/02/20130214_0000.nc,2013-02-14 00:00:00,1
s3://nasa-surya-bench/2013/02/20130214_0600.nc,2013-02-14 06:00:00,1
s3://nasa-surya-bench/2013/02/20130214_1200.nc,2013-02-14 12:00:00,1
s3://nasa-surya-bench/2013/02/20130214_1800.nc,2013-02-14 18:00:00,1
s3://nasa-surya-bench/2013/02/20130215_0000.nc,2013-02-15 00:00:00,1
s3://nasa-surya-bench/2013/02/20130215_0600.nc,2013-02-15 06:00:00,1
s3://nasa-surya-bench/2013/02/20130215_1200.nc,2013-02-15 12:00:00,1
s3://nasa-surya-bench/2013/02/20130215_1800.nc,2013-02-15 18:00:00,1
s3://nasa-surya-bench/2013/02/20130216_0000.nc,2013-02-16 00:00:00,1
s3://nasa-surya-bench/2013/02/20130216_0600.nc,2013-02-16 06:00:00,1
s3://nasa-surya-bench/2013/02/20130216_1200.nc,2013-02-16 12:00:00,1
s3://nasa-surya-bench/2013/02/20130216_1800.nc,2013-02-16 18:00:00,1
s3://nasa-surya-bench/2013/02/20130217_0000.nc,2013-02-17 00:00:00,1
s3://nasa-surya-bench/2013/02/20130217_0600.nc,2013-02-17 06:00:00,1
s3://nasa-surya-bench/2013/02/20130217_1200.nc,2013-02-17 12:00:00,1
s3://nasa-surya-bench/2013/02/20130217_1800.nc,2013-02-17 18:00:00,1
s3://nasa-surya-bench/2013/02/20130218_0000.nc,2013-02-18 00:00:00,1
s3://nasa-surya-bench/2013/02/20130218_0600.nc,2013-02-18 06:00:00,1
s3://nasa-surya-bench/2013/02/20130218_1200.nc,2013-02-18 12:00:00,1
s3://nasa-surya-bench/2013/02/20130218_1800.nc,2013-02-18 18:00:00,1
s3://nasa-surya-bench/2013/02/20130219_0000.nc,2013-02-19 00:00:00,1
s3://nasa-surya-bench/2013/02/20130219_0600.nc,2013-02-19 06:00:00,1
s3://nasa-surya-bench/2013/02/20130219_1200.nc,2013-02-19 12:00:00,1
s3://nasa-surya-bench/2013/02/20130219_1800.nc,2013-02-19 18:00:00,1
s3://nasa-surya-bench/2013/02/20130220_0000.nc,2013-02-20 00:00:00,1
s3://nasa-surya-bench/2013/02/20130220_0600.nc,2013-02-20 06:00:00,1
s3://nasa-surya-bench/2013/02/20130220_1200.nc,2013-02-20 12:00:00,1
s3://nasa-surya-bench/2013/02/20130220_1800.nc,2013-02-20 18:00:00,1
s3://nasa-surya-bench/2013/02/20130221_0000.nc,2013-02-21 00:00:00,1
s3://nasa-surya-bench/2013/02/20130221_0600.nc,2013-02-21 06:00:00,1
s3://nasa-surya-bench/2013/02/20130221_1200.nc,2013-02-21 12:00:00,1
s3://nasa-surya-bench/2013/02/20130221_1800.nc,2013-02-21 18:00:00,1
s3://nasa-surya-bench/2013/02/20130222_0000.nc,2013-02-22 00:00:00,1
s3://nasa-surya-bench/2013/02/20130222_0600.nc,2013-02-22 06:00:00,1
s3://nasa-surya-bench/2013/02/20130222_1200.nc,2013-02-22 12:00:00,1
s3://nasa-surya-bench/2013/02/20130222_1800.nc,2013-02-22 18:00:00,1
s3://nasa-surya-bench/2013/02/20130223_0000.nc,2013-02-23 00:00:00,1
s3://nasa-surya-bench/2013/02/20130223_0600.nc,2013-02-23 06:00:00,1
s3://nasa-surya-bench/2013/02/20130223_1200.nc,2013-02-23 12:00:00,1
s3://nasa-surya-bench/2013/02/20130223_1800.nc,2013-02-23 18:00:00,1
s3://nasa-surya-bench/2013/02/20130224_0000.nc,2013-02-24 00:00:00,1
s3://nasa-surya-bench/2013/02/20130224_0600.nc,2013-02-24 06:00:00,1
s3://nasa-surya-bench/2013/02/20130224_1200.nc,2013-02-24 12:00:00,1
s3://nasa-surya-bench/2013/02/20130224_1800.nc,2013-02-24 18:00:00,1
s3://nasa-surya-bench/2013/02/20130225_0000.nc,2013-02-25 00:00:00,1
s3://nasa-surya-bench/2013/02/20130225_0600.nc,2013-02-25 06:00:00,1
s3://nasa-surya-bench/2013/02/20130225_1200.nc,2013-02-25 12:00:00,1
s3://nasa-surya-bench/2013/02/20130225_1800.nc,2013-02-25 18:00:00,1
s3://nasa-surya-bench/2013/02/20130226_0000.nc,2013-02-26 00:00:00,1
s3://nasa-surya-bench/2013/02/20130226_0600.nc,2013-02-26 06:00:00,1
s3://nasa-surya-bench/2013/02/20130226_1200.nc,2013-02-26 12:00:00,1
s3://nasa-surya-bench/2013/02/20130226_1800.nc,2013-02-26 18:00:00,1
s3://nasa-surya-bench/2013/02/20130227_0000.nc,2013-02-27 00:00:00,1
s3://nasa-surya-bench/2013/02/20130227_0600.nc,2013-02-27 06:00:00,1
s3://nasa-surya-bench/2013/02/20130227_1200.nc,2013-02-27 12:00:00,1
s3://nasa-surya-bench/2013/02/20130227_1800.nc,2013-02-27 18:00:00,1
s3://nasa-surya-bench/2013/02/20130228_0000.nc,2013-02-28 00:00:00,1
s3://nasa-surya-bench/2013/02/20130228_0600.nc,2013-02-28 06:00:00,1
s3://nasa-surya-bench/2013/02/20130228_1200.nc,2013-02-28 12:00:00,1
s3://nasa-surya-bench/2013/02/20130228_1800.nc,2013-02-28 18:00:00,1
s3://nasa-surya-bench/2013/03/20130301_0000.nc,2013-03-01 00:00:00,1
s3://nasa-surya-bench/2013/03/20130301_0600.nc,2013-03-01 06:00:00,1
s3://nasa-surya-bench/2013/03/20130301_1200.nc,2013-03-01 12:00:00,1
s3://nasa-surya-bench/2013/03/20130301_1800.nc,2013-03-01 18:00:00,1
s3://nasa-surya-bench/2013/03/20130302_0000.nc,2013-03-02 00:00:00,1
s3://nasa-surya-bench/2013/03/20130302_0600.nc,2013-03-02 06:00:00,1
s3://nasa-surya-bench/2013/03/20130302_1200.nc,2013-03-02 12:00:00,1
s3://nasa-surya-bench/2013/03/20130302_1800.nc,2013-03-02 18:00:00,1
s3://nasa-surya-bench/2013/03/20130303_0000.nc,2013-03-03 00:00:00,1
s3://nasa-surya-bench/2013/03/20130303_0600.nc,2013-03-03 06:00:00,1
s3://nasa-surya-bench/2013/03/20130303_1200.nc,2013-03-03 12:00:00,1
s3://nasa-surya-bench/2013/03/20130303_1800.nc,2013-03-03 18:00:00,1
s3://nasa-surya-bench/2013/03/20130304_0000.nc,2013-03-04 00:00:00,1
s3://nasa-surya-bench/2013/03/20130304_0600.nc,2013-03-04 06:00:00,1
s3://nasa-surya-bench/2013/03/20130304_1200.nc,2013-03-04 12:00:00,1
s3://nasa-surya-bench/2013/03/20130304_1800.nc,2013-03-04 18:00:00,1
s3://nasa-surya-bench/2013/03/20130305_0000.nc,2013-03-05 00:00:00,1
s3://nasa-surya-bench/2013/03/20130305_0600.nc,2013-03-05 06:00:00,1
s3://nasa-surya-bench/2013/03/20130305_1200.nc,2013-03-05 12:00:00,1
s3://nasa-surya-bench/2013/03/20130305_1800.nc,2013-03-05 18:00:00,1
s3://nasa-surya-bench/2013/03/20130306_0000.nc,2013-03-06 00:00:00,1
s3://nasa-surya-bench/2013/03/20130306_0600.nc,2013-03-06 06:00:00,1
s3://nasa-surya-bench/2013/03/20130306_1200.nc,2013-03-06 12:00:00,1
s3://nasa-surya-bench/2013/03/20130306_1800.nc,2013-03-06 18:00:00,1
s3://nasa-surya-bench/2013/03/20130307_0000.nc,2013-03-07 00:00:00,1
s3://nasa-surya-bench/2013/03/20130307_0600.nc,2013-03-07 06:00:00,1
s3://nasa-surya-bench/2013/03/20130307_1200.nc,2013-03-07 12:00:00,1
s3://nasa-surya-bench/2013/03/20130307_1800.nc,2013-03-07 18:00:00,1
s3://nasa-surya-bench/2013/03/20130308_0000.nc,2013-03-08 00:00:00,1
s3://nasa-surya-bench/2013/03/20130308_0600.nc,2013-03-08 06:00:00,1
s3://nasa-surya-bench/2013/03/20130308_1200.nc,2013-03-08 12:00:00,1
s3://nasa-surya-bench/2013/03/20130308_1800.nc,2013-03-08 18:00:00,1
s3://nasa-surya-bench/2013/03/20130309_0000.nc,2013-03-09 00:00:00,1
s3://nasa-surya-bench/2013/03/20130309_0600.nc,2013-03-09 06:00:00,1
s3://nasa-surya-bench/2013/03/20130309_1200.nc,2013-03-09 12:00:00,1
s3://nasa-surya-bench/2013/03/20130309_1800.nc,2013-03-09 18:00:00,1
s3://nasa-surya-bench/2013/03/20130310_0000.nc,2013-03-10 00:00:00,1
s3://nasa-surya-bench/2013/03/20130310_0600.nc,2013-03-10 06:00:00,1
s3://nasa-surya-bench/2013/03/20130310_1200.nc,2013-03-10 12:00:00,1
s3://nasa-surya-bench/2013/03/20130310_1800.nc,2013-03-10 18:00:00,1
s3://nasa-surya-bench/2013/03/20130311_0000.nc,2013-03-11 00:00:00,1
s3://nasa-surya-bench/2013/03/20130311_0600.nc,2013-03-11 06:00:00,1
s3://nasa-surya-bench/2013/03/20130311_1800.nc,2013-03-11 18:00:00,1
s3://nasa-surya-bench/2013/03/20130312_0000.nc,2013-03-12 00:00:00,1
s3://nasa-surya-bench/2013/03/20130312_0600.nc,2013-03-12 06:00:00,1
s3://nasa-surya-bench/2013/03/20130312_1200.nc,2013-03-12 12:00:00,1
s3://nasa-surya-bench/2013/03/20130312_1800.nc,2013-03-12 18:00:00,1
s3://nasa-surya-bench/2013/03/20130313_0000.nc,2013-03-13 00:00:00,1
s3://nasa-surya-bench/2013/03/20130313_0600.nc,2013-03-13 06:00:00,1
s3://nasa-surya-bench/2013/03/20130313_1200.nc,2013-03-13 12:00:00,1
s3://nasa-surya-bench/2013/03/20130313_1800.nc,2013-03-13 18:00:00,1
s3://nasa-surya-bench/2013/03/20130314_0000.nc,2013-03-14 00:00:00,1
s3://nasa-surya-bench/2013/03/20130314_0600.nc,2013-03-14 06:00:00,1
s3://nasa-surya-bench/2013/03/20130314_1200.nc,2013-03-14 12:00:00,1
s3://nasa-surya-bench/2013/03/20130314_1800.nc,2013-03-14 18:00:00,1
s3://nasa-surya-bench/2013/03/20130315_0000.nc,2013-03-15 00:00:00,1
s3://nasa-surya-bench/2013/03/20130315_0600.nc,2013-03-15 06:00:00,1
s3://nasa-surya-bench/2013/03/20130315_1200.nc,2013-03-15 12:00:00,1
s3://nasa-surya-bench/2013/03/20130315_1800.nc,2013-03-15 18:00:00,1
s3://nasa-surya-bench/2013/03/20130316_0000.nc,2013-03-16 00:00:00,1
s3://nasa-surya-bench/2013/03/20130316_0600.nc,2013-03-16 06:00:00,1
s3://nasa-surya-bench/2013/03/20130316_1200.nc,2013-03-16 12:00:00,1
s3://nasa-surya-bench/2013/03/20130316_1800.nc,2013-03-16 18:00:00,1
s3://nasa-surya-bench/2013/03/20130317_0000.nc,2013-03-17 00:00:00,1
s3://nasa-surya-bench/2013/03/20130317_0600.nc,2013-03-17 06:00:00,1
s3://nasa-surya-bench/2013/03/20130317_1200.nc,2013-03-17 12:00:00,1
s3://nasa-surya-bench/2013/03/20130317_1800.nc,2013-03-17 18:00:00,1
s3://nasa-surya-bench/2013/03/20130318_0000.nc,2013-03-18 00:00:00,1
s3://nasa-surya-bench/2013/03/20130318_0600.nc,2013-03-18 06:00:00,1
s3://nasa-surya-bench/2013/03/20130318_1200.nc,2013-03-18 12:00:00,1
s3://nasa-surya-bench/2013/03/20130318_1800.nc,2013-03-18 18:00:00,1
s3://nasa-surya-bench/2013/03/20130319_0000.nc,2013-03-19 00:00:00,1
s3://nasa-surya-bench/2013/03/20130319_0600.nc,2013-03-19 06:00:00,1
s3://nasa-surya-bench/2013/03/20130319_1200.nc,2013-03-19 12:00:00,1
s3://nasa-surya-bench/2013/03/20130319_1800.nc,2013-03-19 18:00:00,1
s3://nasa-surya-bench/2013/03/20130320_0000.nc,2013-03-20 00:00:00,1
s3://nasa-surya-bench/2013/03/20130320_0600.nc,2013-03-20 06:00:00,1
s3://nasa-surya-bench/2013/03/20130320_1200.nc,2013-03-20 12:00:00,1
s3://nasa-surya-bench/2013/03/20130320_1800.nc,2013-03-20 18:00:00,1
s3://nasa-surya-bench/2013/03/20130321_0000.nc,2013-03-21 00:00:00,1
s3://nasa-surya-bench/2013/03/20130321_0600.nc,2013-03-21 06:00:00,1
s3://nasa-surya-bench/2013/03/20130321_1200.nc,2013-03-21 12:00:00,1
s3://nasa-surya-bench/2013/03/20130321_1800.nc,2013-03-21 18:00:00,1
s3://nasa-surya-bench/2013/03/20130322_0000.nc,2013-03-22 00:00:00,1
s3://nasa-surya-bench/2013/03/20130322_0600.nc,2013-03-22 06:00:00,1
s3://nasa-surya-bench/2013/03/20130322_1200.nc,2013-03-22 12:00:00,1
s3://nasa-surya-bench/2013/03/20130322_1800.nc,2013-03-22 18:00:00,1
s3://nasa-surya-bench/2013/03/20130323_0000.nc,2013-03-23 00:00:00,1
s3://nasa-surya-bench/2013/03/20130323_0600.nc,2013-03-23 06:00:00,1
s3://nasa-surya-bench/2013/03/20130323_1200.nc,2013-03-23 12:00:00,1
s3://nasa-surya-bench/2013/03/20130323_1800.nc,2013-03-23 18:00:00,1
s3://nasa-surya-bench/2013/03/20130324_0000.nc,2013-03-24 00:00:00,1
s3://nasa-surya-bench/2013/03/20130324_0600.nc,2013-03-24 06:00:00,1
s3://nasa-surya-bench/2013/03/20130324_1200.nc,2013-03-24 12:00:00,1
s3://nasa-surya-bench/2013/03/20130324_1800.nc,2013-03-24 18:00:00,1
s3://nasa-surya-bench/2013/03/20130325_0000.nc,2013-03-25 00:00:00,1
s3://nasa-surya-bench/2013/03/20130325_0600.nc,2013-03-25 06:00:00,1
s3://nasa-surya-bench/2013/03/20130325_1200.nc,2013-03-25 12:00:00,1
s3://nasa-surya-bench/2013/03/20130325_1800.nc,2013-03-25 18:00:00,1
s3://nasa-surya-bench/2013/03/20130326_0000.nc,2013-03-26 00:00:00,1
s3://nasa-surya-bench/2013/03/20130326_0600.nc,2013-03-26 06:00:00,1
s3://nasa-surya-bench/2013/03/20130326_1200.nc,2013-03-26 12:00:00,1
s3://nasa-surya-bench/2013/03/20130326_1800.nc,2013-03-26 18:00:00,1
s3://nasa-surya-bench/2013/03/20130327_0000.nc,2013-03-27 00:00:00,1
s3://nasa-surya-bench/2013/03/20130327_0600.nc,2013-03-27 06:00:00,1
s3://nasa-surya-bench/2013/03/20130327_1200.nc,2013-03-27 12:00:00,1
s3://nasa-surya-bench/2013/03/20130327_1800.nc,2013-03-27 18:00:00,1
s3://nasa-surya-bench/2013/03/20130328_0000.nc,2013-03-28 00:00:00,1
s3://nasa-surya-bench/2013/03/20130328_0600.nc,2013-03-28 06:00:00,1
s3://nasa-surya-bench/2013/03/20130328_1200.nc,2013-03-28 12:00:00,1
s3://nasa-surya-bench/2013/03/20130329_0000.nc,2013-03-29 00:00:00,1
s3://nasa-surya-bench/2013/03/20130329_0600.nc,2013-03-29 06:00:00,1
s3://nasa-surya-bench/2013/03/20130329_1200.nc,2013-03-29 12:00:00,1
s3://nasa-surya-bench/2013/03/20130329_1800.nc,2013-03-29 18:00:00,1
s3://nasa-surya-bench/2013/03/20130330_0000.nc,2013-03-30 00:00:00,1
s3://nasa-surya-bench/2013/03/20130330_0600.nc,2013-03-30 06:00:00,1
s3://nasa-surya-bench/2013/03/20130330_1200.nc,2013-03-30 12:00:00,1
s3://nasa-surya-bench/2013/03/20130330_1800.nc,2013-03-30 18:00:00,1
s3://nasa-surya-bench/2013/03/20130331_0000.nc,2013-03-31 00:00:00,1
s3://nasa-surya-bench/2013/03/20130331_0600.nc,2013-03-31 06:00:00,1
s3://nasa-surya-bench/2013/03/20130331_1200.nc,2013-03-31 12:00:00,1
s3://nasa-surya-bench/2013/03/20130331_1800.nc,2013-03-31 18:00:00,1
s3://nasa-surya-bench/2013/04/20130401_0000.nc,2013-04-01 00:00:00,1
s3://nasa-surya-bench/2013/04/20130401_0600.nc,2013-04-01 06:00:00,1
s3://nasa-surya-bench/2013/04/20130401_1200.nc,2013-04-01 12:00:00,1
s3://nasa-surya-bench/2013/04/20130401_1800.nc,2013-04-01 18:00:00,1
s3://nasa-surya-bench/2013/04/20130402_0000.nc,2013-04-02 00:00:00,1
s3://nasa-surya-bench/2013/04/20130402_0600.nc,2013-04-02 06:00:00,1
s3://nasa-surya-bench/2013/04/20130402_1200.nc,2013-04-02 12:00:00,1
s3://nasa-surya-bench/2013/04/20130402_1800.nc,2013-04-02 18:00:00,1
s3://nasa-surya-bench/2013/04/20130403_0000.nc,2013-04-03 00:00:00,1
s3://nasa-surya-bench/2013/04/20130403_1800.nc,2013-04-03 18:00:00,1
s3://nasa-surya-bench/2013/04/20130404_0000.nc,2013-04-04 00:00:00,1
s3://nasa-surya-bench/2013/04/20130404_0600.nc,2013-04-04 06:00:00,1
s3://nasa-surya-bench/2013/04/20130404_1200.nc,2013-04-04 12:00:00,1
s3://nasa-surya-bench/2013/04/20130404_1800.nc,2013-04-04 18:00:00,1
s3://nasa-surya-bench/2013/04/20130405_0000.nc,2013-04-05 00:00:00,1
s3://nasa-surya-bench/2013/04/20130405_0600.nc,2013-04-05 06:00:00,1
s3://nasa-surya-bench/2013/04/20130405_1200.nc,2013-04-05 12:00:00,1
s3://nasa-surya-bench/2013/04/20130405_1800.nc,2013-04-05 18:00:00,1
s3://nasa-surya-bench/2013/04/20130406_0000.nc,2013-04-06 00:00:00,1
s3://nasa-surya-bench/2013/04/20130406_0600.nc,2013-04-06 06:00:00,1
s3://nasa-surya-bench/2013/04/20130406_1200.nc,2013-04-06 12:00:00,1
s3://nasa-surya-bench/2013/04/20130406_1800.nc,2013-04-06 18:00:00,1
s3://nasa-surya-bench/2013/04/20130407_0000.nc,2013-04-07 00:00:00,1
s3://nasa-surya-bench/2013/04/20130407_0600.nc,2013-04-07 06:00:00,1
s3://nasa-surya-bench/2013/04/20130407_1200.nc,2013-04-07 12:00:00,1
s3://nasa-surya-bench/2013/04/20130407_1800.nc,2013-04-07 18:00:00,1
s3://nasa-surya-bench/2013/04/20130408_0000.nc,2013-04-08 00:00:00,1
s3://nasa-surya-bench/2013/04/20130408_0600.nc,2013-04-08 06:00:00,1
s3://nasa-surya-bench/2013/04/20130408_1200.nc,2013-04-08 12:00:00,1
s3://nasa-surya-bench/2013/05/20130510_0600.nc,2013-05-10 06:00:00,1
s3://nasa-surya-bench/2013/05/20130510_1200.nc,2013-05-10 12:00:00,1
s3://nasa-surya-bench/2013/05/20130510_1800.nc,2013-05-10 18:00:00,1
s3://nasa-surya-bench/2013/05/20130511_0000.nc,2013-05-11 00:00:00,1
s3://nasa-surya-bench/2013/05/20130511_0600.nc,2013-05-11 06:00:00,1
s3://nasa-surya-bench/2013/05/20130511_1200.nc,2013-05-11 12:00:00,1
s3://nasa-surya-bench/2013/05/20130511_1800.nc,2013-05-11 18:00:00,1
s3://nasa-surya-bench/2013/05/20130512_0000.nc,2013-05-12 00:00:00,1
s3://nasa-surya-bench/2013/05/20130512_0600.nc,2013-05-12 06:00:00,1
s3://nasa-surya-bench/2013/05/20130512_1200.nc,2013-05-12 12:00:00,1
s3://nasa-surya-bench/2013/05/20130512_1800.nc,2013-05-12 18:00:00,1
s3://nasa-surya-bench/2013/05/20130513_0000.nc,2013-05-13 00:00:00,1
s3://nasa-surya-bench/2013/05/20130513_0600.nc,2013-05-13 06:00:00,1
s3://nasa-surya-bench/2013/05/20130513_1200.nc,2013-05-13 12:00:00,1
s3://nasa-surya-bench/2013/05/20130513_1800.nc,2013-05-13 18:00:00,1
s3://nasa-surya-bench/2013/05/20130514_0000.nc,2013-05-14 00:00:00,1
s3://nasa-surya-bench/2013/05/20130514_0600.nc,2013-05-14 06:00:00,1
s3://nasa-surya-bench/2013/05/20130514_1200.nc,2013-05-14 12:00:00,1
s3://nasa-surya-bench/2013/05/20130514_1800.nc,2013-05-14 18:00:00,1
s3://nasa-surya-bench/2013/05/20130515_0000.nc,2013-05-15 00:00:00,1
s3://nasa-surya-bench/2013/05/20130515_0600.nc,2013-05-15 06:00:00,1
s3://nasa-surya-bench/2013/05/20130515_1200.nc,2013-05-15 12:00:00,1
s3://nasa-surya-bench/2013/05/20130516_0000.nc,2013-05-16 00:00:00,1
s3://nasa-surya-bench/2013/05/20130516_0600.nc,2013-05-16 06:00:00,1
s3://nasa-surya-bench/2013/05/20130516_1200.nc,2013-05-16 12:00:00,1
s3://nasa-surya-bench/2013/05/20130516_1800.nc,2013-05-16 18:00:00,1
s3://nasa-surya-bench/2013/05/20130517_0000.nc,2013-05-17 00:00:00,1
s3://nasa-surya-bench/2013/05/20130517_0600.nc,2013-05-17 06:00:00,1
s3://nasa-surya-bench/2013/05/20130517_1200.nc,2013-05-17 12:00:00,1
s3://nasa-surya-bench/2013/05/20130517_1800.nc,2013-05-17 18:00:00,1
s3://nasa-surya-bench/2013/05/20130518_0000.nc,2013-05-18 00:00:00,1
s3://nasa-surya-bench/2013/05/20130518_0600.nc,2013-05-18 06:00:00,1
s3://nasa-surya-bench/2013/05/20130518_1200.nc,2013-05-18 12:00:00,1
s3://nasa-surya-bench/2013/05/20130518_1800.nc,2013-05-18 18:00:00,1
s3://nasa-surya-bench/2013/05/20130519_0000.nc,2013-05-19 00:00:00,1
s3://nasa-surya-bench/2013/05/20130519_0600.nc,2013-05-19 06:00:00,1
s3://nasa-surya-bench/2013/05/20130519_1200.nc,2013-05-19 12:00:00,1
s3://nasa-surya-bench/2013/05/20130519_1800.nc,2013-05-19 18:00:00,1
s3://nasa-surya-bench/2013/05/20130520_0000.nc,2013-05-20 00:00:00,1
s3://nasa-surya-bench/2013/05/20130520_0600.nc,2013-05-20 06:00:00,1
s3://nasa-surya-bench/2013/05/20130520_1200.nc,2013-05-20 12:00:00,1
s3://nasa-surya-bench/2013/05/20130520_1800.nc,2013-05-20 18:00:00,1
s3://nasa-surya-bench/2013/05/20130521_0000.nc,2013-05-21 00:00:00,1
s3://nasa-surya-bench/2013/05/20130521_0600.nc,2013-05-21 06:00:00,1
s3://nasa-surya-bench/2013/05/20130521_1200.nc,2013-05-21 12:00:00,1
s3://nasa-surya-bench/2013/05/20130521_1800.nc,2013-05-21 18:00:00,1
s3://nasa-surya-bench/2013/05/20130522_0000.nc,2013-05-22 00:00:00,1
s3://nasa-surya-bench/2013/05/20130522_0600.nc,2013-05-22 06:00:00,1
s3://nasa-surya-bench/2013/05/20130522_1200.nc,2013-05-22 12:00:00,1
s3://nasa-surya-bench/2013/05/20130522_1800.nc,2013-05-22 18:00:00,1
s3://nasa-surya-bench/2013/05/20130523_0000.nc,2013-05-23 00:00:00,1
s3://nasa-surya-bench/2013/05/20130523_0600.nc,2013-05-23 06:00:00,1
s3://nasa-surya-bench/2013/05/20130523_1200.nc,2013-05-23 12:00:00,1
s3://nasa-surya-bench/2013/05/20130523_1800.nc,2013-05-23 18:00:00,1
s3://nasa-surya-bench/2013/05/20130524_0000.nc,2013-05-24 00:00:00,1
s3://nasa-surya-bench/2013/05/20130524_0600.nc,2013-05-24 06:00:00,1
s3://nasa-surya-bench/2013/05/20130524_1200.nc,2013-05-24 12:00:00,1
s3://nasa-surya-bench/2013/05/20130524_1800.nc,2013-05-24 18:00:00,1
s3://nasa-surya-bench/2013/05/20130525_0000.nc,2013-05-25 00:00:00,1
s3://nasa-surya-bench/2013/05/20130525_0600.nc,2013-05-25 06:00:00,1
s3://nasa-surya-bench/2013/05/20130525_1200.nc,2013-05-25 12:00:00,1
s3://nasa-surya-bench/2013/05/20130525_1800.nc,2013-05-25 18:00:00,1
s3://nasa-surya-bench/2013/05/20130526_0000.nc,2013-05-26 00:00:00,1
s3://nasa-surya-bench/2013/05/20130526_0600.nc,2013-05-26 06:00:00,1
s3://nasa-surya-bench/2013/05/20130526_1200.nc,2013-05-26 12:00:00,1
s3://nasa-surya-bench/2013/05/20130526_1800.nc,2013-05-26 18:00:00,1
s3://nasa-surya-bench/2013/05/20130527_0000.nc,2013-05-27 00:00:00,1
s3://nasa-surya-bench/2013/05/20130527_0600.nc,2013-05-27 06:00:00,1
s3://nasa-surya-bench/2013/05/20130527_1200.nc,2013-05-27 12:00:00,1
s3://nasa-surya-bench/2013/05/20130527_1800.nc,2013-05-27 18:00:00,1
s3://nasa-surya-bench/2013/05/20130528_0600.nc,2013-05-28 06:00:00,1
s3://nasa-surya-bench/2013/05/20130528_1200.nc,2013-05-28 12:00:00,1
s3://nasa-surya-bench/2013/05/20130528_1800.nc,2013-05-28 18:00:00,1
s3://nasa-surya-bench/2013/05/20130529_0000.nc,2013-05-29 00:00:00,1
s3://nasa-surya-bench/2013/05/20130529_0600.nc,2013-05-29 06:00:00,1
s3://nasa-surya-bench/2013/05/20130529_1200.nc,2013-05-29 12:00:00,1
s3://nasa-surya-bench/2013/05/20130529_1800.nc,2013-05-29 18:00:00,1
s3://nasa-surya-bench/2013/05/20130530_0000.nc,2013-05-30 00:00:00,1
s3://nasa-surya-bench/2013/05/20130530_0600.nc,2013-05-30 06:00:00,1
s3://nasa-surya-bench/2013/05/20130530_1200.nc,2013-05-30 12:00:00,1
s3://nasa-surya-bench/2013/05/20130530_1800.nc,2013-05-30 18:00:00,1
s3://nasa-surya-bench/2013/05/20130531_0000.nc,2013-05-31 00:00:00,1
s3://nasa-surya-bench/2013/05/20130531_0600.nc,2013-05-31 06:00:00,1
s3://nasa-surya-bench/2013/05/20130531_1200.nc,2013-05-31 12:00:00,1
s3://nasa-surya-bench/2013/05/20130531_1800.nc,2013-05-31 18:00:00,1
s3://nasa-surya-bench/2013/06/20130601_0000.nc,2013-06-01 00:00:00,1
s3://nasa-surya-bench/2013/06/20130601_0600.nc,2013-06-01 06:00:00,1
s3://nasa-surya-bench/2013/06/20130601_1200.nc,2013-06-01 12:00:00,1
s3://nasa-surya-bench/2013/06/20130601_1800.nc,2013-06-01 18:00:00,1
s3://nasa-surya-bench/2013/06/20130602_0000.nc,2013-06-02 00:00:00,1
s3://nasa-surya-bench/2013/06/20130602_0600.nc,2013-06-02 06:00:00,1
s3://nasa-surya-bench/2013/06/20130602_1200.nc,2013-06-02 12:00:00,1
s3://nasa-surya-bench/2013/06/20130602_1800.nc,2013-06-02 18:00:00,1
s3://nasa-surya-bench/2013/06/20130603_0000.nc,2013-06-03 00:00:00,1
s3://nasa-surya-bench/2013/06/20130603_0600.nc,2013-06-03 06:00:00,1
s3://nasa-surya-bench/2013/06/20130603_1200.nc,2013-06-03 12:00:00,1
s3://nasa-surya-bench/2013/06/20130603_1800.nc,2013-06-03 18:00:00,1
s3://nasa-surya-bench/2013/06/20130604_0000.nc,2013-06-04 00:00:00,1
s3://nasa-surya-bench/2013/06/20130604_0600.nc,2013-06-04 06:00:00,1
s3://nasa-surya-bench/2013/06/20130604_1200.nc,2013-06-04 12:00:00,1
s3://nasa-surya-bench/2013/06/20130604_1800.nc,2013-06-04 18:00:00,1
s3://nasa-surya-bench/2013/06/20130605_0000.nc,2013-06-05 00:00:00,1
s3://nasa-surya-bench/2013/06/20130605_0600.nc,2013-06-05 06:00:00,1
s3://nasa-surya-bench/2013/06/20130605_1200.nc,2013-06-05 12:00:00,1
s3://nasa-surya-bench/2013/06/20130605_1800.nc,2013-06-05 18:00:00,1
s3://nasa-surya-bench/2013/06/20130606_0000.nc,2013-06-06 00:00:00,1
s3://nasa-surya-bench/2013/06/20130606_0600.nc,2013-06-06 06:00:00,1
s3://nasa-surya-bench/2013/06/20130606_1200.nc,2013-06-06 12:00:00,1
s3://nasa-surya-bench/2013/06/20130606_1800.nc,2013-06-06 18:00:00,1
s3://nasa-surya-bench/2013/06/20130607_0000.nc,2013-06-07 00:00:00,1
s3://nasa-surya-bench/2013/06/20130607_0600.nc,2013-06-07 06:00:00,1
s3://nasa-surya-bench/2013/06/20130607_1200.nc,2013-06-07 12:00:00,1
s3://nasa-surya-bench/2013/06/20130607_1800.nc,2013-06-07 18:00:00,1
s3://nasa-surya-bench/2013/06/20130608_0000.nc,2013-06-08 00:00:00,1
s3://nasa-surya-bench/2013/06/20130608_0600.nc,2013-06-08 06:00:00,1
s3://nasa-surya-bench/2013/06/20130608_1200.nc,2013-06-08 12:00:00,1
s3://nasa-surya-bench/2013/06/20130608_1800.nc,2013-06-08 18:00:00,1
s3://nasa-surya-bench/2013/06/20130609_0000.nc,2013-06-09 00:00:00,1
s3://nasa-surya-bench/2013/06/20130609_0600.nc,2013-06-09 06:00:00,1
s3://nasa-surya-bench/2013/06/20130609_1200.nc,2013-06-09 12:00:00,1
s3://nasa-surya-bench/2013/06/20130609_1800.nc,2013-06-09 18:00:00,1
s3://nasa-surya-bench/2013/06/20130610_0000.nc,2013-06-10 00:00:00,1
s3://nasa-surya-bench/2013/06/20130610_0600.nc,2013-06-10 06:00:00,1
s3://nasa-surya-bench/2013/06/20130610_1200.nc,2013-06-10 12:00:00,1
s3://nasa-surya-bench/2013/06/20130610_1800.nc,2013-06-10 18:00:00,1
s3://nasa-surya-bench/2013/06/20130611_0000.nc,2013-06-11 00:00:00,1
s3://nasa-surya-bench/2013/06/20130611_0600.nc,2013-06-11 06:00:00,1
s3://nasa-surya-bench/2013/06/20130611_1200.nc,2013-06-11 12:00:00,1
s3://nasa-surya-bench/2013/06/20130611_1800.nc,2013-06-11 18:00:00,1
s3://nasa-surya-bench/2013/06/20130612_0000.nc,2013-06-12 00:00:00,1
s3://nasa-surya-bench/2013/06/20130612_0600.nc,2013-06-12 06:00:00,1
s3://nasa-surya-bench/2013/06/20130612_1200.nc,2013-06-12 12:00:00,1
s3://nasa-surya-bench/2013/06/20130612_1800.nc,2013-06-12 18:00:00,1
s3://nasa-surya-bench/2013/06/20130613_0000.nc,2013-06-13 00:00:00,1
s3://nasa-surya-bench/2013/06/20130613_0600.nc,2013-06-13 06:00:00,1
s3://nasa-surya-bench/2013/06/20130613_1200.nc,2013-06-13 12:00:00,1
s3://nasa-surya-bench/2013/06/20130613_1800.nc,2013-06-13 18:00:00,1
s3://nasa-surya-bench/2013/06/20130614_0000.nc,2013-06-14 00:00:00,1
s3://nasa-surya-bench/2013/06/20130614_0600.nc,2013-06-14 06:00:00,1
s3://nasa-surya-bench/2013/06/20130614_1200.nc,2013-06-14 12:00:00,1
s3://nasa-surya-bench/2013/06/20130614_1800.nc,2013-06-14 18:00:00,1
s3://nasa-surya-bench/2013/06/20130615_0000.nc,2013-06-15 00:00:00,1
s3://nasa-surya-bench/2013/06/20130615_0600.nc,2013-06-15 06:00:00,1
s3://nasa-surya-bench/2013/06/20130615_1200.nc,2013-06-15 12:00:00,1
s3://nasa-surya-bench/2013/06/20130615_1800.nc,2013-06-15 18:00:00,1
s3://nasa-surya-bench/2013/06/20130616_0000.nc,2013-06-16 00:00:00,1
s3://nasa-surya-bench/2013/06/20130616_0600.nc,2013-06-16 06:00:00,1
s3://nasa-surya-bench/2013/06/20130616_1200.nc,2013-06-16 12:00:00,1
s3://nasa-surya-bench/2013/06/20130616_1800.nc,2013-06-16 18:00:00,1
s3://nasa-surya-bench/2013/06/20130617_0000.nc,2013-06-17 00:00:00,1
s3://nasa-surya-bench/2013/06/20130617_0600.nc,2013-06-17 06:00:00,1
s3://nasa-surya-bench/2013/06/20130617_1200.nc,2013-06-17 12:00:00,1
s3://nasa-surya-bench/2013/06/20130617_1800.nc,2013-06-17 18:00:00,1
s3://nasa-surya-bench/2013/06/20130618_0000.nc,2013-06-18 00:00:00,1
s3://nasa-surya-bench/2013/06/20130618_0600.nc,2013-06-18 06:00:00,1
s3://nasa-surya-bench/2013/06/20130618_1200.nc,2013-06-18 12:00:00,1
s3://nasa-surya-bench/2013/06/20130618_1800.nc,2013-06-18 18:00:00,1
s3://nasa-surya-bench/2013/06/20130619_0000.nc,2013-06-19 00:00:00,1
s3://nasa-surya-bench/2013/06/20130619_0600.nc,2013-06-19 06:00:00,1
s3://nasa-surya-bench/2013/06/20130619_1200.nc,2013-06-19 12:00:00,1
s3://nasa-surya-bench/2013/06/20130619_1800.nc,2013-06-19 18:00:00,1
s3://nasa-surya-bench/2013/06/20130620_0000.nc,2013-06-20 00:00:00,1
s3://nasa-surya-bench/2013/06/20130620_0600.nc,2013-06-20 06:00:00,1
s3://nasa-surya-bench/2013/06/20130620_1200.nc,2013-06-20 12:00:00,1
s3://nasa-surya-bench/2013/06/20130620_1800.nc,2013-06-20 18:00:00,1
s3://nasa-surya-bench/2013/06/20130621_0000.nc,2013-06-21 00:00:00,1
s3://nasa-surya-bench/2013/06/20130621_0600.nc,2013-06-21 06:00:00,1
s3://nasa-surya-bench/2013/06/20130621_1200.nc,2013-06-21 12:00:00,1
s3://nasa-surya-bench/2013/06/20130621_1800.nc,2013-06-21 18:00:00,1
s3://nasa-surya-bench/2013/06/20130622_0000.nc,2013-06-22 00:00:00,1
s3://nasa-surya-bench/2013/06/20130622_0600.nc,2013-06-22 06:00:00,1
s3://nasa-surya-bench/2013/06/20130622_1200.nc,2013-06-22 12:00:00,1
s3://nasa-surya-bench/2013/06/20130622_1800.nc,2013-06-22 18:00:00,1
s3://nasa-surya-bench/2013/06/20130623_0000.nc,2013-06-23 00:00:00,1
s3://nasa-surya-bench/2013/06/20130623_0600.nc,2013-06-23 06:00:00,1
s3://nasa-surya-bench/2013/06/20130623_1200.nc,2013-06-23 12:00:00,1
s3://nasa-surya-bench/2013/06/20130623_1800.nc,2013-06-23 18:00:00,1
s3://nasa-surya-bench/2013/06/20130624_0000.nc,2013-06-24 00:00:00,1
s3://nasa-surya-bench/2013/06/20130624_0600.nc,2013-06-24 06:00:00,1
s3://nasa-surya-bench/2013/06/20130624_1200.nc,2013-06-24 12:00:00,1
s3://nasa-surya-bench/2013/06/20130624_1800.nc,2013-06-24 18:00:00,1
s3://nasa-surya-bench/2013/06/20130625_0000.nc,2013-06-25 00:00:00,1
s3://nasa-surya-bench/2013/06/20130625_0600.nc,2013-06-25 06:00:00,1
s3://nasa-surya-bench/2013/06/20130625_1200.nc,2013-06-25 12:00:00,1
s3://nasa-surya-bench/2013/06/20130625_1800.nc,2013-06-25 18:00:00,1
s3://nasa-surya-bench/2013/06/20130626_0000.nc,2013-06-26 00:00:00,1
s3://nasa-surya-bench/2013/06/20130626_0600.nc,2013-06-26 06:00:00,1
s3://nasa-surya-bench/2013/06/20130626_1800.nc,2013-06-26 18:00:00,1
s3://nasa-surya-bench/2013/06/20130627_0000.nc,2013-06-27 00:00:00,1
s3://nasa-surya-bench/2013/06/20130627_0600.nc,2013-06-27 06:00:00,1
s3://nasa-surya-bench/2013/06/20130627_1200.nc,2013-06-27 12:00:00,1
s3://nasa-surya-bench/2013/06/20130627_1800.nc,2013-06-27 18:00:00,1
s3://nasa-surya-bench/2013/06/20130628_0000.nc,2013-06-28 00:00:00,1
s3://nasa-surya-bench/2013/06/20130628_0600.nc,2013-06-28 06:00:00,1
s3://nasa-surya-bench/2013/06/20130628_1200.nc,2013-06-28 12:00:00,1
s3://nasa-surya-bench/2013/06/20130628_1800.nc,2013-06-28 18:00:00,1
s3://nasa-surya-bench/2013/06/20130629_0000.nc,2013-06-29 00:00:00,1
s3://nasa-surya-bench/2013/06/20130629_0600.nc,2013-06-29 06:00:00,1
s3://nasa-surya-bench/2013/06/20130629_1200.nc,2013-06-29 12:00:00,1
s3://nasa-surya-bench/2013/06/20130629_1800.nc,2013-06-29 18:00:00,1
s3://nasa-surya-bench/2013/06/20130630_0000.nc,2013-06-30 00:00:00,1
s3://nasa-surya-bench/2013/06/20130630_0600.nc,2013-06-30 06:00:00,1
s3://nasa-surya-bench/2013/06/20130630_1200.nc,2013-06-30 12:00:00,1
s3://nasa-surya-bench/2013/06/20130630_1800.nc,2013-06-30 18:00:00,1
s3://nasa-surya-bench/2013/07/20130701_0000.nc,2013-07-01 00:00:00,1
s3://nasa-surya-bench/2013/07/20130701_0600.nc,2013-07-01 06:00:00,1
s3://nasa-surya-bench/2013/07/20130701_1200.nc,2013-07-01 12:00:00,1
s3://nasa-surya-bench/2013/07/20130701_1800.nc,2013-07-01 18:00:00,1
s3://nasa-surya-bench/2013/07/20130702_0000.nc,2013-07-02 00:00:00,1
s3://nasa-surya-bench/2013/07/20130702_0600.nc,2013-07-02 06:00:00,1
s3://nasa-surya-bench/2013/07/20130702_1200.nc,2013-07-02 12:00:00,1
s3://nasa-surya-bench/2013/07/20130702_1800.nc,2013-07-02 18:00:00,1
s3://nasa-surya-bench/2013/07/20130703_0000.nc,2013-07-03 00:00:00,1
s3://nasa-surya-bench/2013/07/20130703_0600.nc,2013-07-03 06:00:00,1
s3://nasa-surya-bench/2013/07/20130703_1200.nc,2013-07-03 12:00:00,1
s3://nasa-surya-bench/2013/07/20130703_1800.nc,2013-07-03 18:00:00,1
s3://nasa-surya-bench/2013/07/20130704_0000.nc,2013-07-04 00:00:00,1
s3://nasa-surya-bench/2013/07/20130704_0600.nc,2013-07-04 06:00:00,1
s3://nasa-surya-bench/2013/07/20130704_1200.nc,2013-07-04 12:00:00,1
s3://nasa-surya-bench/2013/07/20130704_1800.nc,2013-07-04 18:00:00,1
s3://nasa-surya-bench/2013/07/20130705_0000.nc,2013-07-05 00:00:00,1
s3://nasa-surya-bench/2013/07/20130705_0600.nc,2013-07-05 06:00:00,1
s3://nasa-surya-bench/2013/07/20130705_1200.nc,2013-07-05 12:00:00,1
s3://nasa-surya-bench/2013/07/20130705_1800.nc,2013-07-05 18:00:00,1
s3://nasa-surya-bench/2013/07/20130706_0000.nc,2013-07-06 00:00:00,1
s3://nasa-surya-bench/2013/07/20130706_0600.nc,2013-07-06 06:00:00,1
s3://nasa-surya-bench/2013/07/20130706_1200.nc,2013-07-06 12:00:00,1
s3://nasa-surya-bench/2013/07/20130706_1800.nc,2013-07-06 18:00:00,1
s3://nasa-surya-bench/2013/07/20130707_0000.nc,2013-07-07 00:00:00,1
s3://nasa-surya-bench/2013/07/20130707_0600.nc,2013-07-07 06:00:00,1
s3://nasa-surya-bench/2013/07/20130707_1200.nc,2013-07-07 12:00:00,1
s3://nasa-surya-bench/2013/07/20130707_1800.nc,2013-07-07 18:00:00,1
s3://nasa-surya-bench/2013/07/20130708_0000.nc,2013-07-08 00:00:00,1
s3://nasa-surya-bench/2013/07/20130708_0600.nc,2013-07-08 06:00:00,1
s3://nasa-surya-bench/2013/07/20130708_1200.nc,2013-07-08 12:00:00,1
s3://nasa-surya-bench/2013/07/20130708_1800.nc,2013-07-08 18:00:00,1
s3://nasa-surya-bench/2013/07/20130709_0000.nc,2013-07-09 00:00:00,1
s3://nasa-surya-bench/2013/07/20130709_0600.nc,2013-07-09 06:00:00,1
s3://nasa-surya-bench/2013/07/20130709_1200.nc,2013-07-09 12:00:00,1
s3://nasa-surya-bench/2013/07/20130709_1800.nc,2013-07-09 18:00:00,1
s3://nasa-surya-bench/2013/07/20130710_0000.nc,2013-07-10 00:00:00,1
s3://nasa-surya-bench/2013/07/20130710_0600.nc,2013-07-10 06:00:00,1
s3://nasa-surya-bench/2013/07/20130710_1200.nc,2013-07-10 12:00:00,1
s3://nasa-surya-bench/2013/07/20130710_1800.nc,2013-07-10 18:00:00,1
s3://nasa-surya-bench/2013/07/20130711_0000.nc,2013-07-11 00:00:00,1
s3://nasa-surya-bench/2013/07/20130711_0600.nc,2013-07-11 06:00:00,1
s3://nasa-surya-bench/2013/07/20130711_1200.nc,2013-07-11 12:00:00,1
s3://nasa-surya-bench/2013/07/20130711_1800.nc,2013-07-11 18:00:00,1
s3://nasa-surya-bench/2013/07/20130712_0000.nc,2013-07-12 00:00:00,1
s3://nasa-surya-bench/2013/07/20130712_0600.nc,2013-07-12 06:00:00,1
s3://nasa-surya-bench/2013/07/20130712_1200.nc,2013-07-12 12:00:00,1
s3://nasa-surya-bench/2013/07/20130712_1800.nc,2013-07-12 18:00:00,1
s3://nasa-surya-bench/2013/07/20130713_0000.nc,2013-07-13 00:00:00,1
s3://nasa-surya-bench/2013/07/20130713_0600.nc,2013-07-13 06:00:00,1
s3://nasa-surya-bench/2013/07/20130713_1200.nc,2013-07-13 12:00:00,1
s3://nasa-surya-bench/2013/07/20130713_1800.nc,2013-07-13 18:00:00,1
s3://nasa-surya-bench/2013/07/20130714_0000.nc,2013-07-14 00:00:00,1
s3://nasa-surya-bench/2013/07/20130714_0600.nc,2013-07-14 06:00:00,1
s3://nasa-surya-bench/2013/07/20130714_1200.nc,2013-07-14 12:00:00,1
s3://nasa-surya-bench/2013/07/20130714_1800.nc,2013-07-14 18:00:00,1
s3://nasa-surya-bench/2013/07/20130715_0000.nc,2013-07-15 00:00:00,1
s3://nasa-surya-bench/2013/07/20130715_0600.nc,2013-07-15 06:00:00,1
s3://nasa-surya-bench/2013/07/20130715_1200.nc,2013-07-15 12:00:00,1
s3://nasa-surya-bench/2013/07/20130715_1800.nc,2013-07-15 18:00:00,1
s3://nasa-surya-bench/2013/07/20130716_0000.nc,2013-07-16 00:00:00,1
s3://nasa-surya-bench/2013/07/20130716_0600.nc,2013-07-16 06:00:00,1
s3://nasa-surya-bench/2013/07/20130716_1200.nc,2013-07-16 12:00:00,1
s3://nasa-surya-bench/2013/07/20130716_1800.nc,2013-07-16 18:00:00,1
s3://nasa-surya-bench/2013/07/20130717_0000.nc,2013-07-17 00:00:00,1
s3://nasa-surya-bench/2013/07/20130717_0600.nc,2013-07-17 06:00:00,1
s3://nasa-surya-bench/2013/07/20130717_1200.nc,2013-07-17 12:00:00,1
s3://nasa-surya-bench/2013/07/20130718_0000.nc,2013-07-18 00:00:00,1
s3://nasa-surya-bench/2013/07/20130718_0600.nc,2013-07-18 06:00:00,1
s3://nasa-surya-bench/2013/07/20130718_1200.nc,2013-07-18 12:00:00,1
s3://nasa-surya-bench/2013/07/20130718_1800.nc,2013-07-18 18:00:00,1
s3://nasa-surya-bench/2013/07/20130719_0000.nc,2013-07-19 00:00:00,1
s3://nasa-surya-bench/2013/07/20130719_0600.nc,2013-07-19 06:00:00,1
s3://nasa-surya-bench/2013/07/20130719_1200.nc,2013-07-19 12:00:00,1
s3://nasa-surya-bench/2013/07/20130719_1800.nc,2013-07-19 18:00:00,1
s3://nasa-surya-bench/2013/07/20130720_0000.nc,2013-07-20 00:00:00,1
s3://nasa-surya-bench/2013/07/20130720_0600.nc,2013-07-20 06:00:00,1
s3://nasa-surya-bench/2013/07/20130720_1200.nc,2013-07-20 12:00:00,1
s3://nasa-surya-bench/2013/07/20130720_1800.nc,2013-07-20 18:00:00,1
s3://nasa-surya-bench/2013/07/20130721_0000.nc,2013-07-21 00:00:00,1
s3://nasa-surya-bench/2013/07/20130721_0600.nc,2013-07-21 06:00:00,1
s3://nasa-surya-bench/2013/07/20130721_1200.nc,2013-07-21 12:00:00,1
s3://nasa-surya-bench/2013/07/20130721_1800.nc,2013-07-21 18:00:00,1
s3://nasa-surya-bench/2013/07/20130722_0000.nc,2013-07-22 00:00:00,1
s3://nasa-surya-bench/2013/07/20130722_0600.nc,2013-07-22 06:00:00,1
s3://nasa-surya-bench/2013/07/20130722_1200.nc,2013-07-22 12:00:00,1
s3://nasa-surya-bench/2013/07/20130723_0000.nc,2013-07-23 00:00:00,1
s3://nasa-surya-bench/2013/07/20130723_0600.nc,2013-07-23 06:00:00,1
s3://nasa-surya-bench/2013/07/20130723_1200.nc,2013-07-23 12:00:00,1
s3://nasa-surya-bench/2013/07/20130723_1800.nc,2013-07-23 18:00:00,1
s3://nasa-surya-bench/2013/07/20130724_0000.nc,2013-07-24 00:00:00,1
s3://nasa-surya-bench/2013/07/20130724_0600.nc,2013-07-24 06:00:00,1
s3://nasa-surya-bench/2013/07/20130724_1200.nc,2013-07-24 12:00:00,1
s3://nasa-surya-bench/2013/07/20130725_0000.nc,2013-07-25 00:00:00,1
s3://nasa-surya-bench/2013/07/20130725_0600.nc,2013-07-25 06:00:00,1
s3://nasa-surya-bench/2013/07/20130725_1200.nc,2013-07-25 12:00:00,1
s3://nasa-surya-bench/2013/07/20130725_1800.nc,2013-07-25 18:00:00,1
s3://nasa-surya-bench/2013/07/20130726_0000.nc,2013-07-26 00:00:00,1
s3://nasa-surya-bench/2013/07/20130726_0600.nc,2013-07-26 06:00:00,1
s3://nasa-surya-bench/2013/07/20130726_1200.nc,2013-07-26 12:00:00,1
s3://nasa-surya-bench/2013/07/20130726_1800.nc,2013-07-26 18:00:00,1
s3://nasa-surya-bench/2013/07/20130727_0000.nc,2013-07-27 00:00:00,1
s3://nasa-surya-bench/2013/07/20130728_0000.nc,2013-07-28 00:00:00,1
s3://nasa-surya-bench/2013/07/20130728_0600.nc,2013-07-28 06:00:00,1
s3://nasa-surya-bench/2013/07/20130728_1200.nc,2013-07-28 12:00:00,1
s3://nasa-surya-bench/2013/07/20130728_1800.nc,2013-07-28 18:00:00,1
s3://nasa-surya-bench/2013/07/20130729_0000.nc,2013-07-29 00:00:00,1
s3://nasa-surya-bench/2013/07/20130729_0600.nc,2013-07-29 06:00:00,1
s3://nasa-surya-bench/2013/07/20130729_1200.nc,2013-07-29 12:00:00,1
s3://nasa-surya-bench/2013/07/20130729_1800.nc,2013-07-29 18:00:00,1
s3://nasa-surya-bench/2013/07/20130730_0000.nc,2013-07-30 00:00:00,1
s3://nasa-surya-bench/2013/07/20130730_0600.nc,2013-07-30 06:00:00,1
s3://nasa-surya-bench/2013/07/20130730_1200.nc,2013-07-30 12:00:00,1
s3://nasa-surya-bench/2013/07/20130730_1800.nc,2013-07-30 18:00:00,1
s3://nasa-surya-bench/2013/07/20130731_0000.nc,2013-07-31 00:00:00,1
s3://nasa-surya-bench/2013/07/20130731_0600.nc,2013-07-31 06:00:00,1
s3://nasa-surya-bench/2013/07/20130731_1200.nc,2013-07-31 12:00:00,1
s3://nasa-surya-bench/2013/07/20130731_1800.nc,2013-07-31 18:00:00,1
s3://nasa-surya-bench/2013/08/20130801_0000.nc,2013-08-01 00:00:00,1
s3://nasa-surya-bench/2013/08/20130801_0600.nc,2013-08-01 06:00:00,1
s3://nasa-surya-bench/2013/08/20130801_1200.nc,2013-08-01 12:00:00,1
s3://nasa-surya-bench/2013/08/20130801_1800.nc,2013-08-01 18:00:00,1
s3://nasa-surya-bench/2013/08/20130802_0000.nc,2013-08-02 00:00:00,1
s3://nasa-surya-bench/2013/08/20130802_0600.nc,2013-08-02 06:00:00,1
s3://nasa-surya-bench/2013/08/20130802_1200.nc,2013-08-02 12:00:00,1
s3://nasa-surya-bench/2013/08/20130802_1800.nc,2013-08-02 18:00:00,1
s3://nasa-surya-bench/2013/08/20130803_0000.nc,2013-08-03 00:00:00,1
s3://nasa-surya-bench/2013/08/20130803_0600.nc,2013-08-03 06:00:00,1
s3://nasa-surya-bench/2013/08/20130803_1200.nc,2013-08-03 12:00:00,1
s3://nasa-surya-bench/2013/08/20130803_1800.nc,2013-08-03 18:00:00,1
s3://nasa-surya-bench/2013/08/20130804_0000.nc,2013-08-04 00:00:00,1
s3://nasa-surya-bench/2013/08/20130804_0600.nc,2013-08-04 06:00:00,1
s3://nasa-surya-bench/2013/08/20130804_1200.nc,2013-08-04 12:00:00,1
s3://nasa-surya-bench/2013/08/20130804_1800.nc,2013-08-04 18:00:00,1
s3://nasa-surya-bench/2013/08/20130805_0000.nc,2013-08-05 00:00:00,1
s3://nasa-surya-bench/2013/08/20130805_0600.nc,2013-08-05 06:00:00,1
s3://nasa-surya-bench/2013/08/20130805_1200.nc,2013-08-05 12:00:00,1
s3://nasa-surya-bench/2013/08/20130805_1800.nc,2013-08-05 18:00:00,1
s3://nasa-surya-bench/2013/08/20130806_0000.nc,2013-08-06 00:00:00,1
s3://nasa-surya-bench/2013/08/20130806_0600.nc,2013-08-06 06:00:00,1
s3://nasa-surya-bench/2013/08/20130806_1200.nc,2013-08-06 12:00:00,1
s3://nasa-surya-bench/2013/08/20130806_1800.nc,2013-08-06 18:00:00,1
s3://nasa-surya-bench/2013/08/20130807_0000.nc,2013-08-07 00:00:00,1
s3://nasa-surya-bench/2013/08/20130807_0600.nc,2013-08-07 06:00:00,1
s3://nasa-surya-bench/2013/08/20130807_1200.nc,2013-08-07 12:00:00,1
s3://nasa-surya-bench/2013/08/20130807_1800.nc,2013-08-07 18:00:00,1
s3://nasa-surya-bench/2013/08/20130808_0000.nc,2013-08-08 00:00:00,1
s3://nasa-surya-bench/2013/08/20130808_0600.nc,2013-08-08 06:00:00,1
s3://nasa-surya-bench/2013/08/20130808_1200.nc,2013-08-08 12:00:00,1
s3://nasa-surya-bench/2013/08/20130808_1800.nc,2013-08-08 18:00:00,1
s3://nasa-surya-bench/2013/08/20130809_0000.nc,2013-08-09 00:00:00,1
s3://nasa-surya-bench/2013/08/20130809_0600.nc,2013-08-09 06:00:00,1
s3://nasa-surya-bench/2013/08/20130809_1200.nc,2013-08-09 12:00:00,1
s3://nasa-surya-bench/2013/08/20130809_1800.nc,2013-08-09 18:00:00,1
s3://nasa-surya-bench/2013/08/20130810_0000.nc,2013-08-10 00:00:00,1
s3://nasa-surya-bench/2013/08/20130810_0600.nc,2013-08-10 06:00:00,1
s3://nasa-surya-bench/2013/08/20130810_1200.nc,2013-08-10 12:00:00,1
s3://nasa-surya-bench/2013/08/20130810_1800.nc,2013-08-10 18:00:00,1
s3://nasa-surya-bench/2013/08/20130811_0000.nc,2013-08-11 00:00:00,1
s3://nasa-surya-bench/2013/08/20130811_0600.nc,2013-08-11 06:00:00,1
s3://nasa-surya-bench/2013/08/20130811_1200.nc,2013-08-11 12:00:00,1
s3://nasa-surya-bench/2013/08/20130811_1800.nc,2013-08-11 18:00:00,1
s3://nasa-surya-bench/2013/08/20130812_0000.nc,2013-08-12 00:00:00,1
s3://nasa-surya-bench/2013/08/20130812_0600.nc,2013-08-12 06:00:00,1
s3://nasa-surya-bench/2013/08/20130812_1200.nc,2013-08-12 12:00:00,1
s3://nasa-surya-bench/2013/08/20130812_1800.nc,2013-08-12 18:00:00,1
s3://nasa-surya-bench/2013/08/20130813_0000.nc,2013-08-13 00:00:00,1
s3://nasa-surya-bench/2013/08/20130813_0600.nc,2013-08-13 06:00:00,1
s3://nasa-surya-bench/2013/08/20130813_1200.nc,2013-08-13 12:00:00,1
s3://nasa-surya-bench/2013/08/20130813_1800.nc,2013-08-13 18:00:00,1
s3://nasa-surya-bench/2013/08/20130814_0000.nc,2013-08-14 00:00:00,1
s3://nasa-surya-bench/2013/08/20130814_0600.nc,2013-08-14 06:00:00,1
s3://nasa-surya-bench/2013/08/20130814_1200.nc,2013-08-14 12:00:00,1
s3://nasa-surya-bench/2013/08/20130814_1800.nc,2013-08-14 18:00:00,1
s3://nasa-surya-bench/2013/08/20130815_0000.nc,2013-08-15 00:00:00,1
s3://nasa-surya-bench/2013/08/20130815_0600.nc,2013-08-15 06:00:00,1
s3://nasa-surya-bench/2013/08/20130815_1200.nc,2013-08-15 12:00:00,1
s3://nasa-surya-bench/2013/08/20130815_1800.nc,2013-08-15 18:00:00,1
s3://nasa-surya-bench/2013/08/20130816_0000.nc,2013-08-16 00:00:00,1
s3://nasa-surya-bench/2013/08/20130816_0600.nc,2013-08-16 06:00:00,1
s3://nasa-surya-bench/2013/08/20130816_1200.nc,2013-08-16 12:00:00,1
s3://nasa-surya-bench/2013/08/20130816_1800.nc,2013-08-16 18:00:00,1
s3://nasa-surya-bench/2013/08/20130817_0000.nc,2013-08-17 00:00:00,1
s3://nasa-surya-bench/2013/08/20130817_0600.nc,2013-08-17 06:00:00,1
s3://nasa-surya-bench/2013/08/20130817_1200.nc,2013-08-17 12:00:00,1
s3://nasa-surya-bench/2013/08/20130817_1800.nc,2013-08-17 18:00:00,1
s3://nasa-surya-bench/2013/08/20130818_0000.nc,2013-08-18 00:00:00,1
s3://nasa-surya-bench/2013/08/20130818_0600.nc,2013-08-18 06:00:00,1
s3://nasa-surya-bench/2013/08/20130818_1200.nc,2013-08-18 12:00:00,1
s3://nasa-surya-bench/2013/08/20130818_1800.nc,2013-08-18 18:00:00,1
s3://nasa-surya-bench/2013/08/20130819_0000.nc,2013-08-19 00:00:00,1
s3://nasa-surya-bench/2013/08/20130819_0600.nc,2013-08-19 06:00:00,1
s3://nasa-surya-bench/2013/08/20130819_1200.nc,2013-08-19 12:00:00,1
s3://nasa-surya-bench/2013/08/20130819_1800.nc,2013-08-19 18:00:00,1
s3://nasa-surya-bench/2013/08/20130820_0000.nc,2013-08-20 00:00:00,1
s3://nasa-surya-bench/2013/08/20130820_0600.nc,2013-08-20 06:00:00,1
s3://nasa-surya-bench/2013/08/20130820_1200.nc,2013-08-20 12:00:00,1
s3://nasa-surya-bench/2013/08/20130820_1800.nc,2013-08-20 18:00:00,1
s3://nasa-surya-bench/2013/08/20130821_0000.nc,2013-08-21 00:00:00,1
s3://nasa-surya-bench/2013/08/20130821_0600.nc,2013-08-21 06:00:00,1
s3://nasa-surya-bench/2013/08/20130821_1200.nc,2013-08-21 12:00:00,1
s3://nasa-surya-bench/2013/08/20130821_1800.nc,2013-08-21 18:00:00,1
s3://nasa-surya-bench/2013/08/20130822_0000.nc,2013-08-22 00:00:00,1
s3://nasa-surya-bench/2013/08/20130822_0600.nc,2013-08-22 06:00:00,1
s3://nasa-surya-bench/2013/08/20130822_1200.nc,2013-08-22 12:00:00,1
s3://nasa-surya-bench/2013/08/20130822_1800.nc,2013-08-22 18:00:00,1
s3://nasa-surya-bench/2013/08/20130823_0000.nc,2013-08-23 00:00:00,1
s3://nasa-surya-bench/2013/09/20130923_1200.nc,2013-09-23 12:00:00,1
s3://nasa-surya-bench/2013/09/20130923_1800.nc,2013-09-23 18:00:00,1
s3://nasa-surya-bench/2013/09/20130924_0000.nc,2013-09-24 00:00:00,1
s3://nasa-surya-bench/2013/09/20130924_0600.nc,2013-09-24 06:00:00,1
s3://nasa-surya-bench/2013/09/20130924_1200.nc,2013-09-24 12:00:00,1
s3://nasa-surya-bench/2013/09/20130924_1800.nc,2013-09-24 18:00:00,1
s3://nasa-surya-bench/2013/09/20130925_0000.nc,2013-09-25 00:00:00,1
s3://nasa-surya-bench/2013/09/20130925_0600.nc,2013-09-25 06:00:00,1
s3://nasa-surya-bench/2013/09/20130925_1200.nc,2013-09-25 12:00:00,1
s3://nasa-surya-bench/2013/09/20130925_1800.nc,2013-09-25 18:00:00,1
s3://nasa-surya-bench/2013/09/20130926_0000.nc,2013-09-26 00:00:00,1
s3://nasa-surya-bench/2013/09/20130926_0600.nc,2013-09-26 06:00:00,1
s3://nasa-surya-bench/2013/09/20130926_1200.nc,2013-09-26 12:00:00,1
s3://nasa-surya-bench/2013/09/20130926_1800.nc,2013-09-26 18:00:00,1
s3://nasa-surya-bench/2013/09/20130927_0000.nc,2013-09-27 00:00:00,1
s3://nasa-surya-bench/2013/09/20130927_0600.nc,2013-09-27 06:00:00,1
s3://nasa-surya-bench/2013/09/20130927_1200.nc,2013-09-27 12:00:00,1
s3://nasa-surya-bench/2013/09/20130927_1800.nc,2013-09-27 18:00:00,1
s3://nasa-surya-bench/2013/09/20130928_0000.nc,2013-09-28 00:00:00,1
s3://nasa-surya-bench/2013/09/20130928_0600.nc,2013-09-28 06:00:00,1
s3://nasa-surya-bench/2013/09/20130928_1200.nc,2013-09-28 12:00:00,1
s3://nasa-surya-bench/2013/09/20130928_1800.nc,2013-09-28 18:00:00,1
s3://nasa-surya-bench/2013/09/20130929_0000.nc,2013-09-29 00:00:00,1
s3://nasa-surya-bench/2013/09/20130929_0600.nc,2013-09-29 06:00:00,1
s3://nasa-surya-bench/2013/09/20130929_1200.nc,2013-09-29 12:00:00,1
s3://nasa-surya-bench/2013/09/20130929_1800.nc,2013-09-29 18:00:00,1
s3://nasa-surya-bench/2013/09/20130930_0000.nc,2013-09-30 00:00:00,1
s3://nasa-surya-bench/2013/09/20130930_0600.nc,2013-09-30 06:00:00,1
s3://nasa-surya-bench/2013/09/20130930_1200.nc,2013-09-30 12:00:00,1
s3://nasa-surya-bench/2013/09/20130930_1800.nc,2013-09-30 18:00:00,1
s3://nasa-surya-bench/2013/10/20131001_0000.nc,2013-10-01 00:00:00,1
s3://nasa-surya-bench/2013/10/20131001_0600.nc,2013-10-01 06:00:00,1
s3://nasa-surya-bench/2013/10/20131001_1200.nc,2013-10-01 12:00:00,1
s3://nasa-surya-bench/2013/10/20131001_1800.nc,2013-10-01 18:00:00,1
s3://nasa-surya-bench/2013/10/20131002_0000.nc,2013-10-02 00:00:00,1
s3://nasa-surya-bench/2013/10/20131002_0600.nc,2013-10-02 06:00:00,1
s3://nasa-surya-bench/2013/10/20131002_1200.nc,2013-10-02 12:00:00,1
s3://nasa-surya-bench/2013/10/20131003_0600.nc,2013-10-03 06:00:00,1
s3://nasa-surya-bench/2013/10/20131003_1200.nc,2013-10-03 12:00:00,1
s3://nasa-surya-bench/2013/10/20131003_1800.nc,2013-10-03 18:00:00,1
s3://nasa-surya-bench/2013/10/20131004_0000.nc,2013-10-04 00:00:00,1
s3://nasa-surya-bench/2013/10/20131004_0600.nc,2013-10-04 06:00:00,1
s3://nasa-surya-bench/2013/10/20131004_1200.nc,2013-10-04 12:00:00,1
s3://nasa-surya-bench/2013/10/20131004_1800.nc,2013-10-04 18:00:00,1
s3://nasa-surya-bench/2013/10/20131005_0000.nc,2013-10-05 00:00:00,1
s3://nasa-surya-bench/2013/10/20131005_0600.nc,2013-10-05 06:00:00,1
s3://nasa-surya-bench/2013/10/20131005_1200.nc,2013-10-05 12:00:00,1
s3://nasa-surya-bench/2013/10/20131005_1800.nc,2013-10-05 18:00:00,1
s3://nasa-surya-bench/2013/10/20131006_0000.nc,2013-10-06 00:00:00,1
s3://nasa-surya-bench/2013/10/20131006_0600.nc,2013-10-06 06:00:00,1
s3://nasa-surya-bench/2013/10/20131006_1200.nc,2013-10-06 12:00:00,1
s3://nasa-surya-bench/2013/10/20131006_1800.nc,2013-10-06 18:00:00,1
s3://nasa-surya-bench/2013/10/20131007_0000.nc,2013-10-07 00:00:00,1
s3://nasa-surya-bench/2013/10/20131007_0600.nc,2013-10-07 06:00:00,1
s3://nasa-surya-bench/2013/10/20131007_1200.nc,2013-10-07 12:00:00,1
s3://nasa-surya-bench/2013/10/20131007_1800.nc,2013-10-07 18:00:00,1
s3://nasa-surya-bench/2013/10/20131008_0000.nc,2013-10-08 00:00:00,1
s3://nasa-surya-bench/2013/10/20131008_0600.nc,2013-10-08 06:00:00,1
s3://nasa-surya-bench/2013/10/20131008_1200.nc,2013-10-08 12:00:00,1
s3://nasa-surya-bench/2013/10/20131008_1800.nc,2013-10-08 18:00:00,1
s3://nasa-surya-bench/2013/10/20131009_0000.nc,2013-10-09 00:00:00,1
s3://nasa-surya-bench/2013/10/20131009_0600.nc,2013-10-09 06:00:00,1
s3://nasa-surya-bench/2013/10/20131009_1200.nc,2013-10-09 12:00:00,1
s3://nasa-surya-bench/2013/10/20131010_0000.nc,2013-10-10 00:00:00,1
s3://nasa-surya-bench/2013/10/20131010_0600.nc,2013-10-10 06:00:00,1
s3://nasa-surya-bench/2013/10/20131010_1200.nc,2013-10-10 12:00:00,1
s3://nasa-surya-bench/2013/10/20131010_1800.nc,2013-10-10 18:00:00,1
s3://nasa-surya-bench/2013/10/20131011_0000.nc,2013-10-11 00:00:00,1
s3://nasa-surya-bench/2013/10/20131011_0600.nc,2013-10-11 06:00:00,1
s3://nasa-surya-bench/2013/10/20131011_1200.nc,2013-10-11 12:00:00,1
s3://nasa-surya-bench/2013/10/20131011_1800.nc,2013-10-11 18:00:00,1
s3://nasa-surya-bench/2013/10/20131012_0000.nc,2013-10-12 00:00:00,1
s3://nasa-surya-bench/2013/10/20131012_0600.nc,2013-10-12 06:00:00,1
s3://nasa-surya-bench/2013/10/20131012_1200.nc,2013-10-12 12:00:00,1
s3://nasa-surya-bench/2013/10/20131012_1800.nc,2013-10-12 18:00:00,1
s3://nasa-surya-bench/2013/10/20131013_0000.nc,2013-10-13 00:00:00,1
s3://nasa-surya-bench/2013/10/20131013_0600.nc,2013-10-13 06:00:00,1
s3://nasa-surya-bench/2013/10/20131013_1200.nc,2013-10-13 12:00:00,1
s3://nasa-surya-bench/2013/10/20131014_0000.nc,2013-10-14 00:00:00,1
s3://nasa-surya-bench/2013/10/20131014_0600.nc,2013-10-14 06:00:00,1
s3://nasa-surya-bench/2013/10/20131014_1200.nc,2013-10-14 12:00:00,1
s3://nasa-surya-bench/2013/10/20131014_1800.nc,2013-10-14 18:00:00,1
s3://nasa-surya-bench/2013/10/20131015_0000.nc,2013-10-15 00:00:00,1
s3://nasa-surya-bench/2013/10/20131015_0600.nc,2013-10-15 06:00:00,1
s3://nasa-surya-bench/2013/10/20131015_1200.nc,2013-10-15 12:00:00,1
s3://nasa-surya-bench/2013/10/20131015_1800.nc,2013-10-15 18:00:00,1
s3://nasa-surya-bench/2013/10/20131016_0000.nc,2013-10-16 00:00:00,1
s3://nasa-surya-bench/2013/10/20131016_0600.nc,2013-10-16 06:00:00,1
s3://nasa-surya-bench/2013/10/20131016_1200.nc,2013-10-16 12:00:00,1
s3://nasa-surya-bench/2013/10/20131016_1800.nc,2013-10-16 18:00:00,1
s3://nasa-surya-bench/2013/10/20131017_0000.nc,2013-10-17 00:00:00,1
s3://nasa-surya-bench/2013/10/20131017_0600.nc,2013-10-17 06:00:00,1
s3://nasa-surya-bench/2013/10/20131017_1200.nc,2013-10-17 12:00:00,1
s3://nasa-surya-bench/2013/10/20131017_1800.nc,2013-10-17 18:00:00,1
s3://nasa-surya-bench/2013/10/20131018_0000.nc,2013-10-18 00:00:00,1
s3://nasa-surya-bench/2013/10/20131018_0600.nc,2013-10-18 06:00:00,1
s3://nasa-surya-bench/2013/10/20131018_1200.nc,2013-10-18 12:00:00,1
s3://nasa-surya-bench/2013/10/20131018_1800.nc,2013-10-18 18:00:00,1
s3://nasa-surya-bench/2013/10/20131019_0000.nc,2013-10-19 00:00:00,1
s3://nasa-surya-bench/2013/10/20131019_0600.nc,2013-10-19 06:00:00,1
s3://nasa-surya-bench/2013/10/20131019_1200.nc,2013-10-19 12:00:00,1
s3://nasa-surya-bench/2013/10/20131019_1800.nc,2013-10-19 18:00:00,1
s3://nasa-surya-bench/2013/10/20131020_0000.nc,2013-10-20 00:00:00,1
s3://nasa-surya-bench/2013/10/20131020_0600.nc,2013-10-20 06:00:00,1
s3://nasa-surya-bench/2013/10/20131020_1200.nc,2013-10-20 12:00:00,1
s3://nasa-surya-bench/2013/10/20131020_1800.nc,2013-10-20 18:00:00,1
s3://nasa-surya-bench/2013/10/20131021_0000.nc,2013-10-21 00:00:00,1
s3://nasa-surya-bench/2013/10/20131021_0600.nc,2013-10-21 06:00:00,1
s3://nasa-surya-bench/2013/10/20131021_1200.nc,2013-10-21 12:00:00,1
s3://nasa-surya-bench/2013/10/20131021_1800.nc,2013-10-21 18:00:00,1
s3://nasa-surya-bench/2013/10/20131022_0000.nc,2013-10-22 00:00:00,1
s3://nasa-surya-bench/2013/10/20131022_0600.nc,2013-10-22 06:00:00,1
s3://nasa-surya-bench/2013/10/20131022_1200.nc,2013-10-22 12:00:00,1
s3://nasa-surya-bench/2013/10/20131022_1800.nc,2013-10-22 18:00:00,1
s3://nasa-surya-bench/2013/10/20131023_0000.nc,2013-10-23 00:00:00,1
s3://nasa-surya-bench/2013/10/20131023_0600.nc,2013-10-23 06:00:00,1
s3://nasa-surya-bench/2013/10/20131023_1200.nc,2013-10-23 12:00:00,1
s3://nasa-surya-bench/2013/10/20131023_1800.nc,2013-10-23 18:00:00,1
s3://nasa-surya-bench/2013/10/20131024_0000.nc,2013-10-24 00:00:00,1
s3://nasa-surya-bench/2013/10/20131024_0600.nc,2013-10-24 06:00:00,1
s3://nasa-surya-bench/2013/10/20131024_1200.nc,2013-10-24 12:00:00,1
s3://nasa-surya-bench/2013/10/20131025_0000.nc,2013-10-25 00:00:00,1
s3://nasa-surya-bench/2013/10/20131025_0600.nc,2013-10-25 06:00:00,1
s3://nasa-surya-bench/2013/10/20131025_1200.nc,2013-10-25 12:00:00,1
s3://nasa-surya-bench/2013/10/20131025_1800.nc,2013-10-25 18:00:00,1
s3://nasa-surya-bench/2013/10/20131026_0000.nc,2013-10-26 00:00:00,1
s3://nasa-surya-bench/2013/10/20131026_0600.nc,2013-10-26 06:00:00,1
s3://nasa-surya-bench/2013/10/20131026_1200.nc,2013-10-26 12:00:00,1
s3://nasa-surya-bench/2013/10/20131026_1800.nc,2013-10-26 18:00:00,1
s3://nasa-surya-bench/2013/10/20131027_0000.nc,2013-10-27 00:00:00,1
s3://nasa-surya-bench/2013/10/20131027_0600.nc,2013-10-27 06:00:00,1
s3://nasa-surya-bench/2013/10/20131027_1200.nc,2013-10-27 12:00:00,1
s3://nasa-surya-bench/2013/10/20131027_1800.nc,2013-10-27 18:00:00,1
s3://nasa-surya-bench/2013/10/20131028_0000.nc,2013-10-28 00:00:00,1
s3://nasa-surya-bench/2013/10/20131028_0600.nc,2013-10-28 06:00:00,1
s3://nasa-surya-bench/2013/10/20131028_1200.nc,2013-10-28 12:00:00,1
s3://nasa-surya-bench/2013/10/20131028_1800.nc,2013-10-28 18:00:00,1
s3://nasa-surya-bench/2013/10/20131029_0000.nc,2013-10-29 00:00:00,1
s3://nasa-surya-bench/2013/10/20131029_0600.nc,2013-10-29 06:00:00,1
s3://nasa-surya-bench/2013/10/20131029_1200.nc,2013-10-29 12:00:00,1
s3://nasa-surya-bench/2013/10/20131029_1800.nc,2013-10-29 18:00:00,1
s3://nasa-surya-bench/2013/10/20131030_0000.nc,2013-10-30 00:00:00,1
s3://nasa-surya-bench/2013/10/20131030_0600.nc,2013-10-30 06:00:00,1
s3://nasa-surya-bench/2013/10/20131030_1200.nc,2013-10-30 12:00:00,1
s3://nasa-surya-bench/2013/10/20131030_1800.nc,2013-10-30 18:00:00,1
s3://nasa-surya-bench/2013/10/20131031_0000.nc,2013-10-31 00:00:00,1
s3://nasa-surya-bench/2013/10/20131031_0600.nc,2013-10-31 06:00:00,1
s3://nasa-surya-bench/2013/10/20131031_1200.nc,2013-10-31 12:00:00,1
s3://nasa-surya-bench/2013/10/20131031_1800.nc,2013-10-31 18:00:00,1
s3://nasa-surya-bench/2013/11/20131101_0000.nc,2013-11-01 00:00:00,1
s3://nasa-surya-bench/2013/11/20131101_0600.nc,2013-11-01 06:00:00,1
s3://nasa-surya-bench/2013/11/20131101_1200.nc,2013-11-01 12:00:00,1
s3://nasa-surya-bench/2013/11/20131101_1800.nc,2013-11-01 18:00:00,1
s3://nasa-surya-bench/2013/11/20131102_0000.nc,2013-11-02 00:00:00,1
s3://nasa-surya-bench/2013/11/20131102_0600.nc,2013-11-02 06:00:00,1
s3://nasa-surya-bench/2013/11/20131102_1200.nc,2013-11-02 12:00:00,1
s3://nasa-surya-bench/2013/11/20131102_1800.nc,2013-11-02 18:00:00,1
s3://nasa-surya-bench/2013/11/20131103_0000.nc,2013-11-03 00:00:00,1
s3://nasa-surya-bench/2013/11/20131103_0600.nc,2013-11-03 06:00:00,1
s3://nasa-surya-bench/2013/11/20131103_1200.nc,2013-11-03 12:00:00,1
s3://nasa-surya-bench/2013/11/20131103_1800.nc,2013-11-03 18:00:00,1
s3://nasa-surya-bench/2013/11/20131104_0000.nc,2013-11-04 00:00:00,1
s3://nasa-surya-bench/2013/11/20131104_0600.nc,2013-11-04 06:00:00,1
s3://nasa-surya-bench/2013/11/20131104_1200.nc,2013-11-04 12:00:00,1
s3://nasa-surya-bench/2013/11/20131104_1800.nc,2013-11-04 18:00:00,1
s3://nasa-surya-bench/2013/11/20131105_0000.nc,2013-11-05 00:00:00,1
s3://nasa-surya-bench/2013/11/20131105_0600.nc,2013-11-05 06:00:00,1
s3://nasa-surya-bench/2013/11/20131105_1200.nc,2013-11-05 12:00:00,1
s3://nasa-surya-bench/2013/11/20131105_1800.nc,2013-11-05 18:00:00,1
s3://nasa-surya-bench/2013/11/20131106_0000.nc,2013-11-06 00:00:00,1
s3://nasa-surya-bench/2013/11/20131106_0600.nc,2013-11-06 06:00:00,1
s3://nasa-surya-bench/2013/11/20131106_1200.nc,2013-11-06 12:00:00,1
s3://nasa-surya-bench/2013/11/20131106_1800.nc,2013-11-06 18:00:00,1
s3://nasa-surya-bench/2013/11/20131107_0000.nc,2013-11-07 00:00:00,1
s3://nasa-surya-bench/2013/11/20131107_0600.nc,2013-11-07 06:00:00,1
s3://nasa-surya-bench/2013/11/20131107_1200.nc,2013-11-07 12:00:00,1
s3://nasa-surya-bench/2013/11/20131107_1800.nc,2013-11-07 18:00:00,1
s3://nasa-surya-bench/2013/11/20131108_0000.nc,2013-11-08 00:00:00,1
s3://nasa-surya-bench/2013/11/20131108_0600.nc,2013-11-08 06:00:00,1
s3://nasa-surya-bench/2013/11/20131108_1200.nc,2013-11-08 12:00:00,1
s3://nasa-surya-bench/2013/11/20131108_1800.nc,2013-11-08 18:00:00,1
s3://nasa-surya-bench/2013/11/20131109_0000.nc,2013-11-09 00:00:00,1
s3://nasa-surya-bench/2013/11/20131109_0600.nc,2013-11-09 06:00:00,1
s3://nasa-surya-bench/2013/11/20131109_1200.nc,2013-11-09 12:00:00,1
s3://nasa-surya-bench/2013/11/20131109_1800.nc,2013-11-09 18:00:00,1
s3://nasa-surya-bench/2013/11/20131110_0000.nc,2013-11-10 00:00:00,1
s3://nasa-surya-bench/2013/11/20131110_0600.nc,2013-11-10 06:00:00,1
s3://nasa-surya-bench/2013/11/20131110_1200.nc,2013-11-10 12:00:00,1
s3://nasa-surya-bench/2013/11/20131110_1800.nc,2013-11-10 18:00:00,1
s3://nasa-surya-bench/2013/11/20131111_0000.nc,2013-11-11 00:00:00,1
s3://nasa-surya-bench/2013/11/20131111_0600.nc,2013-11-11 06:00:00,1
s3://nasa-surya-bench/2013/11/20131111_1200.nc,2013-11-11 12:00:00,1
s3://nasa-surya-bench/2013/11/20131111_1800.nc,2013-11-11 18:00:00,1
s3://nasa-surya-bench/2013/11/20131112_0000.nc,2013-11-12 00:00:00,1
s3://nasa-surya-bench/2013/11/20131112_0600.nc,2013-11-12 06:00:00,1
s3://nasa-surya-bench/2013/11/20131112_1200.nc,2013-11-12 12:00:00,1
s3://nasa-surya-bench/2013/11/20131112_1800.nc,2013-11-12 18:00:00,1
s3://nasa-surya-bench/2013/11/20131113_0000.nc,2013-11-13 00:00:00,1
s3://nasa-surya-bench/2013/11/20131113_0600.nc,2013-11-13 06:00:00,1
s3://nasa-surya-bench/2013/11/20131113_1200.nc,2013-11-13 12:00:00,1
s3://nasa-surya-bench/2013/11/20131113_1800.nc,2013-11-13 18:00:00,1
s3://nasa-surya-bench/2013/11/20131114_0000.nc,2013-11-14 00:00:00,1
s3://nasa-surya-bench/2013/11/20131114_0600.nc,2013-11-14 06:00:00,1
s3://nasa-surya-bench/2013/11/20131114_1200.nc,2013-11-14 12:00:00,1
s3://nasa-surya-bench/2013/11/20131114_1800.nc,2013-11-14 18:00:00,1
s3://nasa-surya-bench/2013/11/20131115_0000.nc,2013-11-15 00:00:00,1
s3://nasa-surya-bench/2013/11/20131115_0600.nc,2013-11-15 06:00:00,1
s3://nasa-surya-bench/2013/11/20131115_1200.nc,2013-11-15 12:00:00,1
s3://nasa-surya-bench/2013/11/20131115_1800.nc,2013-11-15 18:00:00,1
s3://nasa-surya-bench/2013/11/20131116_0000.nc,2013-11-16 00:00:00,1
s3://nasa-surya-bench/2013/11/20131116_0600.nc,2013-11-16 06:00:00,1
s3://nasa-surya-bench/2013/11/20131116_1200.nc,2013-11-16 12:00:00,1
s3://nasa-surya-bench/2013/11/20131116_1800.nc,2013-11-16 18:00:00,1
s3://nasa-surya-bench/2013/11/20131117_0000.nc,2013-11-17 00:00:00,1
s3://nasa-surya-bench/2013/11/20131117_0600.nc,2013-11-17 06:00:00,1
s3://nasa-surya-bench/2013/11/20131117_1200.nc,2013-11-17 12:00:00,1
s3://nasa-surya-bench/2013/11/20131117_1800.nc,2013-11-17 18:00:00,1
s3://nasa-surya-bench/2013/11/20131118_0000.nc,2013-11-18 00:00:00,1
s3://nasa-surya-bench/2013/11/20131118_0600.nc,2013-11-18 06:00:00,1
s3://nasa-surya-bench/2013/11/20131118_1200.nc,2013-11-18 12:00:00,1
s3://nasa-surya-bench/2013/11/20131119_0000.nc,2013-11-19 00:00:00,1
s3://nasa-surya-bench/2013/11/20131119_0600.nc,2013-11-19 06:00:00,1
s3://nasa-surya-bench/2013/11/20131119_1200.nc,2013-11-19 12:00:00,1
s3://nasa-surya-bench/2013/11/20131119_1800.nc,2013-11-19 18:00:00,1
s3://nasa-surya-bench/2013/11/20131120_0000.nc,2013-11-20 00:00:00,1
s3://nasa-surya-bench/2013/11/20131120_0600.nc,2013-11-20 06:00:00,1
s3://nasa-surya-bench/2013/11/20131120_1200.nc,2013-11-20 12:00:00,1
s3://nasa-surya-bench/2013/11/20131120_1800.nc,2013-11-20 18:00:00,1
s3://nasa-surya-bench/2013/11/20131121_0000.nc,2013-11-21 00:00:00,1
s3://nasa-surya-bench/2013/11/20131121_0600.nc,2013-11-21 06:00:00,1
s3://nasa-surya-bench/2013/11/20131121_1200.nc,2013-11-21 12:00:00,1
s3://nasa-surya-bench/2013/11/20131121_1800.nc,2013-11-21 18:00:00,1
s3://nasa-surya-bench/2013/11/20131122_0000.nc,2013-11-22 00:00:00,1
s3://nasa-surya-bench/2013/11/20131122_0600.nc,2013-11-22 06:00:00,1
s3://nasa-surya-bench/2013/11/20131122_1200.nc,2013-11-22 12:00:00,1
s3://nasa-surya-bench/2013/11/20131122_1800.nc,2013-11-22 18:00:00,1
s3://nasa-surya-bench/2013/11/20131123_0000.nc,2013-11-23 00:00:00,1
s3://nasa-surya-bench/2013/11/20131123_0600.nc,2013-11-23 06:00:00,1
s3://nasa-surya-bench/2013/11/20131123_1200.nc,2013-11-23 12:00:00,1
s3://nasa-surya-bench/2013/11/20131123_1800.nc,2013-11-23 18:00:00,1
s3://nasa-surya-bench/2013/11/20131124_0000.nc,2013-11-24 00:00:00,1
s3://nasa-surya-bench/2013/11/20131124_0600.nc,2013-11-24 06:00:00,1
s3://nasa-surya-bench/2013/11/20131124_1200.nc,2013-11-24 12:00:00,1
s3://nasa-surya-bench/2013/11/20131124_1800.nc,2013-11-24 18:00:00,1
s3://nasa-surya-bench/2013/11/20131125_0000.nc,2013-11-25 00:00:00,1
s3://nasa-surya-bench/2013/11/20131125_0600.nc,2013-11-25 06:00:00,1
s3://nasa-surya-bench/2013/11/20131125_1200.nc,2013-11-25 12:00:00,1
s3://nasa-surya-bench/2013/11/20131125_1800.nc,2013-11-25 18:00:00,1
s3://nasa-surya-bench/2013/11/20131126_0000.nc,2013-11-26 00:00:00,1
s3://nasa-surya-bench/2013/11/20131126_0600.nc,2013-11-26 06:00:00,1
s3://nasa-surya-bench/2013/11/20131126_1200.nc,2013-11-26 12:00:00,1
s3://nasa-surya-bench/2013/11/20131126_1800.nc,2013-11-26 18:00:00,1
s3://nasa-surya-bench/2013/11/20131127_0000.nc,2013-11-27 00:00:00,1
s3://nasa-surya-bench/2013/11/20131127_0600.nc,2013-11-27 06:00:00,1
s3://nasa-surya-bench/2013/11/20131127_1200.nc,2013-11-27 12:00:00,1
s3://nasa-surya-bench/2013/11/20131127_1800.nc,2013-11-27 18:00:00,1
s3://nasa-surya-bench/2013/11/20131128_0000.nc,2013-11-28 00:00:00,1
s3://nasa-surya-bench/2013/11/20131128_0600.nc,2013-11-28 06:00:00,1
s3://nasa-surya-bench/2013/11/20131128_1200.nc,2013-11-28 12:00:00,1
s3://nasa-surya-bench/2013/11/20131129_0000.nc,2013-11-29 00:00:00,1
s3://nasa-surya-bench/2013/11/20131129_0600.nc,2013-11-29 06:00:00,1
s3://nasa-surya-bench/2013/11/20131129_1200.nc,2013-11-29 12:00:00,1
s3://nasa-surya-bench/2013/11/20131129_1800.nc,2013-11-29 18:00:00,1
s3://nasa-surya-bench/2013/11/20131130_0000.nc,2013-11-30 00:00:00,1
s3://nasa-surya-bench/2013/11/20131130_0600.nc,2013-11-30 06:00:00,1
s3://nasa-surya-bench/2013/11/20131130_1200.nc,2013-11-30 12:00:00,1
s3://nasa-surya-bench/2013/11/20131130_1800.nc,2013-11-30 18:00:00,1
s3://nasa-surya-bench/2013/12/20131201_0000.nc,2013-12-01 00:00:00,1
s3://nasa-surya-bench/2013/12/20131201_0600.nc,2013-12-01 06:00:00,1
s3://nasa-surya-bench/2013/12/20131201_1200.nc,2013-12-01 12:00:00,1
s3://nasa-surya-bench/2013/12/20131201_1800.nc,2013-12-01 18:00:00,1
s3://nasa-surya-bench/2013/12/20131202_0000.nc,2013-12-02 00:00:00,1
s3://nasa-surya-bench/2013/12/20131202_0600.nc,2013-12-02 06:00:00,1
s3://nasa-surya-bench/2013/12/20131202_1200.nc,2013-12-02 12:00:00,1
s3://nasa-surya-bench/2013/12/20131202_1800.nc,2013-12-02 18:00:00,1
s3://nasa-surya-bench/2013/12/20131203_0000.nc,2013-12-03 00:00:00,1
s3://nasa-surya-bench/2013/12/20131203_0600.nc,2013-12-03 06:00:00,1
s3://nasa-surya-bench/2013/12/20131203_1200.nc,2013-12-03 12:00:00,1
s3://nasa-surya-bench/2013/12/20131203_1800.nc,2013-12-03 18:00:00,1
s3://nasa-surya-bench/2013/12/20131204_0000.nc,2013-12-04 00:00:00,1
s3://nasa-surya-bench/2013/12/20131204_0600.nc,2013-12-04 06:00:00,1
s3://nasa-surya-bench/2013/12/20131204_1200.nc,2013-12-04 12:00:00,1
s3://nasa-surya-bench/2013/12/20131204_1800.nc,2013-12-04 18:00:00,1
s3://nasa-surya-bench/2013/12/20131205_0000.nc,2013-12-05 00:00:00,1
s3://nasa-surya-bench/2013/12/20131205_0600.nc,2013-12-05 06:00:00,1
s3://nasa-surya-bench/2013/12/20131205_1200.nc,2013-12-05 12:00:00,1
s3://nasa-surya-bench/2013/12/20131205_1800.nc,2013-12-05 18:00:00,1
s3://nasa-surya-bench/2013/12/20131206_0000.nc,2013-12-06 00:00:00,1
s3://nasa-surya-bench/2013/12/20131206_0600.nc,2013-12-06 06:00:00,1
s3://nasa-surya-bench/2013/12/20131206_1200.nc,2013-12-06 12:00:00,1
s3://nasa-surya-bench/2013/12/20131206_1800.nc,2013-12-06 18:00:00,1
s3://nasa-surya-bench/2013/12/20131207_0000.nc,2013-12-07 00:00:00,1
s3://nasa-surya-bench/2013/12/20131207_0600.nc,2013-12-07 06:00:00,1
s3://nasa-surya-bench/2013/12/20131207_1200.nc,2013-12-07 12:00:00,1
s3://nasa-surya-bench/2013/12/20131207_1800.nc,2013-12-07 18:00:00,1
s3://nasa-surya-bench/2013/12/20131208_0000.nc,2013-12-08 00:00:00,1
s3://nasa-surya-bench/2013/12/20131208_0600.nc,2013-12-08 06:00:00,1
s3://nasa-surya-bench/2013/12/20131208_1200.nc,2013-12-08 12:00:00,1
s3://nasa-surya-bench/2013/12/20131208_1800.nc,2013-12-08 18:00:00,1
s3://nasa-surya-bench/2013/12/20131209_0000.nc,2013-12-09 00:00:00,1
s3://nasa-surya-bench/2013/12/20131209_0600.nc,2013-12-09 06:00:00,1
s3://nasa-surya-bench/2013/12/20131209_1200.nc,2013-12-09 12:00:00,1
s3://nasa-surya-bench/2013/12/20131209_1800.nc,2013-12-09 18:00:00,1
s3://nasa-surya-bench/2013/12/20131210_0000.nc,2013-12-10 00:00:00,1
s3://nasa-surya-bench/2013/12/20131210_0600.nc,2013-12-10 06:00:00,1
s3://nasa-surya-bench/2013/12/20131210_1200.nc,2013-12-10 12:00:00,1
s3://nasa-surya-bench/2013/12/20131210_1800.nc,2013-12-10 18:00:00,1
s3://nasa-surya-bench/2013/12/20131211_0000.nc,2013-12-11 00:00:00,1
s3://nasa-surya-bench/2013/12/20131211_0600.nc,2013-12-11 06:00:00,1
s3://nasa-surya-bench/2013/12/20131211_1200.nc,2013-12-11 12:00:00,1
s3://nasa-surya-bench/2013/12/20131211_1800.nc,2013-12-11 18:00:00,1
s3://nasa-surya-bench/2013/12/20131212_0000.nc,2013-12-12 00:00:00,1
s3://nasa-surya-bench/2013/12/20131212_0600.nc,2013-12-12 06:00:00,1
s3://nasa-surya-bench/2013/12/20131212_1200.nc,2013-12-12 12:00:00,1
s3://nasa-surya-bench/2013/12/20131212_1800.nc,2013-12-12 18:00:00,1
s3://nasa-surya-bench/2013/12/20131213_0000.nc,2013-12-13 00:00:00,1
s3://nasa-surya-bench/2013/12/20131213_0600.nc,2013-12-13 06:00:00,1
s3://nasa-surya-bench/2013/12/20131213_1200.nc,2013-12-13 12:00:00,1
s3://nasa-surya-bench/2013/12/20131213_1800.nc,2013-12-13 18:00:00,1
s3://nasa-surya-bench/2013/12/20131214_0000.nc,2013-12-14 00:00:00,1
s3://nasa-surya-bench/2013/12/20131214_0600.nc,2013-12-14 06:00:00,1
s3://nasa-surya-bench/2013/12/20131214_1200.nc,2013-12-14 12:00:00,1
s3://nasa-surya-bench/2013/12/20131214_1800.nc,2013-12-14 18:00:00,1
s3://nasa-surya-bench/2013/12/20131215_0000.nc,2013-12-15 00:00:00,1
s3://nasa-surya-bench/2013/12/20131215_0600.nc,2013-12-15 06:00:00,1
s3://nasa-surya-bench/2013/12/20131215_1200.nc,2013-12-15 12:00:00,1
s3://nasa-surya-bench/2013/12/20131215_1800.nc,2013-12-15 18:00:00,1
s3://nasa-surya-bench/2013/12/20131216_0000.nc,2013-12-16 00:00:00,1
s3://nasa-surya-bench/2013/12/20131216_0600.nc,2013-12-16 06:00:00,1
s3://nasa-surya-bench/2013/12/20131216_1200.nc,2013-12-16 12:00:00,1
s3://nasa-surya-bench/2013/12/20131216_1800.nc,2013-12-16 18:00:00,1
s3://nasa-surya-bench/2013/12/20131217_0000.nc,2013-12-17 00:00:00,1
s3://nasa-surya-bench/2013/12/20131217_0600.nc,2013-12-17 06:00:00,1
s3://nasa-surya-bench/2013/12/20131217_1200.nc,2013-12-17 12:00:00,1
s3://nasa-surya-bench/2013/12/20131217_1800.nc,2013-12-17 18:00:00,1
s3://nasa-surya-bench/2013/12/20131218_0000.nc,2013-12-18 00:00:00,1
s3://nasa-surya-bench/2013/12/20131218_0600.nc,2013-12-18 06:00:00,1
s3://nasa-surya-bench/2013/12/20131218_1200.nc,2013-12-18 12:00:00,1
s3://nasa-surya-bench/2013/12/20131218_1800.nc,2013-12-18 18:00:00,1
s3://nasa-surya-bench/2013/12/20131219_0000.nc,2013-12-19 00:00:00,1
s3://nasa-surya-bench/2013/12/20131219_0600.nc,2013-12-19 06:00:00,1
s3://nasa-surya-bench/2013/12/20131219_1200.nc,2013-12-19 12:00:00,1
s3://nasa-surya-bench/2013/12/20131219_1800.nc,2013-12-19 18:00:00,1
s3://nasa-surya-bench/2013/12/20131220_0000.nc,2013-12-20 00:00:00,1
s3://nasa-surya-bench/2013/12/20131220_0600.nc,2013-12-20 06:00:00,1
s3://nasa-surya-bench/2013/12/20131220_1200.nc,2013-12-20 12:00:00,1
s3://nasa-surya-bench/2013/12/20131220_1800.nc,2013-12-20 18:00:00,1
s3://nasa-surya-bench/2013/12/20131221_0000.nc,2013-12-21 00:00:00,1
s3://nasa-surya-bench/2013/12/20131221_0600.nc,2013-12-21 06:00:00,1
s3://nasa-surya-bench/2013/12/20131221_1200.nc,2013-12-21 12:00:00,1
s3://nasa-surya-bench/2013/12/20131221_1800.nc,2013-12-21 18:00:00,1
s3://nasa-surya-bench/2013/12/20131222_0000.nc,2013-12-22 00:00:00,1
s3://nasa-surya-bench/2013/12/20131222_0600.nc,2013-12-22 06:00:00,1
s3://nasa-surya-bench/2013/12/20131222_1200.nc,2013-12-22 12:00:00,1
s3://nasa-surya-bench/2013/12/20131222_1800.nc,2013-12-22 18:00:00,1
s3://nasa-surya-bench/2013/12/20131223_0000.nc,2013-12-23 00:00:00,1
s3://nasa-surya-bench/2013/12/20131223_0600.nc,2013-12-23 06:00:00,1
s3://nasa-surya-bench/2013/12/20131223_1200.nc,2013-12-23 12:00:00,1
s3://nasa-surya-bench/2013/12/20131223_1800.nc,2013-12-23 18:00:00,1
s3://nasa-surya-bench/2013/12/20131224_0000.nc,2013-12-24 00:00:00,1
s3://nasa-surya-bench/2013/12/20131224_0600.nc,2013-12-24 06:00:00,1
s3://nasa-surya-bench/2013/12/20131224_1200.nc,2013-12-24 12:00:00,1
s3://nasa-surya-bench/2013/12/20131224_1800.nc,2013-12-24 18:00:00,1
s3://nasa-surya-bench/2013/12/20131225_0000.nc,2013-12-25 00:00:00,1
s3://nasa-surya-bench/2013/12/20131225_0600.nc,2013-12-25 06:00:00,1
s3://nasa-surya-bench/2013/12/20131225_1200.nc,2013-12-25 12:00:00,1
s3://nasa-surya-bench/2013/12/20131225_1800.nc,2013-12-25 18:00:00,1
s3://nasa-surya-bench/2013/12/20131226_0000.nc,2013-12-26 00:00:00,1
s3://nasa-surya-bench/2013/12/20131226_0600.nc,2013-12-26 06:00:00,1
s3://nasa-surya-bench/2013/12/20131226_1200.nc,2013-12-26 12:00:00,1
s3://nasa-surya-bench/2013/12/20131226_1800.nc,2013-12-26 18:00:00,1
s3://nasa-surya-bench/2013/12/20131227_0000.nc,2013-12-27 00:00:00,1
s3://nasa-surya-bench/2013/12/20131227_0600.nc,2013-12-27 06:00:00,1
s3://nasa-surya-bench/2013/12/20131227_1200.nc,2013-12-27 12:00:00,1
s3://nasa-surya-bench/2013/12/20131227_1800.nc,2013-12-27 18:00:00,1
s3://nasa-surya-bench/2013/12/20131228_0000.nc,2013-12-28 00:00:00,1
s3://nasa-surya-bench/2013/12/20131228_0600.nc,2013-12-28 06:00:00,1
s3://nasa-surya-bench/2013/12/20131228_1200.nc,2013-12-28 12:00:00,1
s3://nasa-surya-bench/2013/12/20131228_1800.nc,2013-12-28 18:00:00,1
s3://nasa-surya-bench/2013/12/20131229_0000.nc,2013-12-29 00:00:00,1
s3://nasa-surya-bench/2013/12/20131229_0600.nc,2013-12-29 06:00:00,1
s3://nasa-surya-bench/2013/12/20131229_1200.nc,2013-12-29 12:00:00,1
s3://nasa-surya-bench/2013/12/20131229_1800.nc,2013-12-29 18:00:00,1
s3://nasa-surya-bench/2013/12/20131230_0000.nc,2013-12-30 00:00:00,1
s3://nasa-surya-bench/2013/12/20131230_0600.nc,2013-12-30 06:00:00,1
s3://nasa-surya-bench/2013/12/20131230_1200.nc,2013-12-30 12:00:00,1
s3://nasa-surya-bench/2013/12/20131230_1800.nc,2013-12-30 18:00:00,1
s3://nasa-surya-bench/2013/12/20131231_0000.nc,2013-12-31 00:00:00,1
s3://nasa-surya-bench/2013/12/20131231_0600.nc,2013-12-31 06:00:00,1
s3://nasa-surya-bench/2013/12/20131231_1200.nc,2013-12-31 12:00:00,1
s3://nasa-surya-bench/2013/12/20131231_1800.nc,2013-12-31 18:00:00,1
s3://nasa-surya-bench/2014/01/20140101_0000.nc,2014-01-01 00:00:00,1
s3://nasa-surya-bench/2014/01/20140101_0600.nc,2014-01-01 06:00:00,1
s3://nasa-surya-bench/2014/01/20140101_1200.nc,2014-01-01 12:00:00,1
s3://nasa-surya-bench/2014/01/20140101_1800.nc,2014-01-01 18:00:00,1
s3://nasa-surya-bench/2014/01/20140102_0000.nc,2014-01-02 00:00:00,1
s3://nasa-surya-bench/2014/01/20140102_0600.nc,2014-01-02 06:00:00,1
s3://nasa-surya-bench/2014/01/20140102_1200.nc,2014-01-02 12:00:00,1
s3://nasa-surya-bench/2014/01/20140102_1800.nc,2014-01-02 18:00:00,1
s3://nasa-surya-bench/2014/01/20140103_0000.nc,2014-01-03 00:00:00,1
s3://nasa-surya-bench/2014/01/20140103_0600.nc,2014-01-03 06:00:00,1
s3://nasa-surya-bench/2014/01/20140103_1200.nc,2014-01-03 12:00:00,1
s3://nasa-surya-bench/2014/01/20140103_1800.nc,2014-01-03 18:00:00,1
s3://nasa-surya-bench/2014/01/20140104_0000.nc,2014-01-04 00:00:00,1
s3://nasa-surya-bench/2014/01/20140104_0600.nc,2014-01-04 06:00:00,1
s3://nasa-surya-bench/2014/01/20140104_1200.nc,2014-01-04 12:00:00,1
s3://nasa-surya-bench/2014/01/20140104_1800.nc,2014-01-04 18:00:00,1
s3://nasa-surya-bench/2014/01/20140105_0000.nc,2014-01-05 00:00:00,1
s3://nasa-surya-bench/2014/01/20140105_0600.nc,2014-01-05 06:00:00,1
s3://nasa-surya-bench/2014/01/20140105_1200.nc,2014-01-05 12:00:00,1
s3://nasa-surya-bench/2014/01/20140105_1800.nc,2014-01-05 18:00:00,1
s3://nasa-surya-bench/2014/01/20140106_0000.nc,2014-01-06 00:00:00,1
s3://nasa-surya-bench/2014/01/20140106_0600.nc,2014-01-06 06:00:00,1
s3://nasa-surya-bench/2014/02/20140207_0000.nc,2014-02-07 00:00:00,1
s3://nasa-surya-bench/2014/02/20140207_0600.nc,2014-02-07 06:00:00,1
s3://nasa-surya-bench/2014/02/20140207_1200.nc,2014-02-07 12:00:00,1
s3://nasa-surya-bench/2014/02/20140207_1800.nc,2014-02-07 18:00:00,1
s3://nasa-surya-bench/2014/02/20140208_0000.nc,2014-02-08 00:00:00,1
s3://nasa-surya-bench/2014/02/20140208_0600.nc,2014-02-08 06:00:00,1
s3://nasa-surya-bench/2014/02/20140208_1200.nc,2014-02-08 12:00:00,1
s3://nasa-surya-bench/2014/02/20140208_1800.nc,2014-02-08 18:00:00,1
s3://nasa-surya-bench/2014/02/20140209_0000.nc,2014-02-09 00:00:00,1
s3://nasa-surya-bench/2014/02/20140209_0600.nc,2014-02-09 06:00:00,1
s3://nasa-surya-bench/2014/02/20140209_1200.nc,2014-02-09 12:00:00,1
s3://nasa-surya-bench/2014/02/20140209_1800.nc,2014-02-09 18:00:00,1
s3://nasa-surya-bench/2014/02/20140210_0000.nc,2014-02-10 00:00:00,1
s3://nasa-surya-bench/2014/02/20140210_0600.nc,2014-02-10 06:00:00,1
s3://nasa-surya-bench/2014/02/20140210_1200.nc,2014-02-10 12:00:00,1
s3://nasa-surya-bench/2014/02/20140210_1800.nc,2014-02-10 18:00:00,1
s3://nasa-surya-bench/2014/02/20140211_0000.nc,2014-02-11 00:00:00,1
s3://nasa-surya-bench/2014/02/20140211_0600.nc,2014-02-11 06:00:00,1
s3://nasa-surya-bench/2014/02/20140211_1200.nc,2014-02-11 12:00:00,1
s3://nasa-surya-bench/2014/02/20140211_1800.nc,2014-02-11 18:00:00,1
s3://nasa-surya-bench/2014/02/20140212_0000.nc,2014-02-12 00:00:00,1
s3://nasa-surya-bench/2014/02/20140212_0600.nc,2014-02-12 06:00:00,1
s3://nasa-surya-bench/2014/02/20140212_1200.nc,2014-02-12 12:00:00,1
s3://nasa-surya-bench/2014/02/20140213_0000.nc,2014-02-13 00:00:00,1
s3://nasa-surya-bench/2014/02/20140213_0600.nc,2014-02-13 06:00:00,1
s3://nasa-surya-bench/2014/02/20140213_1200.nc,2014-02-13 12:00:00,1
s3://nasa-surya-bench/2014/02/20140213_1800.nc,2014-02-13 18:00:00,1
s3://nasa-surya-bench/2014/02/20140214_0000.nc,2014-02-14 00:00:00,1
s3://nasa-surya-bench/2014/02/20140214_0600.nc,2014-02-14 06:00:00,1
s3://nasa-surya-bench/2014/02/20140214_1200.nc,2014-02-14 12:00:00,1
s3://nasa-surya-bench/2014/02/20140214_1800.nc,2014-02-14 18:00:00,1
s3://nasa-surya-bench/2014/02/20140215_0000.nc,2014-02-15 00:00:00,1
s3://nasa-surya-bench/2014/02/20140215_0600.nc,2014-02-15 06:00:00,1
s3://nasa-surya-bench/2014/02/20140215_1200.nc,2014-02-15 12:00:00,1
s3://nasa-surya-bench/2014/02/20140215_1800.nc,2014-02-15 18:00:00,1
s3://nasa-surya-bench/2014/02/20140216_0000.nc,2014-02-16 00:00:00,1
s3://nasa-surya-bench/2014/02/20140216_0600.nc,2014-02-16 06:00:00,1
s3://nasa-surya-bench/2014/02/20140216_1200.nc,2014-02-16 12:00:00,1
s3://nasa-surya-bench/2014/02/20140216_1800.nc,2014-02-16 18:00:00,1
s3://nasa-surya-bench/2014/02/20140217_0000.nc,2014-02-17 00:00:00,1
s3://nasa-surya-bench/2014/02/20140217_0600.nc,2014-02-17 06:00:00,1
s3://nasa-surya-bench/2014/02/20140217_1200.nc,2014-02-17 12:00:00,1
s3://nasa-surya-bench/2014/02/20140217_1800.nc,2014-02-17 18:00:00,1
s3://nasa-surya-bench/2014/02/20140218_0000.nc,2014-02-18 00:00:00,1
s3://nasa-surya-bench/2014/02/20140218_0600.nc,2014-02-18 06:00:00,1
s3://nasa-surya-bench/2014/02/20140218_1200.nc,2014-02-18 12:00:00,1
s3://nasa-surya-bench/2014/02/20140218_1800.nc,2014-02-18 18:00:00,1
s3://nasa-surya-bench/2014/02/20140219_0000.nc,2014-02-19 00:00:00,1
s3://nasa-surya-bench/2014/02/20140219_0600.nc,2014-02-19 06:00:00,1
s3://nasa-surya-bench/2014/02/20140219_1200.nc,2014-02-19 12:00:00,1
s3://nasa-surya-bench/2014/02/20140219_1800.nc,2014-02-19 18:00:00,1
s3://nasa-surya-bench/2014/02/20140220_0000.nc,2014-02-20 00:00:00,1
s3://nasa-surya-bench/2014/02/20140220_0600.nc,2014-02-20 06:00:00,1
s3://nasa-surya-bench/2014/02/20140220_1200.nc,2014-02-20 12:00:00,1
s3://nasa-surya-bench/2014/02/20140220_1800.nc,2014-02-20 18:00:00,1
s3://nasa-surya-bench/2014/02/20140221_0000.nc,2014-02-21 00:00:00,1
s3://nasa-surya-bench/2014/02/20140221_0600.nc,2014-02-21 06:00:00,1
s3://nasa-surya-bench/2014/02/20140221_1200.nc,2014-02-21 12:00:00,1
s3://nasa-surya-bench/2014/02/20140221_1800.nc,2014-02-21 18:00:00,1
s3://nasa-surya-bench/2014/02/20140222_0000.nc,2014-02-22 00:00:00,1
s3://nasa-surya-bench/2014/02/20140222_0600.nc,2014-02-22 06:00:00,1
s3://nasa-surya-bench/2014/02/20140222_1200.nc,2014-02-22 12:00:00,1
s3://nasa-surya-bench/2014/02/20140222_1800.nc,2014-02-22 18:00:00,1
s3://nasa-surya-bench/2014/02/20140223_0000.nc,2014-02-23 00:00:00,1
s3://nasa-surya-bench/2014/02/20140223_0600.nc,2014-02-23 06:00:00,1
s3://nasa-surya-bench/2014/02/20140223_1200.nc,2014-02-23 12:00:00,1
s3://nasa-surya-bench/2014/02/20140223_1800.nc,2014-02-23 18:00:00,1
s3://nasa-surya-bench/2014/02/20140224_0000.nc,2014-02-24 00:00:00,1
s3://nasa-surya-bench/2014/02/20140224_0600.nc,2014-02-24 06:00:00,1
s3://nasa-surya-bench/2014/02/20140224_1200.nc,2014-02-24 12:00:00,1
s3://nasa-surya-bench/2014/02/20140224_1800.nc,2014-02-24 18:00:00,1
s3://nasa-surya-bench/2014/02/20140225_0000.nc,2014-02-25 00:00:00,1
s3://nasa-surya-bench/2014/02/20140225_0600.nc,2014-02-25 06:00:00,1
s3://nasa-surya-bench/2014/02/20140225_1200.nc,2014-02-25 12:00:00,1
s3://nasa-surya-bench/2014/02/20140225_1800.nc,2014-02-25 18:00:00,1
s3://nasa-surya-bench/2014/02/20140226_0000.nc,2014-02-26 00:00:00,1
s3://nasa-surya-bench/2014/02/20140226_0600.nc,2014-02-26 06:00:00,1
s3://nasa-surya-bench/2014/02/20140226_1200.nc,2014-02-26 12:00:00,1
s3://nasa-surya-bench/2014/02/20140226_1800.nc,2014-02-26 18:00:00,1
s3://nasa-surya-bench/2014/02/20140227_0000.nc,2014-02-27 00:00:00,1
s3://nasa-surya-bench/2014/02/20140227_0600.nc,2014-02-27 06:00:00,1
s3://nasa-surya-bench/2014/02/20140227_1200.nc,2014-02-27 12:00:00,1
s3://nasa-surya-bench/2014/02/20140227_1800.nc,2014-02-27 18:00:00,1
s3://nasa-surya-bench/2014/02/20140228_0000.nc,2014-02-28 00:00:00,1
s3://nasa-surya-bench/2014/02/20140228_0600.nc,2014-02-28 06:00:00,1
s3://nasa-surya-bench/2014/02/20140228_1200.nc,2014-02-28 12:00:00,1
s3://nasa-surya-bench/2014/02/20140228_1800.nc,2014-02-28 18:00:00,1
s3://nasa-surya-bench/2014/03/20140301_0000.nc,2014-03-01 00:00:00,1
s3://nasa-surya-bench/2014/03/20140301_0600.nc,2014-03-01 06:00:00,1
s3://nasa-surya-bench/2014/03/20140301_1200.nc,2014-03-01 12:00:00,1
s3://nasa-surya-bench/2014/03/20140301_1800.nc,2014-03-01 18:00:00,1
s3://nasa-surya-bench/2014/03/20140302_0000.nc,2014-03-02 00:00:00,1
s3://nasa-surya-bench/2014/03/20140302_0600.nc,2014-03-02 06:00:00,1
s3://nasa-surya-bench/2014/03/20140302_1200.nc,2014-03-02 12:00:00,1
s3://nasa-surya-bench/2014/03/20140302_1800.nc,2014-03-02 18:00:00,1
s3://nasa-surya-bench/2014/03/20140303_0000.nc,2014-03-03 00:00:00,1
s3://nasa-surya-bench/2014/03/20140303_0600.nc,2014-03-03 06:00:00,1
s3://nasa-surya-bench/2014/03/20140303_1200.nc,2014-03-03 12:00:00,1
s3://nasa-surya-bench/2014/03/20140303_1800.nc,2014-03-03 18:00:00,1
s3://nasa-surya-bench/2014/03/20140304_0000.nc,2014-03-04 00:00:00,1
s3://nasa-surya-bench/2014/03/20140304_0600.nc,2014-03-04 06:00:00,1
s3://nasa-surya-bench/2014/03/20140304_1200.nc,2014-03-04 12:00:00,1
s3://nasa-surya-bench/2014/03/20140304_1800.nc,2014-03-04 18:00:00,1
s3://nasa-surya-bench/2014/03/20140305_0000.nc,2014-03-05 00:00:00,1
s3://nasa-surya-bench/2014/03/20140305_0600.nc,2014-03-05 06:00:00,1
s3://nasa-surya-bench/2014/03/20140305_1200.nc,2014-03-05 12:00:00,1
s3://nasa-surya-bench/2014/03/20140305_1800.nc,2014-03-05 18:00:00,1
s3://nasa-surya-bench/2014/03/20140306_0000.nc,2014-03-06 00:00:00,1
s3://nasa-surya-bench/2014/03/20140306_0600.nc,2014-03-06 06:00:00,1
s3://nasa-surya-bench/2014/03/20140306_1200.nc,2014-03-06 12:00:00,1
s3://nasa-surya-bench/2014/03/20140306_1800.nc,2014-03-06 18:00:00,1
s3://nasa-surya-bench/2014/03/20140308_0000.nc,2014-03-08 00:00:00,1
s3://nasa-surya-bench/2014/03/20140308_0600.nc,2014-03-08 06:00:00,1
s3://nasa-surya-bench/2014/03/20140308_1200.nc,2014-03-08 12:00:00,1
s3://nasa-surya-bench/2014/03/20140308_1800.nc,2014-03-08 18:00:00,1
s3://nasa-surya-bench/2014/03/20140309_0000.nc,2014-03-09 00:00:00,1
s3://nasa-surya-bench/2014/03/20140309_0600.nc,2014-03-09 06:00:00,1
s3://nasa-surya-bench/2014/03/20140309_1200.nc,2014-03-09 12:00:00,1
s3://nasa-surya-bench/2014/03/20140309_1800.nc,2014-03-09 18:00:00,1
s3://nasa-surya-bench/2014/03/20140310_0000.nc,2014-03-10 00:00:00,1
s3://nasa-surya-bench/2014/03/20140310_0600.nc,2014-03-10 06:00:00,1
s3://nasa-surya-bench/2014/03/20140310_1200.nc,2014-03-10 12:00:00,1
s3://nasa-surya-bench/2014/03/20140310_1800.nc,2014-03-10 18:00:00,1
s3://nasa-surya-bench/2014/03/20140311_0000.nc,2014-03-11 00:00:00,1
s3://nasa-surya-bench/2014/03/20140311_0600.nc,2014-03-11 06:00:00,1
s3://nasa-surya-bench/2014/03/20140311_1200.nc,2014-03-11 12:00:00,1
s3://nasa-surya-bench/2014/03/20140311_1800.nc,2014-03-11 18:00:00,1
s3://nasa-surya-bench/2014/03/20140312_0000.nc,2014-03-12 00:00:00,1
s3://nasa-surya-bench/2014/03/20140312_0600.nc,2014-03-12 06:00:00,1
s3://nasa-surya-bench/2014/03/20140312_1200.nc,2014-03-12 12:00:00,1
s3://nasa-surya-bench/2014/03/20140312_1800.nc,2014-03-12 18:00:00,1
s3://nasa-surya-bench/2014/03/20140313_0000.nc,2014-03-13 00:00:00,1
s3://nasa-surya-bench/2014/03/20140313_0600.nc,2014-03-13 06:00:00,1
s3://nasa-surya-bench/2014/03/20140313_1200.nc,2014-03-13 12:00:00,1
s3://nasa-surya-bench/2014/03/20140313_1800.nc,2014-03-13 18:00:00,1
s3://nasa-surya-bench/2014/03/20140314_0000.nc,2014-03-14 00:00:00,1
s3://nasa-surya-bench/2014/03/20140314_0600.nc,2014-03-14 06:00:00,1
s3://nasa-surya-bench/2014/03/20140314_1200.nc,2014-03-14 12:00:00,1
s3://nasa-surya-bench/2014/03/20140314_1800.nc,2014-03-14 18:00:00,1
s3://nasa-surya-bench/2014/03/20140315_0000.nc,2014-03-15 00:00:00,1
s3://nasa-surya-bench/2014/03/20140315_0600.nc,2014-03-15 06:00:00,1
s3://nasa-surya-bench/2014/03/20140315_1800.nc,2014-03-15 18:00:00,1
s3://nasa-surya-bench/2014/03/20140316_0000.nc,2014-03-16 00:00:00,1
s3://nasa-surya-bench/2014/03/20140316_0600.nc,2014-03-16 06:00:00,1
s3://nasa-surya-bench/2014/03/20140316_1200.nc,2014-03-16 12:00:00,1
s3://nasa-surya-bench/2014/03/20140316_1800.nc,2014-03-16 18:00:00,1
s3://nasa-surya-bench/2014/03/20140317_0000.nc,2014-03-17 00:00:00,1
s3://nasa-surya-bench/2014/03/20140317_0600.nc,2014-03-17 06:00:00,1
s3://nasa-surya-bench/2014/03/20140317_1200.nc,2014-03-17 12:00:00,1
s3://nasa-surya-bench/2014/03/20140317_1800.nc,2014-03-17 18:00:00,1
s3://nasa-surya-bench/2014/03/20140318_0000.nc,2014-03-18 00:00:00,1
s3://nasa-surya-bench/2014/03/20140318_0600.nc,2014-03-18 06:00:00,1
s3://nasa-surya-bench/2014/03/20140318_1200.nc,2014-03-18 12:00:00,1
s3://nasa-surya-bench/2014/03/20140318_1800.nc,2014-03-18 18:00:00,1
s3://nasa-surya-bench/2014/03/20140319_0000.nc,2014-03-19 00:00:00,1
s3://nasa-surya-bench/2014/03/20140319_0600.nc,2014-03-19 06:00:00,1
s3://nasa-surya-bench/2014/03/20140319_1200.nc,2014-03-19 12:00:00,1
s3://nasa-surya-bench/2014/03/20140319_1800.nc,2014-03-19 18:00:00,1
s3://nasa-surya-bench/2014/03/20140320_0000.nc,2014-03-20 00:00:00,1
s3://nasa-surya-bench/2014/03/20140320_0600.nc,2014-03-20 06:00:00,1
s3://nasa-surya-bench/2014/03/20140320_1200.nc,2014-03-20 12:00:00,1
s3://nasa-surya-bench/2014/03/20140320_1800.nc,2014-03-20 18:00:00,1
s3://nasa-surya-bench/2014/03/20140321_0000.nc,2014-03-21 00:00:00,1
s3://nasa-surya-bench/2014/03/20140321_0600.nc,2014-03-21 06:00:00,1
s3://nasa-surya-bench/2014/03/20140321_1200.nc,2014-03-21 12:00:00,1
s3://nasa-surya-bench/2014/03/20140321_1800.nc,2014-03-21 18:00:00,1
s3://nasa-surya-bench/2014/03/20140322_0000.nc,2014-03-22 00:00:00,1
s3://nasa-surya-bench/2014/03/20140322_0600.nc,2014-03-22 06:00:00,1
s3://nasa-surya-bench/2014/03/20140322_1200.nc,2014-03-22 12:00:00,1
s3://nasa-surya-bench/2014/03/20140322_1800.nc,2014-03-22 18:00:00,1
s3://nasa-surya-bench/2014/03/20140323_0000.nc,2014-03-23 00:00:00,1
s3://nasa-surya-bench/2014/03/20140323_0600.nc,2014-03-23 06:00:00,1
s3://nasa-surya-bench/2014/03/20140323_1200.nc,2014-03-23 12:00:00,1
s3://nasa-surya-bench/2014/03/20140323_1800.nc,2014-03-23 18:00:00,1
s3://nasa-surya-bench/2014/03/20140324_0000.nc,2014-03-24 00:00:00,1
s3://nasa-surya-bench/2014/03/20140324_0600.nc,2014-03-24 06:00:00,1
s3://nasa-surya-bench/2014/03/20140324_1200.nc,2014-03-24 12:00:00,1
s3://nasa-surya-bench/2014/03/20140324_1800.nc,2014-03-24 18:00:00,1
s3://nasa-surya-bench/2014/03/20140325_0000.nc,2014-03-25 00:00:00,1
s3://nasa-surya-bench/2014/03/20140325_0600.nc,2014-03-25 06:00:00,1
s3://nasa-surya-bench/2014/03/20140325_1200.nc,2014-03-25 12:00:00,1
s3://nasa-surya-bench/2014/03/20140325_1800.nc,2014-03-25 18:00:00,1
s3://nasa-surya-bench/2014/03/20140326_0000.nc,2014-03-26 00:00:00,1
s3://nasa-surya-bench/2014/03/20140326_0600.nc,2014-03-26 06:00:00,1
s3://nasa-surya-bench/2014/03/20140326_1200.nc,2014-03-26 12:00:00,1
s3://nasa-surya-bench/2014/03/20140327_0000.nc,2014-03-27 00:00:00,1
s3://nasa-surya-bench/2014/03/20140327_0600.nc,2014-03-27 06:00:00,1
s3://nasa-surya-bench/2014/03/20140327_1200.nc,2014-03-27 12:00:00,1
s3://nasa-surya-bench/2014/03/20140327_1800.nc,2014-03-27 18:00:00,1
s3://nasa-surya-bench/2014/03/20140328_0000.nc,2014-03-28 00:00:00,1
s3://nasa-surya-bench/2014/03/20140328_0600.nc,2014-03-28 06:00:00,1
s3://nasa-surya-bench/2014/03/20140328_1200.nc,2014-03-28 12:00:00,1
s3://nasa-surya-bench/2014/03/20140328_1800.nc,2014-03-28 18:00:00,1
s3://nasa-surya-bench/2014/03/20140329_0000.nc,2014-03-29 00:00:00,1
s3://nasa-surya-bench/2014/03/20140329_0600.nc,2014-03-29 06:00:00,1
s3://nasa-surya-bench/2014/03/20140329_1200.nc,2014-03-29 12:00:00,1
s3://nasa-surya-bench/2014/03/20140329_1800.nc,2014-03-29 18:00:00,1
s3://nasa-surya-bench/2014/03/20140330_0000.nc,2014-03-30 00:00:00,1
s3://nasa-surya-bench/2014/03/20140330_0600.nc,2014-03-30 06:00:00,1
s3://nasa-surya-bench/2014/03/20140330_1200.nc,2014-03-30 12:00:00,1
s3://nasa-surya-bench/2014/03/20140330_1800.nc,2014-03-30 18:00:00,1
s3://nasa-surya-bench/2014/03/20140331_0000.nc,2014-03-31 00:00:00,1
s3://nasa-surya-bench/2014/03/20140331_0600.nc,2014-03-31 06:00:00,1
s3://nasa-surya-bench/2014/03/20140331_1200.nc,2014-03-31 12:00:00,1
s3://nasa-surya-bench/2014/03/20140331_1800.nc,2014-03-31 18:00:00,1
s3://nasa-surya-bench/2014/04/20140401_0000.nc,2014-04-01 00:00:00,1
s3://nasa-surya-bench/2014/04/20140401_0600.nc,2014-04-01 06:00:00,1
s3://nasa-surya-bench/2014/04/20140401_1200.nc,2014-04-01 12:00:00,1
s3://nasa-surya-bench/2014/04/20140401_1800.nc,2014-04-01 18:00:00,1
s3://nasa-surya-bench/2014/04/20140402_0000.nc,2014-04-02 00:00:00,1
s3://nasa-surya-bench/2014/04/20140402_0600.nc,2014-04-02 06:00:00,1
s3://nasa-surya-bench/2014/04/20140402_1200.nc,2014-04-02 12:00:00,1
s3://nasa-surya-bench/2014/04/20140403_0000.nc,2014-04-03 00:00:00,1
s3://nasa-surya-bench/2014/04/20140403_0600.nc,2014-04-03 06:00:00,1
s3://nasa-surya-bench/2014/04/20140403_1200.nc,2014-04-03 12:00:00,1
s3://nasa-surya-bench/2014/04/20140403_1800.nc,2014-04-03 18:00:00,1
s3://nasa-surya-bench/2014/04/20140404_0000.nc,2014-04-04 00:00:00,1
s3://nasa-surya-bench/2014/04/20140404_0600.nc,2014-04-04 06:00:00,1
s3://nasa-surya-bench/2014/04/20140404_1200.nc,2014-04-04 12:00:00,1
s3://nasa-surya-bench/2014/04/20140404_1800.nc,2014-04-04 18:00:00,1
s3://nasa-surya-bench/2014/04/20140405_0000.nc,2014-04-05 00:00:00,1
s3://nasa-surya-bench/2014/04/20140405_0600.nc,2014-04-05 06:00:00,1
s3://nasa-surya-bench/2014/04/20140405_1200.nc,2014-04-05 12:00:00,1
s3://nasa-surya-bench/2014/04/20140405_1800.nc,2014-04-05 18:00:00,1
s3://nasa-surya-bench/2014/04/20140406_0000.nc,2014-04-06 00:00:00,1
s3://nasa-surya-bench/2014/04/20140406_0600.nc,2014-04-06 06:00:00,1
s3://nasa-surya-bench/2014/04/20140406_1200.nc,2014-04-06 12:00:00,1
s3://nasa-surya-bench/2014/04/20140406_1800.nc,2014-04-06 18:00:00,1
s3://nasa-surya-bench/2014/04/20140407_0000.nc,2014-04-07 00:00:00,1
s3://nasa-surya-bench/2014/04/20140407_0600.nc,2014-04-07 06:00:00,1
s3://nasa-surya-bench/2014/04/20140407_1200.nc,2014-04-07 12:00:00,1
s3://nasa-surya-bench/2014/04/20140407_1800.nc,2014-04-07 18:00:00,1
s3://nasa-surya-bench/2014/04/20140408_0000.nc,2014-04-08 00:00:00,1
s3://nasa-surya-bench/2014/04/20140408_0600.nc,2014-04-08 06:00:00,1
s3://nasa-surya-bench/2014/04/20140408_1200.nc,2014-04-08 12:00:00,1
s3://nasa-surya-bench/2014/04/20140408_1800.nc,2014-04-08 18:00:00,1
s3://nasa-surya-bench/2014/04/20140409_0000.nc,2014-04-09 00:00:00,1
s3://nasa-surya-bench/2014/04/20140409_1800.nc,2014-04-09 18:00:00,1
s3://nasa-surya-bench/2014/04/20140410_0000.nc,2014-04-10 00:00:00,1
s3://nasa-surya-bench/2014/04/20140410_0600.nc,2014-04-10 06:00:00,1
s3://nasa-surya-bench/2014/04/20140410_1200.nc,2014-04-10 12:00:00,1
s3://nasa-surya-bench/2014/04/20140410_1800.nc,2014-04-10 18:00:00,1
s3://nasa-surya-bench/2014/04/20140411_0000.nc,2014-04-11 00:00:00,1
s3://nasa-surya-bench/2014/04/20140411_0600.nc,2014-04-11 06:00:00,1
s3://nasa-surya-bench/2014/04/20140411_1200.nc,2014-04-11 12:00:00,1
s3://nasa-surya-bench/2014/04/20140411_1800.nc,2014-04-11 18:00:00,1
s3://nasa-surya-bench/2014/04/20140412_0000.nc,2014-04-12 00:00:00,1
s3://nasa-surya-bench/2014/04/20140412_0600.nc,2014-04-12 06:00:00,1
s3://nasa-surya-bench/2014/04/20140412_1200.nc,2014-04-12 12:00:00,1
s3://nasa-surya-bench/2014/04/20140412_1800.nc,2014-04-12 18:00:00,1
s3://nasa-surya-bench/2014/04/20140413_0000.nc,2014-04-13 00:00:00,1
s3://nasa-surya-bench/2014/04/20140413_0600.nc,2014-04-13 06:00:00,1
s3://nasa-surya-bench/2014/04/20140413_1200.nc,2014-04-13 12:00:00,1
s3://nasa-surya-bench/2014/04/20140413_1800.nc,2014-04-13 18:00:00,1
s3://nasa-surya-bench/2014/04/20140414_0000.nc,2014-04-14 00:00:00,1
s3://nasa-surya-bench/2014/04/20140414_0600.nc,2014-04-14 06:00:00,1
s3://nasa-surya-bench/2014/04/20140414_1200.nc,2014-04-14 12:00:00,1
s3://nasa-surya-bench/2014/04/20140414_1800.nc,2014-04-14 18:00:00,1
s3://nasa-surya-bench/2014/04/20140415_0000.nc,2014-04-15 00:00:00,1
s3://nasa-surya-bench/2014/04/20140415_0600.nc,2014-04-15 06:00:00,1
s3://nasa-surya-bench/2014/04/20140415_1200.nc,2014-04-15 12:00:00,1
s3://nasa-surya-bench/2014/04/20140415_1800.nc,2014-04-15 18:00:00,1
s3://nasa-surya-bench/2014/04/20140416_0000.nc,2014-04-16 00:00:00,1
s3://nasa-surya-bench/2014/04/20140416_0600.nc,2014-04-16 06:00:00,1
s3://nasa-surya-bench/2014/04/20140416_1200.nc,2014-04-16 12:00:00,1
s3://nasa-surya-bench/2014/04/20140416_1800.nc,2014-04-16 18:00:00,1
s3://nasa-surya-bench/2014/04/20140417_0000.nc,2014-04-17 00:00:00,1
s3://nasa-surya-bench/2014/04/20140417_0600.nc,2014-04-17 06:00:00,1
s3://nasa-surya-bench/2014/04/20140417_1200.nc,2014-04-17 12:00:00,1
s3://nasa-surya-bench/2014/04/20140417_1800.nc,2014-04-17 18:00:00,1
s3://nasa-surya-bench/2014/04/20140418_0000.nc,2014-04-18 00:00:00,1
s3://nasa-surya-bench/2014/04/20140418_0600.nc,2014-04-18 06:00:00,1
s3://nasa-surya-bench/2014/04/20140418_1200.nc,2014-04-18 12:00:00,1
s3://nasa-surya-bench/2014/04/20140418_1800.nc,2014-04-18 18:00:00,1
s3://nasa-surya-bench/2014/04/20140419_0000.nc,2014-04-19 00:00:00,1
s3://nasa-surya-bench/2014/04/20140419_0600.nc,2014-04-19 06:00:00,1
s3://nasa-surya-bench/2014/04/20140419_1200.nc,2014-04-19 12:00:00,1
s3://nasa-surya-bench/2014/04/20140419_1800.nc,2014-04-19 18:00:00,1
s3://nasa-surya-bench/2014/04/20140420_0000.nc,2014-04-20 00:00:00,1
s3://nasa-surya-bench/2014/04/20140420_0600.nc,2014-04-20 06:00:00,1
s3://nasa-surya-bench/2014/04/20140420_1200.nc,2014-04-20 12:00:00,1
s3://nasa-surya-bench/2014/04/20140420_1800.nc,2014-04-20 18:00:00,1
s3://nasa-surya-bench/2014/04/20140421_0000.nc,2014-04-21 00:00:00,1
s3://nasa-surya-bench/2014/04/20140421_0600.nc,2014-04-21 06:00:00,1
s3://nasa-surya-bench/2014/04/20140421_1200.nc,2014-04-21 12:00:00,1
s3://nasa-surya-bench/2014/04/20140421_1800.nc,2014-04-21 18:00:00,1
s3://nasa-surya-bench/2014/04/20140422_0000.nc,2014-04-22 00:00:00,1
s3://nasa-surya-bench/2014/04/20140422_0600.nc,2014-04-22 06:00:00,1
s3://nasa-surya-bench/2014/04/20140422_1200.nc,2014-04-22 12:00:00,1
s3://nasa-surya-bench/2014/04/20140422_1800.nc,2014-04-22 18:00:00,1
s3://nasa-surya-bench/2014/04/20140423_0000.nc,2014-04-23 00:00:00,1
s3://nasa-surya-bench/2014/04/20140423_0600.nc,2014-04-23 06:00:00,1
s3://nasa-surya-bench/2014/04/20140423_1200.nc,2014-04-23 12:00:00,1
s3://nasa-surya-bench/2014/04/20140424_0000.nc,2014-04-24 00:00:00,1
s3://nasa-surya-bench/2014/04/20140424_0600.nc,2014-04-24 06:00:00,1
s3://nasa-surya-bench/2014/04/20140424_1200.nc,2014-04-24 12:00:00,1
s3://nasa-surya-bench/2014/04/20140424_1800.nc,2014-04-24 18:00:00,1
s3://nasa-surya-bench/2014/04/20140425_0000.nc,2014-04-25 00:00:00,1
s3://nasa-surya-bench/2014/04/20140425_0600.nc,2014-04-25 06:00:00,1
s3://nasa-surya-bench/2014/04/20140425_1200.nc,2014-04-25 12:00:00,1
s3://nasa-surya-bench/2014/04/20140425_1800.nc,2014-04-25 18:00:00,1
s3://nasa-surya-bench/2014/04/20140426_0000.nc,2014-04-26 00:00:00,1
s3://nasa-surya-bench/2014/04/20140426_0600.nc,2014-04-26 06:00:00,1
s3://nasa-surya-bench/2014/04/20140426_1200.nc,2014-04-26 12:00:00,1
s3://nasa-surya-bench/2014/04/20140426_1800.nc,2014-04-26 18:00:00,1
s3://nasa-surya-bench/2014/04/20140427_0000.nc,2014-04-27 00:00:00,1
s3://nasa-surya-bench/2014/04/20140427_0600.nc,2014-04-27 06:00:00,1
s3://nasa-surya-bench/2014/04/20140427_1200.nc,2014-04-27 12:00:00,1
s3://nasa-surya-bench/2014/04/20140427_1800.nc,2014-04-27 18:00:00,1
s3://nasa-surya-bench/2014/04/20140428_0000.nc,2014-04-28 00:00:00,1
s3://nasa-surya-bench/2014/04/20140428_0600.nc,2014-04-28 06:00:00,1
s3://nasa-surya-bench/2014/04/20140428_1200.nc,2014-04-28 12:00:00,1
s3://nasa-surya-bench/2014/04/20140428_1800.nc,2014-04-28 18:00:00,1
s3://nasa-surya-bench/2014/04/20140429_0000.nc,2014-04-29 00:00:00,1
s3://nasa-surya-bench/2014/04/20140429_0600.nc,2014-04-29 06:00:00,1
s3://nasa-surya-bench/2014/04/20140429_1200.nc,2014-04-29 12:00:00,1
s3://nasa-surya-bench/2014/04/20140429_1800.nc,2014-04-29 18:00:00,1
s3://nasa-surya-bench/2014/04/20140430_0000.nc,2014-04-30 00:00:00,1
s3://nasa-surya-bench/2014/04/20140430_0600.nc,2014-04-30 06:00:00,1
s3://nasa-surya-bench/2014/04/20140430_1200.nc,2014-04-30 12:00:00,1
s3://nasa-surya-bench/2014/04/20140430_1800.nc,2014-04-30 18:00:00,1
s3://nasa-surya-bench/2014/05/20140501_0000.nc,2014-05-01 00:00:00,1
s3://nasa-surya-bench/2014/05/20140501_0600.nc,2014-05-01 06:00:00,1
s3://nasa-surya-bench/2014/05/20140501_1200.nc,2014-05-01 12:00:00,1
s3://nasa-surya-bench/2014/05/20140501_1800.nc,2014-05-01 18:00:00,1
s3://nasa-surya-bench/2014/05/20140502_0000.nc,2014-05-02 00:00:00,1
s3://nasa-surya-bench/2014/05/20140502_0600.nc,2014-05-02 06:00:00,1
s3://nasa-surya-bench/2014/05/20140502_1200.nc,2014-05-02 12:00:00,1
s3://nasa-surya-bench/2014/05/20140502_1800.nc,2014-05-02 18:00:00,1
s3://nasa-surya-bench/2014/05/20140503_0000.nc,2014-05-03 00:00:00,1
s3://nasa-surya-bench/2014/05/20140503_0600.nc,2014-05-03 06:00:00,1
s3://nasa-surya-bench/2014/05/20140503_1200.nc,2014-05-03 12:00:00,1
s3://nasa-surya-bench/2014/05/20140503_1800.nc,2014-05-03 18:00:00,1
s3://nasa-surya-bench/2014/05/20140504_0000.nc,2014-05-04 00:00:00,1
s3://nasa-surya-bench/2014/05/20140504_0600.nc,2014-05-04 06:00:00,1
s3://nasa-surya-bench/2014/05/20140504_1200.nc,2014-05-04 12:00:00,1
s3://nasa-surya-bench/2014/05/20140504_1800.nc,2014-05-04 18:00:00,1
s3://nasa-surya-bench/2014/05/20140505_0000.nc,2014-05-05 00:00:00,1
s3://nasa-surya-bench/2014/05/20140505_0600.nc,2014-05-05 06:00:00,1
s3://nasa-surya-bench/2014/05/20140505_1200.nc,2014-05-05 12:00:00,1
s3://nasa-surya-bench/2014/05/20140505_1800.nc,2014-05-05 18:00:00,1
s3://nasa-surya-bench/2014/05/20140506_0000.nc,2014-05-06 00:00:00,1
s3://nasa-surya-bench/2014/05/20140506_0600.nc,2014-05-06 06:00:00,1
s3://nasa-surya-bench/2014/05/20140506_1200.nc,2014-05-06 12:00:00,1
s3://nasa-surya-bench/2014/05/20140506_1800.nc,2014-05-06 18:00:00,1
s3://nasa-surya-bench/2014/05/20140507_0000.nc,2014-05-07 00:00:00,1
s3://nasa-surya-bench/2014/05/20140507_0600.nc,2014-05-07 06:00:00,1
s3://nasa-surya-bench/2014/05/20140507_1200.nc,2014-05-07 12:00:00,1
s3://nasa-surya-bench/2014/05/20140507_1800.nc,2014-05-07 18:00:00,1
s3://nasa-surya-bench/2014/05/20140508_0000.nc,2014-05-08 00:00:00,1
s3://nasa-surya-bench/2014/05/20140508_0600.nc,2014-05-08 06:00:00,1
s3://nasa-surya-bench/2014/05/20140508_1200.nc,2014-05-08 12:00:00,1
s3://nasa-surya-bench/2014/05/20140508_1800.nc,2014-05-08 18:00:00,1
s3://nasa-surya-bench/2014/05/20140509_0000.nc,2014-05-09 00:00:00,1
s3://nasa-surya-bench/2014/05/20140509_0600.nc,2014-05-09 06:00:00,1
s3://nasa-surya-bench/2014/05/20140509_1200.nc,2014-05-09 12:00:00,1
s3://nasa-surya-bench/2014/05/20140509_1800.nc,2014-05-09 18:00:00,1
s3://nasa-surya-bench/2014/05/20140510_0000.nc,2014-05-10 00:00:00,1
s3://nasa-surya-bench/2014/05/20140510_0600.nc,2014-05-10 06:00:00,1
s3://nasa-surya-bench/2014/05/20140510_1200.nc,2014-05-10 12:00:00,1
s3://nasa-surya-bench/2014/05/20140510_1800.nc,2014-05-10 18:00:00,1
s3://nasa-surya-bench/2014/05/20140511_0000.nc,2014-05-11 00:00:00,1
s3://nasa-surya-bench/2014/05/20140511_0600.nc,2014-05-11 06:00:00,1
s3://nasa-surya-bench/2014/05/20140511_1200.nc,2014-05-11 12:00:00,1
s3://nasa-surya-bench/2014/05/20140511_1800.nc,2014-05-11 18:00:00,1
s3://nasa-surya-bench/2014/05/20140512_0000.nc,2014-05-12 00:00:00,1
s3://nasa-surya-bench/2014/05/20140512_0600.nc,2014-05-12 06:00:00,1
s3://nasa-surya-bench/2014/05/20140512_1200.nc,2014-05-12 12:00:00,1
s3://nasa-surya-bench/2014/05/20140512_1800.nc,2014-05-12 18:00:00,1
s3://nasa-surya-bench/2014/05/20140513_0000.nc,2014-05-13 00:00:00,1
s3://nasa-surya-bench/2014/05/20140513_0600.nc,2014-05-13 06:00:00,1
s3://nasa-surya-bench/2014/05/20140513_1200.nc,2014-05-13 12:00:00,1
s3://nasa-surya-bench/2014/05/20140513_1800.nc,2014-05-13 18:00:00,1
s3://nasa-surya-bench/2014/05/20140514_0000.nc,2014-05-14 00:00:00,1
s3://nasa-surya-bench/2014/05/20140514_0600.nc,2014-05-14 06:00:00,1
s3://nasa-surya-bench/2014/05/20140514_1200.nc,2014-05-14 12:00:00,1
s3://nasa-surya-bench/2014/05/20140514_1800.nc,2014-05-14 18:00:00,1
s3://nasa-surya-bench/2014/05/20140515_0000.nc,2014-05-15 00:00:00,1
s3://nasa-surya-bench/2014/05/20140515_0600.nc,2014-05-15 06:00:00,1
s3://nasa-surya-bench/2014/05/20140515_1200.nc,2014-05-15 12:00:00,1
s3://nasa-surya-bench/2014/05/20140515_1800.nc,2014-05-15 18:00:00,1
s3://nasa-surya-bench/2014/05/20140516_0000.nc,2014-05-16 00:00:00,1
s3://nasa-surya-bench/2014/05/20140516_0600.nc,2014-05-16 06:00:00,1
s3://nasa-surya-bench/2014/05/20140516_1200.nc,2014-05-16 12:00:00,1
s3://nasa-surya-bench/2014/05/20140516_1800.nc,2014-05-16 18:00:00,1
s3://nasa-surya-bench/2014/05/20140517_0000.nc,2014-05-17 00:00:00,1
s3://nasa-surya-bench/2014/05/20140517_0600.nc,2014-05-17 06:00:00,1
s3://nasa-surya-bench/2014/05/20140517_1200.nc,2014-05-17 12:00:00,1
s3://nasa-surya-bench/2014/05/20140518_0600.nc,2014-05-18 06:00:00,1
s3://nasa-surya-bench/2014/05/20140518_1200.nc,2014-05-18 12:00:00,1
s3://nasa-surya-bench/2014/05/20140518_1800.nc,2014-05-18 18:00:00,1
s3://nasa-surya-bench/2014/05/20140519_0000.nc,2014-05-19 00:00:00,1
s3://nasa-surya-bench/2014/05/20140519_0600.nc,2014-05-19 06:00:00,1
s3://nasa-surya-bench/2014/05/20140519_1200.nc,2014-05-19 12:00:00,1
s3://nasa-surya-bench/2014/05/20140519_1800.nc,2014-05-19 18:00:00,1
s3://nasa-surya-bench/2014/05/20140520_0000.nc,2014-05-20 00:00:00,1
s3://nasa-surya-bench/2014/05/20140520_0600.nc,2014-05-20 06:00:00,1
s3://nasa-surya-bench/2014/05/20140520_1200.nc,2014-05-20 12:00:00,1
s3://nasa-surya-bench/2014/05/20140520_1800.nc,2014-05-20 18:00:00,1
s3://nasa-surya-bench/2014/05/20140521_0000.nc,2014-05-21 00:00:00,1
s3://nasa-surya-bench/2014/05/20140521_0600.nc,2014-05-21 06:00:00,1
s3://nasa-surya-bench/2014/05/20140521_1200.nc,2014-05-21 12:00:00,1
s3://nasa-surya-bench/2014/05/20140522_0000.nc,2014-05-22 00:00:00,1
s3://nasa-surya-bench/2014/05/20140522_0600.nc,2014-05-22 06:00:00,1
s3://nasa-surya-bench/2014/05/20140522_1200.nc,2014-05-22 12:00:00,1
s3://nasa-surya-bench/2014/05/20140522_1800.nc,2014-05-22 18:00:00,1
s3://nasa-surya-bench/2014/06/20140623_0600.nc,2014-06-23 06:00:00,1
s3://nasa-surya-bench/2014/06/20140623_1800.nc,2014-06-23 18:00:00,1
s3://nasa-surya-bench/2014/06/20140624_0000.nc,2014-06-24 00:00:00,1
s3://nasa-surya-bench/2014/06/20140624_0600.nc,2014-06-24 06:00:00,1
s3://nasa-surya-bench/2014/06/20140624_1200.nc,2014-06-24 12:00:00,1
s3://nasa-surya-bench/2014/06/20140624_1800.nc,2014-06-24 18:00:00,1
s3://nasa-surya-bench/2014/06/20140625_0000.nc,2014-06-25 00:00:00,1
s3://nasa-surya-bench/2014/06/20140625_0600.nc,2014-06-25 06:00:00,1
s3://nasa-surya-bench/2014/06/20140625_1200.nc,2014-06-25 12:00:00,1
s3://nasa-surya-bench/2014/06/20140625_1800.nc,2014-06-25 18:00:00,1
s3://nasa-surya-bench/2014/06/20140626_0000.nc,2014-06-26 00:00:00,1
s3://nasa-surya-bench/2014/06/20140626_0600.nc,2014-06-26 06:00:00,1
s3://nasa-surya-bench/2014/06/20140626_1200.nc,2014-06-26 12:00:00,1
s3://nasa-surya-bench/2014/06/20140626_1800.nc,2014-06-26 18:00:00,1
s3://nasa-surya-bench/2014/06/20140627_0000.nc,2014-06-27 00:00:00,1
s3://nasa-surya-bench/2014/06/20140627_0600.nc,2014-06-27 06:00:00,1
s3://nasa-surya-bench/2014/06/20140627_1200.nc,2014-06-27 12:00:00,1
s3://nasa-surya-bench/2014/06/20140627_1800.nc,2014-06-27 18:00:00,1
s3://nasa-surya-bench/2014/06/20140628_0000.nc,2014-06-28 00:00:00,1
s3://nasa-surya-bench/2014/06/20140628_0600.nc,2014-06-28 06:00:00,1
s3://nasa-surya-bench/2014/06/20140628_1200.nc,2014-06-28 12:00:00,1
s3://nasa-surya-bench/2014/06/20140628_1800.nc,2014-06-28 18:00:00,1
s3://nasa-surya-bench/2014/06/20140629_0000.nc,2014-06-29 00:00:00,1
s3://nasa-surya-bench/2014/06/20140629_0600.nc,2014-06-29 06:00:00,1
s3://nasa-surya-bench/2014/06/20140629_1200.nc,2014-06-29 12:00:00,1
s3://nasa-surya-bench/2014/06/20140629_1800.nc,2014-06-29 18:00:00,1
s3://nasa-surya-bench/2014/06/20140630_0000.nc,2014-06-30 00:00:00,1
s3://nasa-surya-bench/2014/06/20140630_0600.nc,2014-06-30 06:00:00,1
s3://nasa-surya-bench/2014/06/20140630_1200.nc,2014-06-30 12:00:00,1
s3://nasa-surya-bench/2014/06/20140630_1800.nc,2014-06-30 18:00:00,1
s3://nasa-surya-bench/2014/07/20140701_0000.nc,2014-07-01 00:00:00,1
s3://nasa-surya-bench/2014/07/20140701_0600.nc,2014-07-01 06:00:00,1
s3://nasa-surya-bench/2014/07/20140701_1200.nc,2014-07-01 12:00:00,1
s3://nasa-surya-bench/2014/07/20140701_1800.nc,2014-07-01 18:00:00,1
s3://nasa-surya-bench/2014/07/20140702_0600.nc,2014-07-02 06:00:00,1
s3://nasa-surya-bench/2014/07/20140702_1200.nc,2014-07-02 12:00:00,1
s3://nasa-surya-bench/2014/07/20140702_1800.nc,2014-07-02 18:00:00,1
s3://nasa-surya-bench/2014/07/20140703_0000.nc,2014-07-03 00:00:00,1
s3://nasa-surya-bench/2014/07/20140703_0600.nc,2014-07-03 06:00:00,1
s3://nasa-surya-bench/2014/07/20140703_1200.nc,2014-07-03 12:00:00,1
s3://nasa-surya-bench/2014/07/20140703_1800.nc,2014-07-03 18:00:00,1
s3://nasa-surya-bench/2014/07/20140704_0000.nc,2014-07-04 00:00:00,1
s3://nasa-surya-bench/2014/07/20140704_0600.nc,2014-07-04 06:00:00,1
s3://nasa-surya-bench/2014/07/20140704_1200.nc,2014-07-04 12:00:00,1
s3://nasa-surya-bench/2014/07/20140704_1800.nc,2014-07-04 18:00:00,1
s3://nasa-surya-bench/2014/07/20140705_0000.nc,2014-07-05 00:00:00,1
s3://nasa-surya-bench/2014/07/20140705_0600.nc,2014-07-05 06:00:00,1
s3://nasa-surya-bench/2014/07/20140705_1200.nc,2014-07-05 12:00:00,1
s3://nasa-surya-bench/2014/07/20140705_1800.nc,2014-07-05 18:00:00,1
s3://nasa-surya-bench/2014/07/20140706_0000.nc,2014-07-06 00:00:00,1
s3://nasa-surya-bench/2014/07/20140706_0600.nc,2014-07-06 06:00:00,1
s3://nasa-surya-bench/2014/07/20140706_1200.nc,2014-07-06 12:00:00,1
s3://nasa-surya-bench/2014/07/20140706_1800.nc,2014-07-06 18:00:00,1
s3://nasa-surya-bench/2014/07/20140707_0000.nc,2014-07-07 00:00:00,1
s3://nasa-surya-bench/2014/07/20140707_0600.nc,2014-07-07 06:00:00,1
s3://nasa-surya-bench/2014/07/20140707_1200.nc,2014-07-07 12:00:00,1
s3://nasa-surya-bench/2014/07/20140707_1800.nc,2014-07-07 18:00:00,1
s3://nasa-surya-bench/2014/07/20140708_0000.nc,2014-07-08 00:00:00,1
s3://nasa-surya-bench/2014/07/20140708_0600.nc,2014-07-08 06:00:00,1
s3://nasa-surya-bench/2014/07/20140708_1200.nc,2014-07-08 12:00:00,1
s3://nasa-surya-bench/2014/07/20140708_1800.nc,2014-07-08 18:00:00,1
s3://nasa-surya-bench/2014/07/20140709_0000.nc,2014-07-09 00:00:00,1
s3://nasa-surya-bench/2014/07/20140709_0600.nc,2014-07-09 06:00:00,1
s3://nasa-surya-bench/2014/07/20140709_1200.nc,2014-07-09 12:00:00,1
s3://nasa-surya-bench/2014/07/20140710_0000.nc,2014-07-10 00:00:00,1
s3://nasa-surya-bench/2014/07/20140710_0600.nc,2014-07-10 06:00:00,1
s3://nasa-surya-bench/2014/07/20140710_1200.nc,2014-07-10 12:00:00,1
s3://nasa-surya-bench/2014/07/20140710_1800.nc,2014-07-10 18:00:00,1
s3://nasa-surya-bench/2014/07/20140711_0000.nc,2014-07-11 00:00:00,1
s3://nasa-surya-bench/2014/07/20140711_0600.nc,2014-07-11 06:00:00,1
s3://nasa-surya-bench/2014/07/20140711_1200.nc,2014-07-11 12:00:00,1
s3://nasa-surya-bench/2014/07/20140711_1800.nc,2014-07-11 18:00:00,1
s3://nasa-surya-bench/2014/07/20140712_0000.nc,2014-07-12 00:00:00,1
s3://nasa-surya-bench/2014/07/20140712_0600.nc,2014-07-12 06:00:00,1
s3://nasa-surya-bench/2014/07/20140712_1200.nc,2014-07-12 12:00:00,1
s3://nasa-surya-bench/2014/07/20140712_1800.nc,2014-07-12 18:00:00,1
s3://nasa-surya-bench/2014/07/20140713_0000.nc,2014-07-13 00:00:00,1
s3://nasa-surya-bench/2014/07/20140713_0600.nc,2014-07-13 06:00:00,1
s3://nasa-surya-bench/2014/07/20140713_1200.nc,2014-07-13 12:00:00,1
s3://nasa-surya-bench/2014/07/20140713_1800.nc,2014-07-13 18:00:00,1
s3://nasa-surya-bench/2014/07/20140714_0000.nc,2014-07-14 00:00:00,1
s3://nasa-surya-bench/2014/07/20140714_0600.nc,2014-07-14 06:00:00,1
s3://nasa-surya-bench/2014/07/20140714_1200.nc,2014-07-14 12:00:00,1
s3://nasa-surya-bench/2014/07/20140714_1800.nc,2014-07-14 18:00:00,1
s3://nasa-surya-bench/2014/07/20140715_0000.nc,2014-07-15 00:00:00,1
s3://nasa-surya-bench/2014/07/20140715_0600.nc,2014-07-15 06:00:00,1
s3://nasa-surya-bench/2014/07/20140715_1200.nc,2014-07-15 12:00:00,1
s3://nasa-surya-bench/2014/07/20140715_1800.nc,2014-07-15 18:00:00,1
s3://nasa-surya-bench/2014/07/20140716_0000.nc,2014-07-16 00:00:00,1
s3://nasa-surya-bench/2014/07/20140716_0600.nc,2014-07-16 06:00:00,1
s3://nasa-surya-bench/2014/07/20140716_1200.nc,2014-07-16 12:00:00,1
s3://nasa-surya-bench/2014/07/20140716_1800.nc,2014-07-16 18:00:00,1
s3://nasa-surya-bench/2014/07/20140717_0000.nc,2014-07-17 00:00:00,1
s3://nasa-surya-bench/2014/07/20140717_0600.nc,2014-07-17 06:00:00,1
s3://nasa-surya-bench/2014/07/20140717_1200.nc,2014-07-17 12:00:00,1
s3://nasa-surya-bench/2014/07/20140717_1800.nc,2014-07-17 18:00:00,1
s3://nasa-surya-bench/2014/07/20140718_0000.nc,2014-07-18 00:00:00,1
s3://nasa-surya-bench/2014/07/20140718_0600.nc,2014-07-18 06:00:00,1
s3://nasa-surya-bench/2014/07/20140718_1200.nc,2014-07-18 12:00:00,1
s3://nasa-surya-bench/2014/07/20140718_1800.nc,2014-07-18 18:00:00,1
s3://nasa-surya-bench/2014/07/20140719_0000.nc,2014-07-19 00:00:00,1
s3://nasa-surya-bench/2014/07/20140719_0600.nc,2014-07-19 06:00:00,1
s3://nasa-surya-bench/2014/07/20140719_1200.nc,2014-07-19 12:00:00,1
s3://nasa-surya-bench/2014/07/20140719_1800.nc,2014-07-19 18:00:00,1
s3://nasa-surya-bench/2014/07/20140720_0000.nc,2014-07-20 00:00:00,1
s3://nasa-surya-bench/2014/07/20140720_0600.nc,2014-07-20 06:00:00,1
s3://nasa-surya-bench/2014/07/20140720_1200.nc,2014-07-20 12:00:00,1
s3://nasa-surya-bench/2014/07/20140720_1800.nc,2014-07-20 18:00:00,1
s3://nasa-surya-bench/2014/07/20140721_0000.nc,2014-07-21 00:00:00,1
s3://nasa-surya-bench/2014/07/20140721_0600.nc,2014-07-21 06:00:00,1
s3://nasa-surya-bench/2014/07/20140721_1200.nc,2014-07-21 12:00:00,1
s3://nasa-surya-bench/2014/07/20140721_1800.nc,2014-07-21 18:00:00,1
s3://nasa-surya-bench/2014/07/20140722_0000.nc,2014-07-22 00:00:00,1
s3://nasa-surya-bench/2014/07/20140722_0600.nc,2014-07-22 06:00:00,1
s3://nasa-surya-bench/2014/07/20140722_1200.nc,2014-07-22 12:00:00,1
s3://nasa-surya-bench/2014/07/20140722_1800.nc,2014-07-22 18:00:00,1
s3://nasa-surya-bench/2014/07/20140723_0000.nc,2014-07-23 00:00:00,1
s3://nasa-surya-bench/2014/07/20140723_0600.nc,2014-07-23 06:00:00,1
s3://nasa-surya-bench/2014/07/20140723_1200.nc,2014-07-23 12:00:00,1
s3://nasa-surya-bench/2014/07/20140724_0000.nc,2014-07-24 00:00:00,1
s3://nasa-surya-bench/2014/07/20140724_0600.nc,2014-07-24 06:00:00,1
s3://nasa-surya-bench/2014/07/20140724_1200.nc,2014-07-24 12:00:00,1
s3://nasa-surya-bench/2014/07/20140724_1800.nc,2014-07-24 18:00:00,1
s3://nasa-surya-bench/2014/07/20140725_0000.nc,2014-07-25 00:00:00,1
s3://nasa-surya-bench/2014/07/20140725_0600.nc,2014-07-25 06:00:00,1
s3://nasa-surya-bench/2014/07/20140725_1200.nc,2014-07-25 12:00:00,1
s3://nasa-surya-bench/2014/07/20140725_1800.nc,2014-07-25 18:00:00,1
s3://nasa-surya-bench/2014/07/20140726_0000.nc,2014-07-26 00:00:00,1
s3://nasa-surya-bench/2014/07/20140726_0600.nc,2014-07-26 06:00:00,1
s3://nasa-surya-bench/2014/07/20140726_1200.nc,2014-07-26 12:00:00,1
s3://nasa-surya-bench/2014/07/20140726_1800.nc,2014-07-26 18:00:00,1
s3://nasa-surya-bench/2014/07/20140727_0000.nc,2014-07-27 00:00:00,1
s3://nasa-surya-bench/2014/07/20140727_0600.nc,2014-07-27 06:00:00,1
s3://nasa-surya-bench/2014/07/20140727_1200.nc,2014-07-27 12:00:00,1
s3://nasa-surya-bench/2014/07/20140727_1800.nc,2014-07-27 18:00:00,1
s3://nasa-surya-bench/2014/07/20140728_0000.nc,2014-07-28 00:00:00,1
s3://nasa-surya-bench/2014/07/20140728_0600.nc,2014-07-28 06:00:00,1
s3://nasa-surya-bench/2014/07/20140728_1200.nc,2014-07-28 12:00:00,1
s3://nasa-surya-bench/2014/07/20140728_1800.nc,2014-07-28 18:00:00,1
s3://nasa-surya-bench/2014/07/20140729_0000.nc,2014-07-29 00:00:00,1
s3://nasa-surya-bench/2014/07/20140729_0600.nc,2014-07-29 06:00:00,1
s3://nasa-surya-bench/2014/07/20140729_1200.nc,2014-07-29 12:00:00,1
s3://nasa-surya-bench/2014/07/20140729_1800.nc,2014-07-29 18:00:00,1
s3://nasa-surya-bench/2014/07/20140730_0000.nc,2014-07-30 00:00:00,1
s3://nasa-surya-bench/2014/07/20140730_0600.nc,2014-07-30 06:00:00,1
s3://nasa-surya-bench/2014/07/20140730_1200.nc,2014-07-30 12:00:00,1
s3://nasa-surya-bench/2014/07/20140730_1800.nc,2014-07-30 18:00:00,1
s3://nasa-surya-bench/2014/07/20140731_0000.nc,2014-07-31 00:00:00,1
s3://nasa-surya-bench/2014/07/20140731_0600.nc,2014-07-31 06:00:00,1
s3://nasa-surya-bench/2014/07/20140731_1200.nc,2014-07-31 12:00:00,1
s3://nasa-surya-bench/2014/07/20140731_1800.nc,2014-07-31 18:00:00,1
s3://nasa-surya-bench/2014/08/20140801_0000.nc,2014-08-01 00:00:00,1
s3://nasa-surya-bench/2014/08/20140801_0600.nc,2014-08-01 06:00:00,1
s3://nasa-surya-bench/2014/08/20140801_1200.nc,2014-08-01 12:00:00,1
s3://nasa-surya-bench/2014/08/20140801_1800.nc,2014-08-01 18:00:00,1
s3://nasa-surya-bench/2014/08/20140802_0000.nc,2014-08-02 00:00:00,1
s3://nasa-surya-bench/2014/08/20140802_0600.nc,2014-08-02 06:00:00,1
s3://nasa-surya-bench/2014/08/20140802_1200.nc,2014-08-02 12:00:00,1
s3://nasa-surya-bench/2014/08/20140802_1800.nc,2014-08-02 18:00:00,1
s3://nasa-surya-bench/2014/08/20140803_0000.nc,2014-08-03 00:00:00,1
s3://nasa-surya-bench/2014/08/20140803_0600.nc,2014-08-03 06:00:00,1
s3://nasa-surya-bench/2014/08/20140803_1200.nc,2014-08-03 12:00:00,1
s3://nasa-surya-bench/2014/08/20140803_1800.nc,2014-08-03 18:00:00,1
s3://nasa-surya-bench/2014/08/20140804_0000.nc,2014-08-04 00:00:00,1
s3://nasa-surya-bench/2014/08/20140804_0600.nc,2014-08-04 06:00:00,1
s3://nasa-surya-bench/2014/08/20140804_1200.nc,2014-08-04 12:00:00,1
s3://nasa-surya-bench/2014/08/20140804_1800.nc,2014-08-04 18:00:00,1
s3://nasa-surya-bench/2014/08/20140805_0000.nc,2014-08-05 00:00:00,1
s3://nasa-surya-bench/2014/08/20140805_0600.nc,2014-08-05 06:00:00,1
s3://nasa-surya-bench/2014/08/20140805_1200.nc,2014-08-05 12:00:00,1
s3://nasa-surya-bench/2014/08/20140805_1800.nc,2014-08-05 18:00:00,1
s3://nasa-surya-bench/2014/08/20140806_0000.nc,2014-08-06 00:00:00,1
s3://nasa-surya-bench/2014/08/20140806_0600.nc,2014-08-06 06:00:00,1
s3://nasa-surya-bench/2014/08/20140806_1200.nc,2014-08-06 12:00:00,1
s3://nasa-surya-bench/2014/08/20140806_1800.nc,2014-08-06 18:00:00,1
s3://nasa-surya-bench/2014/08/20140807_0000.nc,2014-08-07 00:00:00,1
s3://nasa-surya-bench/2014/08/20140807_0600.nc,2014-08-07 06:00:00,1
s3://nasa-surya-bench/2014/08/20140807_1200.nc,2014-08-07 12:00:00,1
s3://nasa-surya-bench/2014/08/20140807_1800.nc,2014-08-07 18:00:00,1
s3://nasa-surya-bench/2014/08/20140808_0000.nc,2014-08-08 00:00:00,1
s3://nasa-surya-bench/2014/08/20140808_0600.nc,2014-08-08 06:00:00,1
s3://nasa-surya-bench/2014/08/20140808_1200.nc,2014-08-08 12:00:00,1
s3://nasa-surya-bench/2014/08/20140808_1800.nc,2014-08-08 18:00:00,1
s3://nasa-surya-bench/2014/08/20140809_0000.nc,2014-08-09 00:00:00,1
s3://nasa-surya-bench/2014/08/20140809_0600.nc,2014-08-09 06:00:00,1
s3://nasa-surya-bench/2014/08/20140809_1200.nc,2014-08-09 12:00:00,1
s3://nasa-surya-bench/2014/08/20140809_1800.nc,2014-08-09 18:00:00,1
s3://nasa-surya-bench/2014/08/20140810_0000.nc,2014-08-10 00:00:00,1
s3://nasa-surya-bench/2014/08/20140810_0600.nc,2014-08-10 06:00:00,1
s3://nasa-surya-bench/2014/08/20140810_1200.nc,2014-08-10 12:00:00,1
s3://nasa-surya-bench/2014/08/20140810_1800.nc,2014-08-10 18:00:00,1
s3://nasa-surya-bench/2014/08/20140811_0000.nc,2014-08-11 00:00:00,1
s3://nasa-surya-bench/2014/08/20140811_0600.nc,2014-08-11 06:00:00,1
s3://nasa-surya-bench/2014/08/20140811_1200.nc,2014-08-11 12:00:00,1
s3://nasa-surya-bench/2014/08/20140811_1800.nc,2014-08-11 18:00:00,1
s3://nasa-surya-bench/2014/08/20140812_0000.nc,2014-08-12 00:00:00,1
s3://nasa-surya-bench/2014/08/20140812_0600.nc,2014-08-12 06:00:00,1
s3://nasa-surya-bench/2014/08/20140812_1200.nc,2014-08-12 12:00:00,1
s3://nasa-surya-bench/2014/08/20140812_1800.nc,2014-08-12 18:00:00,1
s3://nasa-surya-bench/2014/08/20140813_0000.nc,2014-08-13 00:00:00,1
s3://nasa-surya-bench/2014/08/20140813_0600.nc,2014-08-13 06:00:00,1
s3://nasa-surya-bench/2014/08/20140813_1200.nc,2014-08-13 12:00:00,1
s3://nasa-surya-bench/2014/08/20140813_1800.nc,2014-08-13 18:00:00,1
s3://nasa-surya-bench/2014/08/20140814_0000.nc,2014-08-14 00:00:00,1
s3://nasa-surya-bench/2014/08/20140814_0600.nc,2014-08-14 06:00:00,1
s3://nasa-surya-bench/2014/08/20140814_1200.nc,2014-08-14 12:00:00,1
s3://nasa-surya-bench/2014/08/20140814_1800.nc,2014-08-14 18:00:00,1
s3://nasa-surya-bench/2014/08/20140815_0000.nc,2014-08-15 00:00:00,1
s3://nasa-surya-bench/2014/08/20140815_0600.nc,2014-08-15 06:00:00,1
s3://nasa-surya-bench/2014/08/20140815_1200.nc,2014-08-15 12:00:00,1
s3://nasa-surya-bench/2014/08/20140815_1800.nc,2014-08-15 18:00:00,1
s3://nasa-surya-bench/2014/08/20140816_0000.nc,2014-08-16 00:00:00,1
s3://nasa-surya-bench/2014/08/20140816_0600.nc,2014-08-16 06:00:00,1
s3://nasa-surya-bench/2014/08/20140816_1200.nc,2014-08-16 12:00:00,1
s3://nasa-surya-bench/2014/08/20140816_1800.nc,2014-08-16 18:00:00,1
s3://nasa-surya-bench/2014/08/20140817_0000.nc,2014-08-17 00:00:00,1
s3://nasa-surya-bench/2014/08/20140817_0600.nc,2014-08-17 06:00:00,1
s3://nasa-surya-bench/2014/08/20140817_1200.nc,2014-08-17 12:00:00,1
s3://nasa-surya-bench/2014/08/20140817_1800.nc,2014-08-17 18:00:00,1
s3://nasa-surya-bench/2014/08/20140818_0000.nc,2014-08-18 00:00:00,1
s3://nasa-surya-bench/2014/08/20140818_0600.nc,2014-08-18 06:00:00,1
s3://nasa-surya-bench/2014/08/20140818_1200.nc,2014-08-18 12:00:00,1
s3://nasa-surya-bench/2014/08/20140818_1800.nc,2014-08-18 18:00:00,1
s3://nasa-surya-bench/2014/08/20140819_0000.nc,2014-08-19 00:00:00,1
s3://nasa-surya-bench/2014/08/20140819_0600.nc,2014-08-19 06:00:00,1
s3://nasa-surya-bench/2014/08/20140819_1200.nc,2014-08-19 12:00:00,1
s3://nasa-surya-bench/2014/08/20140819_1800.nc,2014-08-19 18:00:00,1
s3://nasa-surya-bench/2014/08/20140820_0000.nc,2014-08-20 00:00:00,1
s3://nasa-surya-bench/2014/08/20140820_0600.nc,2014-08-20 06:00:00,1
s3://nasa-surya-bench/2014/08/20140820_1200.nc,2014-08-20 12:00:00,1
s3://nasa-surya-bench/2014/08/20140821_0000.nc,2014-08-21 00:00:00,1
s3://nasa-surya-bench/2014/08/20140821_0600.nc,2014-08-21 06:00:00,1
s3://nasa-surya-bench/2014/08/20140821_1200.nc,2014-08-21 12:00:00,1
s3://nasa-surya-bench/2014/08/20140821_1800.nc,2014-08-21 18:00:00,1
s3://nasa-surya-bench/2014/08/20140822_0000.nc,2014-08-22 00:00:00,1
s3://nasa-surya-bench/2014/08/20140822_0600.nc,2014-08-22 06:00:00,1
s3://nasa-surya-bench/2014/08/20140822_1200.nc,2014-08-22 12:00:00,1
s3://nasa-surya-bench/2014/08/20140822_1800.nc,2014-08-22 18:00:00,1
s3://nasa-surya-bench/2014/08/20140823_0000.nc,2014-08-23 00:00:00,1
s3://nasa-surya-bench/2014/08/20140823_0600.nc,2014-08-23 06:00:00,1
s3://nasa-surya-bench/2014/08/20140823_1200.nc,2014-08-23 12:00:00,1
s3://nasa-surya-bench/2014/08/20140823_1800.nc,2014-08-23 18:00:00,1
s3://nasa-surya-bench/2014/08/20140824_0000.nc,2014-08-24 00:00:00,1
s3://nasa-surya-bench/2014/08/20140824_0600.nc,2014-08-24 06:00:00,1
s3://nasa-surya-bench/2014/08/20140824_1200.nc,2014-08-24 12:00:00,1
s3://nasa-surya-bench/2014/08/20140824_1800.nc,2014-08-24 18:00:00,1
s3://nasa-surya-bench/2014/08/20140825_0000.nc,2014-08-25 00:00:00,1
s3://nasa-surya-bench/2014/08/20140825_0600.nc,2014-08-25 06:00:00,1
s3://nasa-surya-bench/2014/08/20140825_1200.nc,2014-08-25 12:00:00,1
s3://nasa-surya-bench/2014/08/20140825_1800.nc,2014-08-25 18:00:00,1
s3://nasa-surya-bench/2014/08/20140826_0000.nc,2014-08-26 00:00:00,1
s3://nasa-surya-bench/2014/08/20140826_0600.nc,2014-08-26 06:00:00,1
s3://nasa-surya-bench/2014/08/20140826_1200.nc,2014-08-26 12:00:00,1
s3://nasa-surya-bench/2014/08/20140826_1800.nc,2014-08-26 18:00:00,1
s3://nasa-surya-bench/2014/08/20140827_0000.nc,2014-08-27 00:00:00,1
s3://nasa-surya-bench/2014/08/20140827_0600.nc,2014-08-27 06:00:00,1
s3://nasa-surya-bench/2014/08/20140827_1200.nc,2014-08-27 12:00:00,1
s3://nasa-surya-bench/2014/08/20140827_1800.nc,2014-08-27 18:00:00,1
s3://nasa-surya-bench/2014/08/20140828_0000.nc,2014-08-28 00:00:00,1
s3://nasa-surya-bench/2014/08/20140828_0600.nc,2014-08-28 06:00:00,1
s3://nasa-surya-bench/2014/08/20140828_1200.nc,2014-08-28 12:00:00,1
s3://nasa-surya-bench/2014/08/20140828_1800.nc,2014-08-28 18:00:00,1
s3://nasa-surya-bench/2014/08/20140829_0000.nc,2014-08-29 00:00:00,1
s3://nasa-surya-bench/2014/08/20140829_0600.nc,2014-08-29 06:00:00,1
s3://nasa-surya-bench/2014/08/20140829_1200.nc,2014-08-29 12:00:00,1
s3://nasa-surya-bench/2014/08/20140829_1800.nc,2014-08-29 18:00:00,1
s3://nasa-surya-bench/2014/08/20140830_0000.nc,2014-08-30 00:00:00,1
s3://nasa-surya-bench/2014/08/20140830_0600.nc,2014-08-30 06:00:00,1
s3://nasa-surya-bench/2014/08/20140830_1200.nc,2014-08-30 12:00:00,1
s3://nasa-surya-bench/2014/08/20140830_1800.nc,2014-08-30 18:00:00,1
s3://nasa-surya-bench/2014/08/20140831_0000.nc,2014-08-31 00:00:00,1
s3://nasa-surya-bench/2014/08/20140831_0600.nc,2014-08-31 06:00:00,1
s3://nasa-surya-bench/2014/08/20140831_1200.nc,2014-08-31 12:00:00,1
s3://nasa-surya-bench/2014/08/20140831_1800.nc,2014-08-31 18:00:00,1
s3://nasa-surya-bench/2014/09/20140901_0000.nc,2014-09-01 00:00:00,1
s3://nasa-surya-bench/2014/09/20140901_0600.nc,2014-09-01 06:00:00,1
s3://nasa-surya-bench/2014/09/20140901_1200.nc,2014-09-01 12:00:00,1
s3://nasa-surya-bench/2014/09/20140901_1800.nc,2014-09-01 18:00:00,1
s3://nasa-surya-bench/2014/09/20140902_0000.nc,2014-09-02 00:00:00,1
s3://nasa-surya-bench/2014/09/20140902_0600.nc,2014-09-02 06:00:00,1
s3://nasa-surya-bench/2014/09/20140902_1200.nc,2014-09-02 12:00:00,1
s3://nasa-surya-bench/2014/09/20140902_1800.nc,2014-09-02 18:00:00,1
s3://nasa-surya-bench/2014/09/20140903_0000.nc,2014-09-03 00:00:00,1
s3://nasa-surya-bench/2014/09/20140903_0600.nc,2014-09-03 06:00:00,1
s3://nasa-surya-bench/2014/09/20140903_1200.nc,2014-09-03 12:00:00,1
s3://nasa-surya-bench/2014/09/20140903_1800.nc,2014-09-03 18:00:00,1
s3://nasa-surya-bench/2014/09/20140904_0000.nc,2014-09-04 00:00:00,1
s3://nasa-surya-bench/2014/09/20140904_0600.nc,2014-09-04 06:00:00,1
s3://nasa-surya-bench/2014/09/20140904_1200.nc,2014-09-04 12:00:00,1
s3://nasa-surya-bench/2014/09/20140904_1800.nc,2014-09-04 18:00:00,1
s3://nasa-surya-bench/2014/09/20140905_0000.nc,2014-09-05 00:00:00,1
s3://nasa-surya-bench/2014/09/20140905_0600.nc,2014-09-05 06:00:00,1
s3://nasa-surya-bench/2014/09/20140905_1200.nc,2014-09-05 12:00:00,1
s3://nasa-surya-bench/2014/09/20140905_1800.nc,2014-09-05 18:00:00,1
s3://nasa-surya-bench/2014/09/20140906_0000.nc,2014-09-06 00:00:00,1
s3://nasa-surya-bench/2014/09/20140906_0600.nc,2014-09-06 06:00:00,1
s3://nasa-surya-bench/2014/09/20140906_1200.nc,2014-09-06 12:00:00,1
s3://nasa-surya-bench/2014/09/20140907_0000.nc,2014-09-07 00:00:00,1
s3://nasa-surya-bench/2014/09/20140907_0600.nc,2014-09-07 06:00:00,1
s3://nasa-surya-bench/2014/09/20140907_1200.nc,2014-09-07 12:00:00,1
s3://nasa-surya-bench/2014/09/20140907_1800.nc,2014-09-07 18:00:00,1
s3://nasa-surya-bench/2014/09/20140908_0000.nc,2014-09-08 00:00:00,1
s3://nasa-surya-bench/2014/09/20140908_0600.nc,2014-09-08 06:00:00,1
s3://nasa-surya-bench/2014/09/20140908_1200.nc,2014-09-08 12:00:00,1
s3://nasa-surya-bench/2014/09/20140908_1800.nc,2014-09-08 18:00:00,1
s3://nasa-surya-bench/2014/09/20140909_0000.nc,2014-09-09 00:00:00,1
s3://nasa-surya-bench/2014/09/20140909_0600.nc,2014-09-09 06:00:00,1
s3://nasa-surya-bench/2014/09/20140909_1200.nc,2014-09-09 12:00:00,1
s3://nasa-surya-bench/2014/09/20140909_1800.nc,2014-09-09 18:00:00,1
s3://nasa-surya-bench/2014/09/20140910_0000.nc,2014-09-10 00:00:00,1
s3://nasa-surya-bench/2014/09/20140910_0600.nc,2014-09-10 06:00:00,1
s3://nasa-surya-bench/2014/09/20140910_1200.nc,2014-09-10 12:00:00,1
s3://nasa-surya-bench/2014/09/20140910_1800.nc,2014-09-10 18:00:00,1
s3://nasa-surya-bench/2014/09/20140911_0000.nc,2014-09-11 00:00:00,1
s3://nasa-surya-bench/2014/09/20140911_0600.nc,2014-09-11 06:00:00,1
s3://nasa-surya-bench/2014/09/20140911_1200.nc,2014-09-11 12:00:00,1
s3://nasa-surya-bench/2014/09/20140911_1800.nc,2014-09-11 18:00:00,1
s3://nasa-surya-bench/2014/09/20140912_0000.nc,2014-09-12 00:00:00,1
s3://nasa-surya-bench/2014/09/20140912_0600.nc,2014-09-12 06:00:00,1
s3://nasa-surya-bench/2014/09/20140912_1200.nc,2014-09-12 12:00:00,1
s3://nasa-surya-bench/2014/09/20140912_1800.nc,2014-09-12 18:00:00,1
s3://nasa-surya-bench/2014/09/20140913_0000.nc,2014-09-13 00:00:00,1
s3://nasa-surya-bench/2014/09/20140913_0600.nc,2014-09-13 06:00:00,1
s3://nasa-surya-bench/2014/09/20140913_1200.nc,2014-09-13 12:00:00,1
s3://nasa-surya-bench/2014/09/20140913_1800.nc,2014-09-13 18:00:00,1
s3://nasa-surya-bench/2014/09/20140914_0000.nc,2014-09-14 00:00:00,1
s3://nasa-surya-bench/2014/09/20140914_0600.nc,2014-09-14 06:00:00,1
s3://nasa-surya-bench/2014/09/20140914_1200.nc,2014-09-14 12:00:00,1
s3://nasa-surya-bench/2014/09/20140914_1800.nc,2014-09-14 18:00:00,1
s3://nasa-surya-bench/2014/09/20140915_0000.nc,2014-09-15 00:00:00,1
s3://nasa-surya-bench/2014/09/20140915_0600.nc,2014-09-15 06:00:00,1
s3://nasa-surya-bench/2014/09/20140915_1200.nc,2014-09-15 12:00:00,1
s3://nasa-surya-bench/2014/09/20140915_1800.nc,2014-09-15 18:00:00,1
s3://nasa-surya-bench/2014/09/20140916_0000.nc,2014-09-16 00:00:00,1
s3://nasa-surya-bench/2014/09/20140916_0600.nc,2014-09-16 06:00:00,1
s3://nasa-surya-bench/2014/09/20140916_1200.nc,2014-09-16 12:00:00,1
s3://nasa-surya-bench/2014/09/20140916_1800.nc,2014-09-16 18:00:00,1
s3://nasa-surya-bench/2014/09/20140917_0000.nc,2014-09-17 00:00:00,1
s3://nasa-surya-bench/2014/09/20140917_0600.nc,2014-09-17 06:00:00,1
s3://nasa-surya-bench/2014/09/20140917_1200.nc,2014-09-17 12:00:00,1
s3://nasa-surya-bench/2014/09/20140917_1800.nc,2014-09-17 18:00:00,1
s3://nasa-surya-bench/2014/09/20140918_0000.nc,2014-09-18 00:00:00,1
s3://nasa-surya-bench/2014/09/20140918_0600.nc,2014-09-18 06:00:00,1
s3://nasa-surya-bench/2014/09/20140918_1200.nc,2014-09-18 12:00:00,1
s3://nasa-surya-bench/2014/09/20140918_1800.nc,2014-09-18 18:00:00,1
s3://nasa-surya-bench/2014/09/20140919_0000.nc,2014-09-19 00:00:00,1
s3://nasa-surya-bench/2014/09/20140919_0600.nc,2014-09-19 06:00:00,1
s3://nasa-surya-bench/2014/09/20140919_1200.nc,2014-09-19 12:00:00,1
s3://nasa-surya-bench/2014/09/20140919_1800.nc,2014-09-19 18:00:00,1
s3://nasa-surya-bench/2014/09/20140920_0000.nc,2014-09-20 00:00:00,1
s3://nasa-surya-bench/2014/09/20140920_0600.nc,2014-09-20 06:00:00,1
s3://nasa-surya-bench/2014/09/20140920_1200.nc,2014-09-20 12:00:00,1
s3://nasa-surya-bench/2014/09/20140920_1800.nc,2014-09-20 18:00:00,1
s3://nasa-surya-bench/2014/09/20140921_0000.nc,2014-09-21 00:00:00,1
s3://nasa-surya-bench/2014/09/20140921_0600.nc,2014-09-21 06:00:00,1
s3://nasa-surya-bench/2014/09/20140921_1200.nc,2014-09-21 12:00:00,1
s3://nasa-surya-bench/2014/09/20140921_1800.nc,2014-09-21 18:00:00,1
s3://nasa-surya-bench/2014/09/20140922_0000.nc,2014-09-22 00:00:00,1
s3://nasa-surya-bench/2014/09/20140922_0600.nc,2014-09-22 06:00:00,1
s3://nasa-surya-bench/2014/09/20140922_1200.nc,2014-09-22 12:00:00,1
s3://nasa-surya-bench/2014/09/20140922_1800.nc,2014-09-22 18:00:00,1
s3://nasa-surya-bench/2014/09/20140923_0000.nc,2014-09-23 00:00:00,1
s3://nasa-surya-bench/2014/09/20140923_0600.nc,2014-09-23 06:00:00,1
s3://nasa-surya-bench/2014/09/20140923_1200.nc,2014-09-23 12:00:00,1
s3://nasa-surya-bench/2014/09/20140923_1800.nc,2014-09-23 18:00:00,1
s3://nasa-surya-bench/2014/09/20140924_0000.nc,2014-09-24 00:00:00,1
s3://nasa-surya-bench/2014/09/20140924_0600.nc,2014-09-24 06:00:00,1
s3://nasa-surya-bench/2014/09/20140924_1200.nc,2014-09-24 12:00:00,1
s3://nasa-surya-bench/2014/09/20140924_1800.nc,2014-09-24 18:00:00,1
s3://nasa-surya-bench/2014/09/20140925_0000.nc,2014-09-25 00:00:00,1
s3://nasa-surya-bench/2014/09/20140925_0600.nc,2014-09-25 06:00:00,1
s3://nasa-surya-bench/2014/09/20140925_1200.nc,2014-09-25 12:00:00,1
s3://nasa-surya-bench/2014/09/20140925_1800.nc,2014-09-25 18:00:00,1
s3://nasa-surya-bench/2014/09/20140926_0000.nc,2014-09-26 00:00:00,1
s3://nasa-surya-bench/2014/09/20140926_0600.nc,2014-09-26 06:00:00,1
s3://nasa-surya-bench/2014/09/20140926_1200.nc,2014-09-26 12:00:00,1
s3://nasa-surya-bench/2014/09/20140926_1800.nc,2014-09-26 18:00:00,1
s3://nasa-surya-bench/2014/09/20140927_0000.nc,2014-09-27 00:00:00,1
s3://nasa-surya-bench/2014/09/20140927_0600.nc,2014-09-27 06:00:00,1
s3://nasa-surya-bench/2014/09/20140927_1200.nc,2014-09-27 12:00:00,1
s3://nasa-surya-bench/2014/09/20140927_1800.nc,2014-09-27 18:00:00,1
s3://nasa-surya-bench/2014/09/20140928_0000.nc,2014-09-28 00:00:00,1
s3://nasa-surya-bench/2014/09/20140928_0600.nc,2014-09-28 06:00:00,1
s3://nasa-surya-bench/2014/09/20140928_1200.nc,2014-09-28 12:00:00,1
s3://nasa-surya-bench/2014/09/20140928_1800.nc,2014-09-28 18:00:00,1
s3://nasa-surya-bench/2014/09/20140929_0000.nc,2014-09-29 00:00:00,1
s3://nasa-surya-bench/2014/09/20140929_0600.nc,2014-09-29 06:00:00,1
s3://nasa-surya-bench/2014/09/20140929_1200.nc,2014-09-29 12:00:00,1
s3://nasa-surya-bench/2014/09/20140929_1800.nc,2014-09-29 18:00:00,1
s3://nasa-surya-bench/2014/09/20140930_0000.nc,2014-09-30 00:00:00,1
s3://nasa-surya-bench/2014/09/20140930_0600.nc,2014-09-30 06:00:00,1
s3://nasa-surya-bench/2014/09/20140930_1200.nc,2014-09-30 12:00:00,1
s3://nasa-surya-bench/2014/09/20140930_1800.nc,2014-09-30 18:00:00,1
s3://nasa-surya-bench/2014/10/20141001_0000.nc,2014-10-01 00:00:00,1
s3://nasa-surya-bench/2014/10/20141001_0600.nc,2014-10-01 06:00:00,1
s3://nasa-surya-bench/2014/10/20141001_1200.nc,2014-10-01 12:00:00,1
s3://nasa-surya-bench/2014/10/20141001_1800.nc,2014-10-01 18:00:00,1
s3://nasa-surya-bench/2014/10/20141002_0000.nc,2014-10-02 00:00:00,1
s3://nasa-surya-bench/2014/10/20141002_0600.nc,2014-10-02 06:00:00,1
s3://nasa-surya-bench/2014/10/20141002_1200.nc,2014-10-02 12:00:00,1
s3://nasa-surya-bench/2014/10/20141002_1800.nc,2014-10-02 18:00:00,1
s3://nasa-surya-bench/2014/10/20141003_0000.nc,2014-10-03 00:00:00,1
s3://nasa-surya-bench/2014/10/20141003_0600.nc,2014-10-03 06:00:00,1
s3://nasa-surya-bench/2014/10/20141003_1200.nc,2014-10-03 12:00:00,1
s3://nasa-surya-bench/2014/10/20141003_1800.nc,2014-10-03 18:00:00,1
s3://nasa-surya-bench/2014/10/20141004_0000.nc,2014-10-04 00:00:00,1
s3://nasa-surya-bench/2014/10/20141004_0600.nc,2014-10-04 06:00:00,1
s3://nasa-surya-bench/2014/10/20141004_1200.nc,2014-10-04 12:00:00,1
s3://nasa-surya-bench/2014/10/20141004_1800.nc,2014-10-04 18:00:00,1
s3://nasa-surya-bench/2014/10/20141005_0000.nc,2014-10-05 00:00:00,1
s3://nasa-surya-bench/2014/10/20141005_0600.nc,2014-10-05 06:00:00,1
s3://nasa-surya-bench/2014/10/20141005_1200.nc,2014-10-05 12:00:00,1
s3://nasa-surya-bench/2014/10/20141005_1800.nc,2014-10-05 18:00:00,1
s3://nasa-surya-bench/2014/10/20141006_0000.nc,2014-10-06 00:00:00,1
s3://nasa-surya-bench/2014/11/20141106_1800.nc,2014-11-06 18:00:00,1
s3://nasa-surya-bench/2014/11/20141107_0000.nc,2014-11-07 00:00:00,1
s3://nasa-surya-bench/2014/11/20141107_0600.nc,2014-11-07 06:00:00,1
s3://nasa-surya-bench/2014/11/20141107_1200.nc,2014-11-07 12:00:00,1
s3://nasa-surya-bench/2014/11/20141107_1800.nc,2014-11-07 18:00:00,1
s3://nasa-surya-bench/2014/11/20141108_0000.nc,2014-11-08 00:00:00,1
s3://nasa-surya-bench/2014/11/20141108_0600.nc,2014-11-08 06:00:00,1
s3://nasa-surya-bench/2014/11/20141108_1200.nc,2014-11-08 12:00:00,1
s3://nasa-surya-bench/2014/11/20141108_1800.nc,2014-11-08 18:00:00,1
s3://nasa-surya-bench/2014/11/20141109_0000.nc,2014-11-09 00:00:00,1
s3://nasa-surya-bench/2014/11/20141109_0600.nc,2014-11-09 06:00:00,1
s3://nasa-surya-bench/2014/11/20141109_1200.nc,2014-11-09 12:00:00,1
s3://nasa-surya-bench/2014/11/20141109_1800.nc,2014-11-09 18:00:00,1
s3://nasa-surya-bench/2014/11/20141110_0000.nc,2014-11-10 00:00:00,1
s3://nasa-surya-bench/2014/11/20141110_0600.nc,2014-11-10 06:00:00,1
s3://nasa-surya-bench/2014/11/20141110_1200.nc,2014-11-10 12:00:00,1
s3://nasa-surya-bench/2014/11/20141110_1800.nc,2014-11-10 18:00:00,1
s3://nasa-surya-bench/2014/11/20141111_0000.nc,2014-11-11 00:00:00,1
s3://nasa-surya-bench/2014/11/20141111_0600.nc,2014-11-11 06:00:00,1
s3://nasa-surya-bench/2014/11/20141111_1200.nc,2014-11-11 12:00:00,1
s3://nasa-surya-bench/2014/11/20141111_1800.nc,2014-11-11 18:00:00,1
s3://nasa-surya-bench/2014/11/20141112_0000.nc,2014-11-12 00:00:00,1
s3://nasa-surya-bench/2014/11/20141112_0600.nc,2014-11-12 06:00:00,1
s3://nasa-surya-bench/2014/11/20141112_1200.nc,2014-11-12 12:00:00,1
s3://nasa-surya-bench/2014/11/20141113_0000.nc,2014-11-13 00:00:00,1
s3://nasa-surya-bench/2014/11/20141113_0600.nc,2014-11-13 06:00:00,1
s3://nasa-surya-bench/2014/11/20141113_1200.nc,2014-11-13 12:00:00,1
s3://nasa-surya-bench/2014/11/20141113_1800.nc,2014-11-13 18:00:00,1
s3://nasa-surya-bench/2014/11/20141114_0000.nc,2014-11-14 00:00:00,1
s3://nasa-surya-bench/2014/11/20141114_0600.nc,2014-11-14 06:00:00,1
s3://nasa-surya-bench/2014/11/20141114_1200.nc,2014-11-14 12:00:00,1
s3://nasa-surya-bench/2014/11/20141114_1800.nc,2014-11-14 18:00:00,1
s3://nasa-surya-bench/2014/11/20141115_0000.nc,2014-11-15 00:00:00,1
s3://nasa-surya-bench/2014/11/20141115_0600.nc,2014-11-15 06:00:00,1
s3://nasa-surya-bench/2014/11/20141115_1200.nc,2014-11-15 12:00:00,1
s3://nasa-surya-bench/2014/11/20141115_1800.nc,2014-11-15 18:00:00,1
s3://nasa-surya-bench/2014/11/20141116_0000.nc,2014-11-16 00:00:00,1
s3://nasa-surya-bench/2014/11/20141116_0600.nc,2014-11-16 06:00:00,1
s3://nasa-surya-bench/2014/11/20141116_1200.nc,2014-11-16 12:00:00,1
s3://nasa-surya-bench/2014/11/20141116_1800.nc,2014-11-16 18:00:00,1
s3://nasa-surya-bench/2014/11/20141117_0000.nc,2014-11-17 00:00:00,1
s3://nasa-surya-bench/2014/11/20141117_0600.nc,2014-11-17 06:00:00,1
s3://nasa-surya-bench/2014/11/20141117_1200.nc,2014-11-17 12:00:00,1
s3://nasa-surya-bench/2014/11/20141117_1800.nc,2014-11-17 18:00:00,1
s3://nasa-surya-bench/2014/11/20141118_0000.nc,2014-11-18 00:00:00,1
s3://nasa-surya-bench/2014/11/20141118_0600.nc,2014-11-18 06:00:00,1
s3://nasa-surya-bench/2014/11/20141118_1200.nc,2014-11-18 12:00:00,1
s3://nasa-surya-bench/2014/11/20141118_1800.nc,2014-11-18 18:00:00,1
s3://nasa-surya-bench/2014/11/20141119_0000.nc,2014-11-19 00:00:00,1
s3://nasa-surya-bench/2014/11/20141119_0600.nc,2014-11-19 06:00:00,1
s3://nasa-surya-bench/2014/11/20141119_1200.nc,2014-11-19 12:00:00,1
s3://nasa-surya-bench/2014/11/20141119_1800.nc,2014-11-19 18:00:00,1
s3://nasa-surya-bench/2014/11/20141120_0000.nc,2014-11-20 00:00:00,1
s3://nasa-surya-bench/2014/11/20141120_0600.nc,2014-11-20 06:00:00,1
s3://nasa-surya-bench/2014/11/20141120_1200.nc,2014-11-20 12:00:00,1
s3://nasa-surya-bench/2014/11/20141120_1800.nc,2014-11-20 18:00:00,1
s3://nasa-surya-bench/2014/11/20141121_0000.nc,2014-11-21 00:00:00,1
s3://nasa-surya-bench/2014/11/20141121_0600.nc,2014-11-21 06:00:00,1
s3://nasa-surya-bench/2014/11/20141121_1200.nc,2014-11-21 12:00:00,1
s3://nasa-surya-bench/2014/11/20141121_1800.nc,2014-11-21 18:00:00,1
s3://nasa-surya-bench/2014/11/20141122_0000.nc,2014-11-22 00:00:00,1
s3://nasa-surya-bench/2014/11/20141122_0600.nc,2014-11-22 06:00:00,1
s3://nasa-surya-bench/2014/11/20141122_1200.nc,2014-11-22 12:00:00,1
s3://nasa-surya-bench/2014/11/20141122_1800.nc,2014-11-22 18:00:00,1
s3://nasa-surya-bench/2014/11/20141123_0000.nc,2014-11-23 00:00:00,1
s3://nasa-surya-bench/2014/11/20141123_0600.nc,2014-11-23 06:00:00,1
s3://nasa-surya-bench/2014/11/20141123_1200.nc,2014-11-23 12:00:00,1
s3://nasa-surya-bench/2014/11/20141123_1800.nc,2014-11-23 18:00:00,1
s3://nasa-surya-bench/2014/11/20141124_0000.nc,2014-11-24 00:00:00,1
s3://nasa-surya-bench/2014/11/20141124_0600.nc,2014-11-24 06:00:00,1
s3://nasa-surya-bench/2014/11/20141124_1200.nc,2014-11-24 12:00:00,1
s3://nasa-surya-bench/2014/11/20141124_1800.nc,2014-11-24 18:00:00,1
s3://nasa-surya-bench/2014/11/20141125_0000.nc,2014-11-25 00:00:00,1
s3://nasa-surya-bench/2014/11/20141125_0600.nc,2014-11-25 06:00:00,1
s3://nasa-surya-bench/2014/11/20141125_1200.nc,2014-11-25 12:00:00,1
s3://nasa-surya-bench/2014/11/20141126_0000.nc,2014-11-26 00:00:00,1
s3://nasa-surya-bench/2014/11/20141126_0600.nc,2014-11-26 06:00:00,1
s3://nasa-surya-bench/2014/11/20141126_1200.nc,2014-11-26 12:00:00,1
s3://nasa-surya-bench/2014/11/20141126_1800.nc,2014-11-26 18:00:00,1
s3://nasa-surya-bench/2014/11/20141127_0000.nc,2014-11-27 00:00:00,1
s3://nasa-surya-bench/2014/11/20141127_0600.nc,2014-11-27 06:00:00,1
s3://nasa-surya-bench/2014/11/20141127_1200.nc,2014-11-27 12:00:00,1
s3://nasa-surya-bench/2014/11/20141127_1800.nc,2014-11-27 18:00:00,1
s3://nasa-surya-bench/2014/11/20141128_0000.nc,2014-11-28 00:00:00,1
s3://nasa-surya-bench/2014/11/20141128_0600.nc,2014-11-28 06:00:00,1
s3://nasa-surya-bench/2014/11/20141128_1200.nc,2014-11-28 12:00:00,1
s3://nasa-surya-bench/2014/11/20141128_1800.nc,2014-11-28 18:00:00,1
s3://nasa-surya-bench/2014/11/20141129_0000.nc,2014-11-29 00:00:00,1
s3://nasa-surya-bench/2014/11/20141129_0600.nc,2014-11-29 06:00:00,1
s3://nasa-surya-bench/2014/11/20141129_1200.nc,2014-11-29 12:00:00,1
s3://nasa-surya-bench/2014/11/20141129_1800.nc,2014-11-29 18:00:00,1
s3://nasa-surya-bench/2014/11/20141130_0000.nc,2014-11-30 00:00:00,1
s3://nasa-surya-bench/2014/11/20141130_0600.nc,2014-11-30 06:00:00,1
s3://nasa-surya-bench/2014/11/20141130_1200.nc,2014-11-30 12:00:00,1
s3://nasa-surya-bench/2014/11/20141130_1800.nc,2014-11-30 18:00:00,1
s3://nasa-surya-bench/2014/12/20141201_0000.nc,2014-12-01 00:00:00,1
s3://nasa-surya-bench/2014/12/20141201_0600.nc,2014-12-01 06:00:00,1
s3://nasa-surya-bench/2014/12/20141201_1200.nc,2014-12-01 12:00:00,1
s3://nasa-surya-bench/2014/12/20141201_1800.nc,2014-12-01 18:00:00,1
s3://nasa-surya-bench/2014/12/20141202_0000.nc,2014-12-02 00:00:00,1
s3://nasa-surya-bench/2014/12/20141202_0600.nc,2014-12-02 06:00:00,1
s3://nasa-surya-bench/2014/12/20141202_1200.nc,2014-12-02 12:00:00,1
s3://nasa-surya-bench/2014/12/20141202_1800.nc,2014-12-02 18:00:00,1
s3://nasa-surya-bench/2014/12/20141203_0000.nc,2014-12-03 00:00:00,1
s3://nasa-surya-bench/2014/12/20141203_0600.nc,2014-12-03 06:00:00,1
s3://nasa-surya-bench/2014/12/20141203_1200.nc,2014-12-03 12:00:00,1
s3://nasa-surya-bench/2014/12/20141203_1800.nc,2014-12-03 18:00:00,1
s3://nasa-surya-bench/2014/12/20141204_0000.nc,2014-12-04 00:00:00,1
s3://nasa-surya-bench/2014/12/20141204_0600.nc,2014-12-04 06:00:00,1
s3://nasa-surya-bench/2014/12/20141204_1200.nc,2014-12-04 12:00:00,1
s3://nasa-surya-bench/2014/12/20141204_1800.nc,2014-12-04 18:00:00,1
s3://nasa-surya-bench/2014/12/20141205_0000.nc,2014-12-05 00:00:00,1
s3://nasa-surya-bench/2014/12/20141205_0600.nc,2014-12-05 06:00:00,1
s3://nasa-surya-bench/2014/12/20141205_1200.nc,2014-12-05 12:00:00,1
s3://nasa-surya-bench/2014/12/20141205_1800.nc,2014-12-05 18:00:00,1
s3://nasa-surya-bench/2014/12/20141206_0000.nc,2014-12-06 00:00:00,1
s3://nasa-surya-bench/2014/12/20141206_0600.nc,2014-12-06 06:00:00,1
s3://nasa-surya-bench/2014/12/20141206_1200.nc,2014-12-06 12:00:00,1
s3://nasa-surya-bench/2014/12/20141206_1800.nc,2014-12-06 18:00:00,1
s3://nasa-surya-bench/2014/12/20141207_0000.nc,2014-12-07 00:00:00,1
s3://nasa-surya-bench/2014/12/20141207_0600.nc,2014-12-07 06:00:00,1
s3://nasa-surya-bench/2014/12/20141207_1200.nc,2014-12-07 12:00:00,1
s3://nasa-surya-bench/2014/12/20141207_1800.nc,2014-12-07 18:00:00,1
s3://nasa-surya-bench/2014/12/20141208_0000.nc,2014-12-08 00:00:00,1
s3://nasa-surya-bench/2014/12/20141208_0600.nc,2014-12-08 06:00:00,1
s3://nasa-surya-bench/2014/12/20141208_1200.nc,2014-12-08 12:00:00,1
s3://nasa-surya-bench/2014/12/20141208_1800.nc,2014-12-08 18:00:00,1
s3://nasa-surya-bench/2014/12/20141209_0000.nc,2014-12-09 00:00:00,1
s3://nasa-surya-bench/2014/12/20141209_0600.nc,2014-12-09 06:00:00,1
s3://nasa-surya-bench/2014/12/20141209_1200.nc,2014-12-09 12:00:00,1
s3://nasa-surya-bench/2014/12/20141209_1800.nc,2014-12-09 18:00:00,1
s3://nasa-surya-bench/2014/12/20141210_0000.nc,2014-12-10 00:00:00,1
s3://nasa-surya-bench/2014/12/20141210_0600.nc,2014-12-10 06:00:00,1
s3://nasa-surya-bench/2014/12/20141210_1200.nc,2014-12-10 12:00:00,1
s3://nasa-surya-bench/2014/12/20141210_1800.nc,2014-12-10 18:00:00,1
s3://nasa-surya-bench/2014/12/20141211_0000.nc,2014-12-11 00:00:00,1
s3://nasa-surya-bench/2014/12/20141211_0600.nc,2014-12-11 06:00:00,1
s3://nasa-surya-bench/2014/12/20141211_1200.nc,2014-12-11 12:00:00,1
s3://nasa-surya-bench/2014/12/20141211_1800.nc,2014-12-11 18:00:00,1
s3://nasa-surya-bench/2014/12/20141212_0000.nc,2014-12-12 00:00:00,1
s3://nasa-surya-bench/2014/12/20141212_0600.nc,2014-12-12 06:00:00,1
s3://nasa-surya-bench/2014/12/20141212_1200.nc,2014-12-12 12:00:00,1
s3://nasa-surya-bench/2014/12/20141212_1800.nc,2014-12-12 18:00:00,1
s3://nasa-surya-bench/2014/12/20141213_0000.nc,2014-12-13 00:00:00,1
s3://nasa-surya-bench/2014/12/20141213_0600.nc,2014-12-13 06:00:00,1
s3://nasa-surya-bench/2014/12/20141213_1200.nc,2014-12-13 12:00:00,1
s3://nasa-surya-bench/2014/12/20141213_1800.nc,2014-12-13 18:00:00,1
s3://nasa-surya-bench/2014/12/20141214_0000.nc,2014-12-14 00:00:00,1
s3://nasa-surya-bench/2014/12/20141214_0600.nc,2014-12-14 06:00:00,1
s3://nasa-surya-bench/2014/12/20141214_1200.nc,2014-12-14 12:00:00,1
s3://nasa-surya-bench/2014/12/20141214_1800.nc,2014-12-14 18:00:00,1
s3://nasa-surya-bench/2014/12/20141215_0000.nc,2014-12-15 00:00:00,1
s3://nasa-surya-bench/2014/12/20141215_0600.nc,2014-12-15 06:00:00,1
s3://nasa-surya-bench/2014/12/20141215_1200.nc,2014-12-15 12:00:00,1
s3://nasa-surya-bench/2014/12/20141215_1800.nc,2014-12-15 18:00:00,1
s3://nasa-surya-bench/2014/12/20141216_0000.nc,2014-12-16 00:00:00,1
s3://nasa-surya-bench/2014/12/20141216_0600.nc,2014-12-16 06:00:00,1
s3://nasa-surya-bench/2014/12/20141216_1200.nc,2014-12-16 12:00:00,1
s3://nasa-surya-bench/2014/12/20141216_1800.nc,2014-12-16 18:00:00,1
s3://nasa-surya-bench/2014/12/20141217_0000.nc,2014-12-17 00:00:00,1
s3://nasa-surya-bench/2014/12/20141217_1200.nc,2014-12-17 12:00:00,1
s3://nasa-surya-bench/2014/12/20141217_1800.nc,2014-12-17 18:00:00,1
s3://nasa-surya-bench/2014/12/20141218_0000.nc,2014-12-18 00:00:00,1
s3://nasa-surya-bench/2014/12/20141218_1200.nc,2014-12-18 12:00:00,1
s3://nasa-surya-bench/2014/12/20141218_1800.nc,2014-12-18 18:00:00,1
s3://nasa-surya-bench/2014/12/20141219_0000.nc,2014-12-19 00:00:00,1
s3://nasa-surya-bench/2014/12/20141219_1200.nc,2014-12-19 12:00:00,1
s3://nasa-surya-bench/2014/12/20141219_1800.nc,2014-12-19 18:00:00,1
s3://nasa-surya-bench/2014/12/20141220_0000.nc,2014-12-20 00:00:00,1
s3://nasa-surya-bench/2014/12/20141220_1200.nc,2014-12-20 12:00:00,1
s3://nasa-surya-bench/2014/12/20141220_1800.nc,2014-12-20 18:00:00,1
s3://nasa-surya-bench/2014/12/20141221_0000.nc,2014-12-21 00:00:00,1
s3://nasa-surya-bench/2014/12/20141221_0600.nc,2014-12-21 06:00:00,1
s3://nasa-surya-bench/2014/12/20141221_1200.nc,2014-12-21 12:00:00,1
s3://nasa-surya-bench/2014/12/20141221_1800.nc,2014-12-21 18:00:00,1
s3://nasa-surya-bench/2014/12/20141222_0000.nc,2014-12-22 00:00:00,1
s3://nasa-surya-bench/2014/12/20141222_0600.nc,2014-12-22 06:00:00,1
s3://nasa-surya-bench/2014/12/20141222_1200.nc,2014-12-22 12:00:00,1
s3://nasa-surya-bench/2014/12/20141222_1800.nc,2014-12-22 18:00:00,1
s3://nasa-surya-bench/2014/12/20141223_0000.nc,2014-12-23 00:00:00,1
s3://nasa-surya-bench/2014/12/20141223_0600.nc,2014-12-23 06:00:00,1
s3://nasa-surya-bench/2014/12/20141223_1200.nc,2014-12-23 12:00:00,1
s3://nasa-surya-bench/2014/12/20141223_1800.nc,2014-12-23 18:00:00,1
s3://nasa-surya-bench/2014/12/20141224_0000.nc,2014-12-24 00:00:00,1
s3://nasa-surya-bench/2014/12/20141224_0600.nc,2014-12-24 06:00:00,1
s3://nasa-surya-bench/2014/12/20141224_1200.nc,2014-12-24 12:00:00,1
s3://nasa-surya-bench/2014/12/20141224_1800.nc,2014-12-24 18:00:00,1
s3://nasa-surya-bench/2014/12/20141225_0000.nc,2014-12-25 00:00:00,1
s3://nasa-surya-bench/2014/12/20141225_0600.nc,2014-12-25 06:00:00,1
s3://nasa-surya-bench/2014/12/20141225_1200.nc,2014-12-25 12:00:00,1
s3://nasa-surya-bench/2014/12/20141225_1800.nc,2014-12-25 18:00:00,1
s3://nasa-surya-bench/2014/12/20141226_0000.nc,2014-12-26 00:00:00,1
s3://nasa-surya-bench/2014/12/20141226_0600.nc,2014-12-26 06:00:00,1
s3://nasa-surya-bench/2014/12/20141226_1800.nc,2014-12-26 18:00:00,1
s3://nasa-surya-bench/2014/12/20141227_0000.nc,2014-12-27 00:00:00,1
s3://nasa-surya-bench/2014/12/20141227_0600.nc,2014-12-27 06:00:00,1
s3://nasa-surya-bench/2014/12/20141227_1200.nc,2014-12-27 12:00:00,1
s3://nasa-surya-bench/2014/12/20141227_1800.nc,2014-12-27 18:00:00,1
s3://nasa-surya-bench/2014/12/20141228_0000.nc,2014-12-28 00:00:00,1
s3://nasa-surya-bench/2014/12/20141228_0600.nc,2014-12-28 06:00:00,1
s3://nasa-surya-bench/2014/12/20141228_1200.nc,2014-12-28 12:00:00,1
s3://nasa-surya-bench/2014/12/20141228_1800.nc,2014-12-28 18:00:00,1
s3://nasa-surya-bench/2014/12/20141229_0000.nc,2014-12-29 00:00:00,1
s3://nasa-surya-bench/2014/12/20141229_0600.nc,2014-12-29 06:00:00,1
s3://nasa-surya-bench/2014/12/20141229_1200.nc,2014-12-29 12:00:00,1
s3://nasa-surya-bench/2014/12/20141229_1800.nc,2014-12-29 18:00:00,1
s3://nasa-surya-bench/2014/12/20141230_0000.nc,2014-12-30 00:00:00,1
s3://nasa-surya-bench/2014/12/20141230_0600.nc,2014-12-30 06:00:00,1
s3://nasa-surya-bench/2014/12/20141230_1200.nc,2014-12-30 12:00:00,1
s3://nasa-surya-bench/2014/12/20141230_1800.nc,2014-12-30 18:00:00,1
s3://nasa-surya-bench/2014/12/20141231_0000.nc,2014-12-31 00:00:00,1
s3://nasa-surya-bench/2014/12/20141231_0600.nc,2014-12-31 06:00:00,1
s3://nasa-surya-bench/2014/12/20141231_1200.nc,2014-12-31 12:00:00,1
s3://nasa-surya-bench/2014/12/20141231_1800.nc,2014-12-31 18:00:00,1
s3://nasa-surya-bench/2015/01/20150101_0000.nc,2015-01-01 00:00:00,1
s3://nasa-surya-bench/2015/01/20150101_0600.nc,2015-01-01 06:00:00,1
s3://nasa-surya-bench/2015/01/20150101_1200.nc,2015-01-01 12:00:00,1
s3://nasa-surya-bench/2015/01/20150101_1800.nc,2015-01-01 18:00:00,1
s3://nasa-surya-bench/2015/01/20150102_0000.nc,2015-01-02 00:00:00,1
s3://nasa-surya-bench/2015/01/20150102_0600.nc,2015-01-02 06:00:00,1
s3://nasa-surya-bench/2015/01/20150102_1200.nc,2015-01-02 12:00:00,1
s3://nasa-surya-bench/2015/01/20150102_1800.nc,2015-01-02 18:00:00,1
s3://nasa-surya-bench/2015/01/20150103_0000.nc,2015-01-03 00:00:00,1
s3://nasa-surya-bench/2015/01/20150103_0600.nc,2015-01-03 06:00:00,1
s3://nasa-surya-bench/2015/01/20150103_1200.nc,2015-01-03 12:00:00,1
s3://nasa-surya-bench/2015/01/20150103_1800.nc,2015-01-03 18:00:00,1
s3://nasa-surya-bench/2015/01/20150104_0000.nc,2015-01-04 00:00:00,1
s3://nasa-surya-bench/2015/01/20150104_0600.nc,2015-01-04 06:00:00,1
s3://nasa-surya-bench/2015/01/20150104_1200.nc,2015-01-04 12:00:00,1
s3://nasa-surya-bench/2015/01/20150104_1800.nc,2015-01-04 18:00:00,1
s3://nasa-surya-bench/2015/01/20150105_0000.nc,2015-01-05 00:00:00,1
s3://nasa-surya-bench/2015/01/20150105_0600.nc,2015-01-05 06:00:00,1
s3://nasa-surya-bench/2015/01/20150105_1200.nc,2015-01-05 12:00:00,1
s3://nasa-surya-bench/2015/01/20150105_1800.nc,2015-01-05 18:00:00,1
s3://nasa-surya-bench/2015/01/20150106_0000.nc,2015-01-06 00:00:00,1
s3://nasa-surya-bench/2015/01/20150106_0600.nc,2015-01-06 06:00:00,1
s3://nasa-surya-bench/2015/01/20150106_1200.nc,2015-01-06 12:00:00,1
s3://nasa-surya-bench/2015/01/20150106_1800.nc,2015-01-06 18:00:00,1
s3://nasa-surya-bench/2015/01/20150107_0000.nc,2015-01-07 00:00:00,1
s3://nasa-surya-bench/2015/01/20150107_0600.nc,2015-01-07 06:00:00,1
s3://nasa-surya-bench/2015/01/20150107_1200.nc,2015-01-07 12:00:00,1
s3://nasa-surya-bench/2015/01/20150107_1800.nc,2015-01-07 18:00:00,1
s3://nasa-surya-bench/2015/01/20150108_0000.nc,2015-01-08 00:00:00,1
s3://nasa-surya-bench/2015/01/20150108_0600.nc,2015-01-08 06:00:00,1
s3://nasa-surya-bench/2015/01/20150108_1200.nc,2015-01-08 12:00:00,1
s3://nasa-surya-bench/2015/01/20150108_1800.nc,2015-01-08 18:00:00,1
s3://nasa-surya-bench/2015/01/20150109_0000.nc,2015-01-09 00:00:00,1
s3://nasa-surya-bench/2015/01/20150109_0600.nc,2015-01-09 06:00:00,1
s3://nasa-surya-bench/2015/01/20150109_1200.nc,2015-01-09 12:00:00,1
s3://nasa-surya-bench/2015/01/20150109_1800.nc,2015-01-09 18:00:00,1
s3://nasa-surya-bench/2015/01/20150110_0000.nc,2015-01-10 00:00:00,1
s3://nasa-surya-bench/2015/01/20150110_0600.nc,2015-01-10 06:00:00,1
s3://nasa-surya-bench/2015/01/20150110_1200.nc,2015-01-10 12:00:00,1
s3://nasa-surya-bench/2015/01/20150110_1800.nc,2015-01-10 18:00:00,1
s3://nasa-surya-bench/2015/01/20150111_0000.nc,2015-01-11 00:00:00,1
s3://nasa-surya-bench/2015/01/20150111_0600.nc,2015-01-11 06:00:00,1
s3://nasa-surya-bench/2015/01/20150111_1200.nc,2015-01-11 12:00:00,1
s3://nasa-surya-bench/2015/01/20150111_1800.nc,2015-01-11 18:00:00,1
s3://nasa-surya-bench/2015/01/20150112_0000.nc,2015-01-12 00:00:00,1
s3://nasa-surya-bench/2015/01/20150112_0600.nc,2015-01-12 06:00:00,1
s3://nasa-surya-bench/2015/01/20150112_1200.nc,2015-01-12 12:00:00,1
s3://nasa-surya-bench/2015/01/20150112_1800.nc,2015-01-12 18:00:00,1
s3://nasa-surya-bench/2015/01/20150113_0000.nc,2015-01-13 00:00:00,1
s3://nasa-surya-bench/2015/01/20150113_0600.nc,2015-01-13 06:00:00,1
s3://nasa-surya-bench/2015/01/20150113_1200.nc,2015-01-13 12:00:00,1
s3://nasa-surya-bench/2015/01/20150113_1800.nc,2015-01-13 18:00:00,1
s3://nasa-surya-bench/2015/01/20150114_0000.nc,2015-01-14 00:00:00,1
s3://nasa-surya-bench/2015/01/20150114_0600.nc,2015-01-14 06:00:00,1
s3://nasa-surya-bench/2015/01/20150114_1200.nc,2015-01-14 12:00:00,1
s3://nasa-surya-bench/2015/01/20150114_1800.nc,2015-01-14 18:00:00,1
s3://nasa-surya-bench/2015/01/20150115_0000.nc,2015-01-15 00:00:00,1
s3://nasa-surya-bench/2015/01/20150115_0600.nc,2015-01-15 06:00:00,1
s3://nasa-surya-bench/2015/01/20150115_1200.nc,2015-01-15 12:00:00,1
s3://nasa-surya-bench/2015/01/20150115_1800.nc,2015-01-15 18:00:00,1
s3://nasa-surya-bench/2015/01/20150116_0000.nc,2015-01-16 00:00:00,1
s3://nasa-surya-bench/2015/01/20150116_0600.nc,2015-01-16 06:00:00,1
s3://nasa-surya-bench/2015/01/20150116_1200.nc,2015-01-16 12:00:00,1
s3://nasa-surya-bench/2015/01/20150116_1800.nc,2015-01-16 18:00:00,1
s3://nasa-surya-bench/2015/01/20150117_0000.nc,2015-01-17 00:00:00,1
s3://nasa-surya-bench/2015/01/20150117_0600.nc,2015-01-17 06:00:00,1
s3://nasa-surya-bench/2015/01/20150117_1200.nc,2015-01-17 12:00:00,1
s3://nasa-surya-bench/2015/01/20150117_1800.nc,2015-01-17 18:00:00,1
s3://nasa-surya-bench/2015/01/20150118_0000.nc,2015-01-18 00:00:00,1
s3://nasa-surya-bench/2015/01/20150118_0600.nc,2015-01-18 06:00:00,1
s3://nasa-surya-bench/2015/01/20150118_1200.nc,2015-01-18 12:00:00,1
s3://nasa-surya-bench/2015/01/20150118_1800.nc,2015-01-18 18:00:00,1
s3://nasa-surya-bench/2015/01/20150119_0000.nc,2015-01-19 00:00:00,1
s3://nasa-surya-bench/2015/01/20150119_0600.nc,2015-01-19 06:00:00,1
s3://nasa-surya-bench/2015/01/20150119_1200.nc,2015-01-19 12:00:00,1
s3://nasa-surya-bench/2015/01/20150119_1800.nc,2015-01-19 18:00:00,1
s3://nasa-surya-bench/2015/01/20150120_0000.nc,2015-01-20 00:00:00,1
s3://nasa-surya-bench/2015/01/20150120_0600.nc,2015-01-20 06:00:00,1
s3://nasa-surya-bench/2015/01/20150120_1200.nc,2015-01-20 12:00:00,1
s3://nasa-surya-bench/2015/01/20150120_1800.nc,2015-01-20 18:00:00,1
s3://nasa-surya-bench/2015/01/20150121_0000.nc,2015-01-21 00:00:00,1
s3://nasa-surya-bench/2015/01/20150121_0600.nc,2015-01-21 06:00:00,1
s3://nasa-surya-bench/2015/01/20150121_1200.nc,2015-01-21 12:00:00,1
s3://nasa-surya-bench/2015/01/20150121_1800.nc,2015-01-21 18:00:00,1
s3://nasa-surya-bench/2015/01/20150122_0000.nc,2015-01-22 00:00:00,1
s3://nasa-surya-bench/2015/01/20150122_0600.nc,2015-01-22 06:00:00,1
s3://nasa-surya-bench/2015/01/20150122_1200.nc,2015-01-22 12:00:00,1
s3://nasa-surya-bench/2015/01/20150123_0000.nc,2015-01-23 00:00:00,1
s3://nasa-surya-bench/2015/01/20150123_0600.nc,2015-01-23 06:00:00,1
s3://nasa-surya-bench/2015/01/20150123_1200.nc,2015-01-23 12:00:00,1
s3://nasa-surya-bench/2015/01/20150123_1800.nc,2015-01-23 18:00:00,1
s3://nasa-surya-bench/2015/01/20150124_0000.nc,2015-01-24 00:00:00,1
s3://nasa-surya-bench/2015/01/20150124_0600.nc,2015-01-24 06:00:00,1
s3://nasa-surya-bench/2015/01/20150124_1200.nc,2015-01-24 12:00:00,1
s3://nasa-surya-bench/2015/01/20150124_1800.nc,2015-01-24 18:00:00,1
s3://nasa-surya-bench/2015/01/20150125_0000.nc,2015-01-25 00:00:00,1
s3://nasa-surya-bench/2015/01/20150125_0600.nc,2015-01-25 06:00:00,1
s3://nasa-surya-bench/2015/01/20150125_1200.nc,2015-01-25 12:00:00,1
s3://nasa-surya-bench/2015/01/20150125_1800.nc,2015-01-25 18:00:00,1
s3://nasa-surya-bench/2015/01/20150126_0000.nc,2015-01-26 00:00:00,1
s3://nasa-surya-bench/2015/01/20150126_0600.nc,2015-01-26 06:00:00,1
s3://nasa-surya-bench/2015/01/20150126_1200.nc,2015-01-26 12:00:00,1
s3://nasa-surya-bench/2015/01/20150126_1800.nc,2015-01-26 18:00:00,1
s3://nasa-surya-bench/2015/01/20150127_0000.nc,2015-01-27 00:00:00,1
s3://nasa-surya-bench/2015/01/20150127_0600.nc,2015-01-27 06:00:00,1
s3://nasa-surya-bench/2015/01/20150127_1200.nc,2015-01-27 12:00:00,1
s3://nasa-surya-bench/2015/01/20150127_1800.nc,2015-01-27 18:00:00,1
s3://nasa-surya-bench/2015/01/20150128_0000.nc,2015-01-28 00:00:00,1
s3://nasa-surya-bench/2015/01/20150128_0600.nc,2015-01-28 06:00:00,1
s3://nasa-surya-bench/2015/01/20150128_1200.nc,2015-01-28 12:00:00,1
s3://nasa-surya-bench/2015/01/20150129_0600.nc,2015-01-29 06:00:00,1
s3://nasa-surya-bench/2015/01/20150129_1200.nc,2015-01-29 12:00:00,1
s3://nasa-surya-bench/2015/01/20150129_1800.nc,2015-01-29 18:00:00,1
s3://nasa-surya-bench/2015/01/20150130_0000.nc,2015-01-30 00:00:00,1
s3://nasa-surya-bench/2015/01/20150130_0600.nc,2015-01-30 06:00:00,1
s3://nasa-surya-bench/2015/01/20150130_1200.nc,2015-01-30 12:00:00,1
s3://nasa-surya-bench/2015/01/20150130_1800.nc,2015-01-30 18:00:00,1
s3://nasa-surya-bench/2015/01/20150131_0000.nc,2015-01-31 00:00:00,1
s3://nasa-surya-bench/2015/01/20150131_0600.nc,2015-01-31 06:00:00,1
s3://nasa-surya-bench/2015/01/20150131_1200.nc,2015-01-31 12:00:00,1
s3://nasa-surya-bench/2015/01/20150131_1800.nc,2015-01-31 18:00:00,1
s3://nasa-surya-bench/2015/02/20150201_0000.nc,2015-02-01 00:00:00,1
s3://nasa-surya-bench/2015/02/20150201_0600.nc,2015-02-01 06:00:00,1
s3://nasa-surya-bench/2015/02/20150201_1200.nc,2015-02-01 12:00:00,1
s3://nasa-surya-bench/2015/02/20150201_1800.nc,2015-02-01 18:00:00,1
s3://nasa-surya-bench/2015/02/20150202_0000.nc,2015-02-02 00:00:00,1
s3://nasa-surya-bench/2015/02/20150202_0600.nc,2015-02-02 06:00:00,1
s3://nasa-surya-bench/2015/02/20150202_1200.nc,2015-02-02 12:00:00,1
s3://nasa-surya-bench/2015/02/20150202_1800.nc,2015-02-02 18:00:00,1
s3://nasa-surya-bench/2015/02/20150203_0000.nc,2015-02-03 00:00:00,1
s3://nasa-surya-bench/2015/02/20150203_0600.nc,2015-02-03 06:00:00,1
s3://nasa-surya-bench/2015/02/20150203_1200.nc,2015-02-03 12:00:00,1
s3://nasa-surya-bench/2015/02/20150203_1800.nc,2015-02-03 18:00:00,1
s3://nasa-surya-bench/2015/02/20150204_0000.nc,2015-02-04 00:00:00,1
s3://nasa-surya-bench/2015/02/20150204_0600.nc,2015-02-04 06:00:00,1
s3://nasa-surya-bench/2015/02/20150204_1200.nc,2015-02-04 12:00:00,1
s3://nasa-surya-bench/2015/02/20150205_0000.nc,2015-02-05 00:00:00,1
s3://nasa-surya-bench/2015/02/20150205_0600.nc,2015-02-05 06:00:00,1
s3://nasa-surya-bench/2015/02/20150205_1200.nc,2015-02-05 12:00:00,1
s3://nasa-surya-bench/2015/02/20150205_1800.nc,2015-02-05 18:00:00,1
s3://nasa-surya-bench/2015/02/20150206_0000.nc,2015-02-06 00:00:00,1
s3://nasa-surya-bench/2015/02/20150206_0600.nc,2015-02-06 06:00:00,1
s3://nasa-surya-bench/2015/02/20150206_1200.nc,2015-02-06 12:00:00,1
s3://nasa-surya-bench/2015/02/20150206_1800.nc,2015-02-06 18:00:00,1
s3://nasa-surya-bench/2015/02/20150207_0000.nc,2015-02-07 00:00:00,1
s3://nasa-surya-bench/2015/02/20150207_0600.nc,2015-02-07 06:00:00,1
s3://nasa-surya-bench/2015/02/20150207_1200.nc,2015-02-07 12:00:00,1
s3://nasa-surya-bench/2015/02/20150207_1800.nc,2015-02-07 18:00:00,1
s3://nasa-surya-bench/2015/02/20150208_0000.nc,2015-02-08 00:00:00,1
s3://nasa-surya-bench/2015/02/20150208_0600.nc,2015-02-08 06:00:00,1
s3://nasa-surya-bench/2015/02/20150208_1200.nc,2015-02-08 12:00:00,1
s3://nasa-surya-bench/2015/02/20150208_1800.nc,2015-02-08 18:00:00,1
s3://nasa-surya-bench/2015/02/20150209_0000.nc,2015-02-09 00:00:00,1
s3://nasa-surya-bench/2015/02/20150209_0600.nc,2015-02-09 06:00:00,1
s3://nasa-surya-bench/2015/02/20150209_1200.nc,2015-02-09 12:00:00,1
s3://nasa-surya-bench/2015/02/20150209_1800.nc,2015-02-09 18:00:00,1
s3://nasa-surya-bench/2015/02/20150210_0000.nc,2015-02-10 00:00:00,1
s3://nasa-surya-bench/2015/02/20150210_0600.nc,2015-02-10 06:00:00,1
s3://nasa-surya-bench/2015/02/20150210_1200.nc,2015-02-10 12:00:00,1
s3://nasa-surya-bench/2015/02/20150210_1800.nc,2015-02-10 18:00:00,1
s3://nasa-surya-bench/2015/02/20150211_0000.nc,2015-02-11 00:00:00,1
s3://nasa-surya-bench/2015/02/20150211_0600.nc,2015-02-11 06:00:00,1
s3://nasa-surya-bench/2015/02/20150211_1200.nc,2015-02-11 12:00:00,1
s3://nasa-surya-bench/2015/02/20150211_1800.nc,2015-02-11 18:00:00,1
s3://nasa-surya-bench/2015/02/20150212_0000.nc,2015-02-12 00:00:00,1
s3://nasa-surya-bench/2015/02/20150212_0600.nc,2015-02-12 06:00:00,1
s3://nasa-surya-bench/2015/02/20150212_1200.nc,2015-02-12 12:00:00,1
s3://nasa-surya-bench/2015/02/20150212_1800.nc,2015-02-12 18:00:00,1
s3://nasa-surya-bench/2015/02/20150213_0000.nc,2015-02-13 00:00:00,1
s3://nasa-surya-bench/2015/02/20150213_0600.nc,2015-02-13 06:00:00,1
s3://nasa-surya-bench/2015/02/20150213_1200.nc,2015-02-13 12:00:00,1
s3://nasa-surya-bench/2015/02/20150213_1800.nc,2015-02-13 18:00:00,1
s3://nasa-surya-bench/2015/02/20150214_0000.nc,2015-02-14 00:00:00,1
s3://nasa-surya-bench/2015/02/20150214_0600.nc,2015-02-14 06:00:00,1
s3://nasa-surya-bench/2015/02/20150214_1200.nc,2015-02-14 12:00:00,1
s3://nasa-surya-bench/2015/02/20150214_1800.nc,2015-02-14 18:00:00,1
s3://nasa-surya-bench/2015/02/20150215_0000.nc,2015-02-15 00:00:00,1
s3://nasa-surya-bench/2015/02/20150215_0600.nc,2015-02-15 06:00:00,1
s3://nasa-surya-bench/2015/02/20150215_1200.nc,2015-02-15 12:00:00,1
s3://nasa-surya-bench/2015/02/20150215_1800.nc,2015-02-15 18:00:00,1
s3://nasa-surya-bench/2015/02/20150216_0000.nc,2015-02-16 00:00:00,1
s3://nasa-surya-bench/2015/02/20150216_0600.nc,2015-02-16 06:00:00,1
s3://nasa-surya-bench/2015/02/20150216_1200.nc,2015-02-16 12:00:00,1
s3://nasa-surya-bench/2015/02/20150216_1800.nc,2015-02-16 18:00:00,1
s3://nasa-surya-bench/2015/02/20150217_0000.nc,2015-02-17 00:00:00,1
s3://nasa-surya-bench/2015/02/20150217_0600.nc,2015-02-17 06:00:00,1
s3://nasa-surya-bench/2015/02/20150217_1200.nc,2015-02-17 12:00:00,1
s3://nasa-surya-bench/2015/02/20150217_1800.nc,2015-02-17 18:00:00,1
s3://nasa-surya-bench/2015/02/20150218_0000.nc,2015-02-18 00:00:00,1
s3://nasa-surya-bench/2015/02/20150218_0600.nc,2015-02-18 06:00:00,1
s3://nasa-surya-bench/2015/02/20150218_1200.nc,2015-02-18 12:00:00,1
s3://nasa-surya-bench/2015/02/20150218_1800.nc,2015-02-18 18:00:00,1
s3://nasa-surya-bench/2015/02/20150219_0000.nc,2015-02-19 00:00:00,1
s3://nasa-surya-bench/2015/02/20150219_0600.nc,2015-02-19 06:00:00,1
s3://nasa-surya-bench/2015/02/20150219_1200.nc,2015-02-19 12:00:00,1
s3://nasa-surya-bench/2015/03/20150323_0000.nc,2015-03-23 00:00:00,1
s3://nasa-surya-bench/2015/03/20150323_0600.nc,2015-03-23 06:00:00,1
s3://nasa-surya-bench/2015/03/20150323_1200.nc,2015-03-23 12:00:00,1
s3://nasa-surya-bench/2015/03/20150323_1800.nc,2015-03-23 18:00:00,1
s3://nasa-surya-bench/2015/03/20150324_0600.nc,2015-03-24 06:00:00,1
s3://nasa-surya-bench/2015/03/20150324_1200.nc,2015-03-24 12:00:00,1
s3://nasa-surya-bench/2015/03/20150324_1800.nc,2015-03-24 18:00:00,1
s3://nasa-surya-bench/2015/03/20150325_0000.nc,2015-03-25 00:00:00,1
s3://nasa-surya-bench/2015/03/20150325_0600.nc,2015-03-25 06:00:00,1
s3://nasa-surya-bench/2015/03/20150325_1200.nc,2015-03-25 12:00:00,1
s3://nasa-surya-bench/2015/03/20150326_0000.nc,2015-03-26 00:00:00,1
s3://nasa-surya-bench/2015/03/20150326_0600.nc,2015-03-26 06:00:00,1
s3://nasa-surya-bench/2015/03/20150326_1200.nc,2015-03-26 12:00:00,1
s3://nasa-surya-bench/2015/03/20150326_1800.nc,2015-03-26 18:00:00,1
s3://nasa-surya-bench/2015/03/20150327_0000.nc,2015-03-27 00:00:00,1
s3://nasa-surya-bench/2015/03/20150327_0600.nc,2015-03-27 06:00:00,1
s3://nasa-surya-bench/2015/03/20150327_1200.nc,2015-03-27 12:00:00,1
s3://nasa-surya-bench/2015/03/20150327_1800.nc,2015-03-27 18:00:00,1
s3://nasa-surya-bench/2015/03/20150328_0000.nc,2015-03-28 00:00:00,1
s3://nasa-surya-bench/2015/03/20150328_0600.nc,2015-03-28 06:00:00,1
s3://nasa-surya-bench/2015/03/20150328_1200.nc,2015-03-28 12:00:00,1
s3://nasa-surya-bench/2015/03/20150328_1800.nc,2015-03-28 18:00:00,1
s3://nasa-surya-bench/2015/03/20150329_0000.nc,2015-03-29 00:00:00,1
s3://nasa-surya-bench/2015/03/20150329_0600.nc,2015-03-29 06:00:00,1
s3://nasa-surya-bench/2015/03/20150329_1200.nc,2015-03-29 12:00:00,1
s3://nasa-surya-bench/2015/03/20150329_1800.nc,2015-03-29 18:00:00,1
s3://nasa-surya-bench/2015/03/20150330_0000.nc,2015-03-30 00:00:00,1
s3://nasa-surya-bench/2015/03/20150330_0600.nc,2015-03-30 06:00:00,1
s3://nasa-surya-bench/2015/03/20150330_1200.nc,2015-03-30 12:00:00,1
s3://nasa-surya-bench/2015/03/20150330_1800.nc,2015-03-30 18:00:00,1
s3://nasa-surya-bench/2015/03/20150331_0000.nc,2015-03-31 00:00:00,1
s3://nasa-surya-bench/2015/03/20150331_0600.nc,2015-03-31 06:00:00,1
s3://nasa-surya-bench/2015/03/20150331_1200.nc,2015-03-31 12:00:00,1
s3://nasa-surya-bench/2015/03/20150331_1800.nc,2015-03-31 18:00:00,1
s3://nasa-surya-bench/2015/04/20150401_0000.nc,2015-04-01 00:00:00,1
s3://nasa-surya-bench/2015/04/20150401_1800.nc,2015-04-01 18:00:00,1
s3://nasa-surya-bench/2015/04/20150402_0000.nc,2015-04-02 00:00:00,1
s3://nasa-surya-bench/2015/04/20150402_0600.nc,2015-04-02 06:00:00,1
s3://nasa-surya-bench/2015/04/20150402_1200.nc,2015-04-02 12:00:00,1
s3://nasa-surya-bench/2015/04/20150402_1800.nc,2015-04-02 18:00:00,1
s3://nasa-surya-bench/2015/04/20150403_0000.nc,2015-04-03 00:00:00,1
s3://nasa-surya-bench/2015/04/20150403_0600.nc,2015-04-03 06:00:00,1
s3://nasa-surya-bench/2015/04/20150403_1200.nc,2015-04-03 12:00:00,1
s3://nasa-surya-bench/2015/04/20150403_1800.nc,2015-04-03 18:00:00,1
s3://nasa-surya-bench/2015/04/20150404_0000.nc,2015-04-04 00:00:00,1
s3://nasa-surya-bench/2015/04/20150404_0600.nc,2015-04-04 06:00:00,1
s3://nasa-surya-bench/2015/04/20150404_1200.nc,2015-04-04 12:00:00,1
s3://nasa-surya-bench/2015/04/20150404_1800.nc,2015-04-04 18:00:00,1
s3://nasa-surya-bench/2015/04/20150405_0000.nc,2015-04-05 00:00:00,1
s3://nasa-surya-bench/2015/04/20150405_0600.nc,2015-04-05 06:00:00,1
s3://nasa-surya-bench/2015/04/20150405_1200.nc,2015-04-05 12:00:00,1
s3://nasa-surya-bench/2015/04/20150405_1800.nc,2015-04-05 18:00:00,1
s3://nasa-surya-bench/2015/04/20150406_0000.nc,2015-04-06 00:00:00,1
s3://nasa-surya-bench/2015/04/20150406_0600.nc,2015-04-06 06:00:00,1
s3://nasa-surya-bench/2015/04/20150406_1200.nc,2015-04-06 12:00:00,1
s3://nasa-surya-bench/2015/04/20150406_1800.nc,2015-04-06 18:00:00,1
s3://nasa-surya-bench/2015/04/20150407_0000.nc,2015-04-07 00:00:00,1
s3://nasa-surya-bench/2015/04/20150407_0600.nc,2015-04-07 06:00:00,1
s3://nasa-surya-bench/2015/04/20150407_1200.nc,2015-04-07 12:00:00,1
s3://nasa-surya-bench/2015/04/20150407_1800.nc,2015-04-07 18:00:00,1
s3://nasa-surya-bench/2015/04/20150408_0000.nc,2015-04-08 00:00:00,1
s3://nasa-surya-bench/2015/04/20150408_0600.nc,2015-04-08 06:00:00,1
s3://nasa-surya-bench/2015/04/20150408_1200.nc,2015-04-08 12:00:00,1
s3://nasa-surya-bench/2015/04/20150409_0000.nc,2015-04-09 00:00:00,1
s3://nasa-surya-bench/2015/04/20150409_0600.nc,2015-04-09 06:00:00,1
s3://nasa-surya-bench/2015/04/20150409_1200.nc,2015-04-09 12:00:00,1
s3://nasa-surya-bench/2015/04/20150409_1800.nc,2015-04-09 18:00:00,1
s3://nasa-surya-bench/2015/04/20150410_0000.nc,2015-04-10 00:00:00,1
s3://nasa-surya-bench/2015/04/20150410_0600.nc,2015-04-10 06:00:00,1
s3://nasa-surya-bench/2015/04/20150410_1200.nc,2015-04-10 12:00:00,1
s3://nasa-surya-bench/2015/04/20150410_1800.nc,2015-04-10 18:00:00,1
s3://nasa-surya-bench/2015/04/20150411_0000.nc,2015-04-11 00:00:00,1
s3://nasa-surya-bench/2015/04/20150411_0600.nc,2015-04-11 06:00:00,1
s3://nasa-surya-bench/2015/04/20150411_1200.nc,2015-04-11 12:00:00,1
s3://nasa-surya-bench/2015/04/20150411_1800.nc,2015-04-11 18:00:00,1
s3://nasa-surya-bench/2015/04/20150412_0000.nc,2015-04-12 00:00:00,1
s3://nasa-surya-bench/2015/04/20150412_0600.nc,2015-04-12 06:00:00,1
s3://nasa-surya-bench/2015/04/20150412_1200.nc,2015-04-12 12:00:00,1
s3://nasa-surya-bench/2015/04/20150412_1800.nc,2015-04-12 18:00:00,1
s3://nasa-surya-bench/2015/04/20150413_0000.nc,2015-04-13 00:00:00,1
s3://nasa-surya-bench/2015/04/20150413_0600.nc,2015-04-13 06:00:00,1
s3://nasa-surya-bench/2015/04/20150413_1200.nc,2015-04-13 12:00:00,1
s3://nasa-surya-bench/2015/04/20150413_1800.nc,2015-04-13 18:00:00,1
s3://nasa-surya-bench/2015/04/20150414_0000.nc,2015-04-14 00:00:00,1
s3://nasa-surya-bench/2015/04/20150414_0600.nc,2015-04-14 06:00:00,1
s3://nasa-surya-bench/2015/04/20150414_1200.nc,2015-04-14 12:00:00,1
s3://nasa-surya-bench/2015/04/20150414_1800.nc,2015-04-14 18:00:00,1
s3://nasa-surya-bench/2015/04/20150415_0000.nc,2015-04-15 00:00:00,1
s3://nasa-surya-bench/2015/04/20150415_0600.nc,2015-04-15 06:00:00,1
s3://nasa-surya-bench/2015/04/20150415_1200.nc,2015-04-15 12:00:00,1
s3://nasa-surya-bench/2015/04/20150416_0000.nc,2015-04-16 00:00:00,1
s3://nasa-surya-bench/2015/04/20150416_0600.nc,2015-04-16 06:00:00,1
s3://nasa-surya-bench/2015/04/20150416_1200.nc,2015-04-16 12:00:00,1
s3://nasa-surya-bench/2015/04/20150416_1800.nc,2015-04-16 18:00:00,1
s3://nasa-surya-bench/2015/04/20150417_0000.nc,2015-04-17 00:00:00,1
s3://nasa-surya-bench/2015/04/20150417_0600.nc,2015-04-17 06:00:00,1
s3://nasa-surya-bench/2015/04/20150417_1200.nc,2015-04-17 12:00:00,1
s3://nasa-surya-bench/2015/04/20150417_1800.nc,2015-04-17 18:00:00,1
s3://nasa-surya-bench/2015/04/20150418_0000.nc,2015-04-18 00:00:00,1
s3://nasa-surya-bench/2015/04/20150418_0600.nc,2015-04-18 06:00:00,1
s3://nasa-surya-bench/2015/04/20150418_1200.nc,2015-04-18 12:00:00,1
s3://nasa-surya-bench/2015/04/20150418_1800.nc,2015-04-18 18:00:00,1
s3://nasa-surya-bench/2015/04/20150419_0000.nc,2015-04-19 00:00:00,1
s3://nasa-surya-bench/2015/04/20150419_0600.nc,2015-04-19 06:00:00,1
s3://nasa-surya-bench/2015/04/20150419_1200.nc,2015-04-19 12:00:00,1
s3://nasa-surya-bench/2015/04/20150419_1800.nc,2015-04-19 18:00:00,1
s3://nasa-surya-bench/2015/04/20150420_0000.nc,2015-04-20 00:00:00,1
s3://nasa-surya-bench/2015/04/20150420_0600.nc,2015-04-20 06:00:00,1
s3://nasa-surya-bench/2015/04/20150420_1200.nc,2015-04-20 12:00:00,1
s3://nasa-surya-bench/2015/04/20150420_1800.nc,2015-04-20 18:00:00,1
s3://nasa-surya-bench/2015/04/20150421_0000.nc,2015-04-21 00:00:00,1
s3://nasa-surya-bench/2015/04/20150421_0600.nc,2015-04-21 06:00:00,1
s3://nasa-surya-bench/2015/04/20150421_1200.nc,2015-04-21 12:00:00,1
s3://nasa-surya-bench/2015/04/20150421_1800.nc,2015-04-21 18:00:00,1
s3://nasa-surya-bench/2015/04/20150422_0000.nc,2015-04-22 00:00:00,1
s3://nasa-surya-bench/2015/04/20150422_0600.nc,2015-04-22 06:00:00,1
s3://nasa-surya-bench/2015/04/20150422_1200.nc,2015-04-22 12:00:00,1
s3://nasa-surya-bench/2015/04/20150422_1800.nc,2015-04-22 18:00:00,1
s3://nasa-surya-bench/2015/04/20150423_0000.nc,2015-04-23 00:00:00,1
s3://nasa-surya-bench/2015/04/20150423_0600.nc,2015-04-23 06:00:00,1
s3://nasa-surya-bench/2015/04/20150423_1200.nc,2015-04-23 12:00:00,1
s3://nasa-surya-bench/2015/04/20150423_1800.nc,2015-04-23 18:00:00,1
s3://nasa-surya-bench/2015/04/20150424_0000.nc,2015-04-24 00:00:00,1
s3://nasa-surya-bench/2015/04/20150424_0600.nc,2015-04-24 06:00:00,1
s3://nasa-surya-bench/2015/04/20150424_1200.nc,2015-04-24 12:00:00,1
s3://nasa-surya-bench/2015/04/20150424_1800.nc,2015-04-24 18:00:00,1
s3://nasa-surya-bench/2015/04/20150425_0000.nc,2015-04-25 00:00:00,1
s3://nasa-surya-bench/2015/04/20150425_0600.nc,2015-04-25 06:00:00,1
s3://nasa-surya-bench/2015/04/20150425_1200.nc,2015-04-25 12:00:00,1
s3://nasa-surya-bench/2015/04/20150425_1800.nc,2015-04-25 18:00:00,1
s3://nasa-surya-bench/2015/04/20150426_0000.nc,2015-04-26 00:00:00,1
s3://nasa-surya-bench/2015/04/20150426_0600.nc,2015-04-26 06:00:00,1
s3://nasa-surya-bench/2015/04/20150426_1200.nc,2015-04-26 12:00:00,1
s3://nasa-surya-bench/2015/04/20150426_1800.nc,2015-04-26 18:00:00,1
s3://nasa-surya-bench/2015/04/20150427_0000.nc,2015-04-27 00:00:00,1
s3://nasa-surya-bench/2015/04/20150427_0600.nc,2015-04-27 06:00:00,1
s3://nasa-surya-bench/2015/04/20150427_1200.nc,2015-04-27 12:00:00,1
s3://nasa-surya-bench/2015/04/20150427_1800.nc,2015-04-27 18:00:00,1
s3://nasa-surya-bench/2015/04/20150428_0000.nc,2015-04-28 00:00:00,1
s3://nasa-surya-bench/2015/04/20150428_0600.nc,2015-04-28 06:00:00,1
s3://nasa-surya-bench/2015/04/20150428_1200.nc,2015-04-28 12:00:00,1
s3://nasa-surya-bench/2015/04/20150428_1800.nc,2015-04-28 18:00:00,1
s3://nasa-surya-bench/2015/04/20150429_0000.nc,2015-04-29 00:00:00,1
s3://nasa-surya-bench/2015/04/20150429_0600.nc,2015-04-29 06:00:00,1
s3://nasa-surya-bench/2015/04/20150429_1200.nc,2015-04-29 12:00:00,1
s3://nasa-surya-bench/2015/04/20150429_1800.nc,2015-04-29 18:00:00,1
s3://nasa-surya-bench/2015/04/20150430_0000.nc,2015-04-30 00:00:00,1
s3://nasa-surya-bench/2015/04/20150430_0600.nc,2015-04-30 06:00:00,1
s3://nasa-surya-bench/2015/04/20150430_1200.nc,2015-04-30 12:00:00,1
s3://nasa-surya-bench/2015/04/20150430_1800.nc,2015-04-30 18:00:00,1
s3://nasa-surya-bench/2015/05/20150501_0000.nc,2015-05-01 00:00:00,1
s3://nasa-surya-bench/2015/05/20150501_0600.nc,2015-05-01 06:00:00,1
s3://nasa-surya-bench/2015/05/20150501_1200.nc,2015-05-01 12:00:00,1
s3://nasa-surya-bench/2015/05/20150501_1800.nc,2015-05-01 18:00:00,1
s3://nasa-surya-bench/2015/05/20150502_0000.nc,2015-05-02 00:00:00,1
s3://nasa-surya-bench/2015/05/20150502_0600.nc,2015-05-02 06:00:00,1
s3://nasa-surya-bench/2015/05/20150502_1200.nc,2015-05-02 12:00:00,1
s3://nasa-surya-bench/2015/05/20150502_1800.nc,2015-05-02 18:00:00,1
s3://nasa-surya-bench/2015/05/20150503_0000.nc,2015-05-03 00:00:00,1
s3://nasa-surya-bench/2015/05/20150503_0600.nc,2015-05-03 06:00:00,1
s3://nasa-surya-bench/2015/05/20150503_1200.nc,2015-05-03 12:00:00,1
s3://nasa-surya-bench/2015/05/20150503_1800.nc,2015-05-03 18:00:00,1
s3://nasa-surya-bench/2015/05/20150504_0000.nc,2015-05-04 00:00:00,1
s3://nasa-surya-bench/2015/05/20150504_0600.nc,2015-05-04 06:00:00,1
s3://nasa-surya-bench/2015/05/20150504_1200.nc,2015-05-04 12:00:00,1
s3://nasa-surya-bench/2015/05/20150504_1800.nc,2015-05-04 18:00:00,1
s3://nasa-surya-bench/2015/05/20150505_0000.nc,2015-05-05 00:00:00,1
s3://nasa-surya-bench/2015/05/20150505_0600.nc,2015-05-05 06:00:00,1
s3://nasa-surya-bench/2015/05/20150505_1200.nc,2015-05-05 12:00:00,1
s3://nasa-surya-bench/2015/05/20150505_1800.nc,2015-05-05 18:00:00,1
s3://nasa-surya-bench/2015/05/20150506_0000.nc,2015-05-06 00:00:00,1
s3://nasa-surya-bench/2015/05/20150506_0600.nc,2015-05-06 06:00:00,1
s3://nasa-surya-bench/2015/05/20150506_1200.nc,2015-05-06 12:00:00,1
s3://nasa-surya-bench/2015/05/20150506_1800.nc,2015-05-06 18:00:00,1
s3://nasa-surya-bench/2015/05/20150507_0000.nc,2015-05-07 00:00:00,1
s3://nasa-surya-bench/2015/05/20150507_0600.nc,2015-05-07 06:00:00,1
s3://nasa-surya-bench/2015/05/20150507_1200.nc,2015-05-07 12:00:00,1
s3://nasa-surya-bench/2015/05/20150507_1800.nc,2015-05-07 18:00:00,1
s3://nasa-surya-bench/2015/05/20150508_0000.nc,2015-05-08 00:00:00,1
s3://nasa-surya-bench/2015/05/20150508_0600.nc,2015-05-08 06:00:00,1
s3://nasa-surya-bench/2015/05/20150508_1200.nc,2015-05-08 12:00:00,1
s3://nasa-surya-bench/2015/05/20150508_1800.nc,2015-05-08 18:00:00,1
s3://nasa-surya-bench/2015/05/20150509_0000.nc,2015-05-09 00:00:00,1
s3://nasa-surya-bench/2015/05/20150509_0600.nc,2015-05-09 06:00:00,1
s3://nasa-surya-bench/2015/05/20150509_1200.nc,2015-05-09 12:00:00,1
s3://nasa-surya-bench/2015/05/20150509_1800.nc,2015-05-09 18:00:00,1
s3://nasa-surya-bench/2015/05/20150510_0000.nc,2015-05-10 00:00:00,1
s3://nasa-surya-bench/2015/05/20150510_0600.nc,2015-05-10 06:00:00,1
s3://nasa-surya-bench/2015/05/20150510_1200.nc,2015-05-10 12:00:00,1
s3://nasa-surya-bench/2015/05/20150510_1800.nc,2015-05-10 18:00:00,1
s3://nasa-surya-bench/2015/05/20150511_0000.nc,2015-05-11 00:00:00,1
s3://nasa-surya-bench/2015/05/20150511_0600.nc,2015-05-11 06:00:00,1
s3://nasa-surya-bench/2015/05/20150511_1200.nc,2015-05-11 12:00:00,1
s3://nasa-surya-bench/2015/05/20150511_1800.nc,2015-05-11 18:00:00,1
s3://nasa-surya-bench/2015/05/20150512_0000.nc,2015-05-12 00:00:00,1
s3://nasa-surya-bench/2015/05/20150512_0600.nc,2015-05-12 06:00:00,1
s3://nasa-surya-bench/2015/05/20150512_1200.nc,2015-05-12 12:00:00,1
s3://nasa-surya-bench/2015/05/20150512_1800.nc,2015-05-12 18:00:00,1
s3://nasa-surya-bench/2015/05/20150513_0000.nc,2015-05-13 00:00:00,1
s3://nasa-surya-bench/2015/05/20150513_1200.nc,2015-05-13 12:00:00,1
s3://nasa-surya-bench/2015/05/20150513_1800.nc,2015-05-13 18:00:00,1
s3://nasa-surya-bench/2015/05/20150514_0000.nc,2015-05-14 00:00:00,1
s3://nasa-surya-bench/2015/05/20150514_0600.nc,2015-05-14 06:00:00,1
s3://nasa-surya-bench/2015/05/20150514_1200.nc,2015-05-14 12:00:00,1
s3://nasa-surya-bench/2015/05/20150514_1800.nc,2015-05-14 18:00:00,1
s3://nasa-surya-bench/2015/05/20150515_0000.nc,2015-05-15 00:00:00,1
s3://nasa-surya-bench/2015/05/20150515_0600.nc,2015-05-15 06:00:00,1
s3://nasa-surya-bench/2015/05/20150515_1200.nc,2015-05-15 12:00:00,1
s3://nasa-surya-bench/2015/05/20150515_1800.nc,2015-05-15 18:00:00,1
s3://nasa-surya-bench/2015/05/20150516_0000.nc,2015-05-16 00:00:00,1
s3://nasa-surya-bench/2015/05/20150516_0600.nc,2015-05-16 06:00:00,1
s3://nasa-surya-bench/2015/05/20150516_1200.nc,2015-05-16 12:00:00,1
s3://nasa-surya-bench/2015/05/20150516_1800.nc,2015-05-16 18:00:00,1
s3://nasa-surya-bench/2015/05/20150517_0000.nc,2015-05-17 00:00:00,1
s3://nasa-surya-bench/2015/05/20150517_0600.nc,2015-05-17 06:00:00,1
s3://nasa-surya-bench/2015/05/20150517_1200.nc,2015-05-17 12:00:00,1
s3://nasa-surya-bench/2015/05/20150517_1800.nc,2015-05-17 18:00:00,1
s3://nasa-surya-bench/2015/05/20150518_0000.nc,2015-05-18 00:00:00,1
s3://nasa-surya-bench/2015/05/20150518_0600.nc,2015-05-18 06:00:00,1
s3://nasa-surya-bench/2015/05/20150518_1200.nc,2015-05-18 12:00:00,1
s3://nasa-surya-bench/2015/05/20150518_1800.nc,2015-05-18 18:00:00,1
s3://nasa-surya-bench/2015/05/20150519_0000.nc,2015-05-19 00:00:00,1
s3://nasa-surya-bench/2015/05/20150519_0600.nc,2015-05-19 06:00:00,1
s3://nasa-surya-bench/2015/05/20150519_1200.nc,2015-05-19 12:00:00,1
s3://nasa-surya-bench/2015/05/20150519_1800.nc,2015-05-19 18:00:00,1
s3://nasa-surya-bench/2015/05/20150520_0000.nc,2015-05-20 00:00:00,1
s3://nasa-surya-bench/2015/05/20150520_0600.nc,2015-05-20 06:00:00,1
s3://nasa-surya-bench/2015/05/20150520_1200.nc,2015-05-20 12:00:00,1
s3://nasa-surya-bench/2015/05/20150521_0000.nc,2015-05-21 00:00:00,1
s3://nasa-surya-bench/2015/05/20150521_0600.nc,2015-05-21 06:00:00,1
s3://nasa-surya-bench/2015/05/20150521_1200.nc,2015-05-21 12:00:00,1
s3://nasa-surya-bench/2015/05/20150521_1800.nc,2015-05-21 18:00:00,1
s3://nasa-surya-bench/2015/05/20150522_0000.nc,2015-05-22 00:00:00,1
s3://nasa-surya-bench/2015/05/20150522_0600.nc,2015-05-22 06:00:00,1
s3://nasa-surya-bench/2015/05/20150522_1200.nc,2015-05-22 12:00:00,1
s3://nasa-surya-bench/2015/05/20150522_1800.nc,2015-05-22 18:00:00,1
s3://nasa-surya-bench/2015/05/20150523_0000.nc,2015-05-23 00:00:00,1
s3://nasa-surya-bench/2015/05/20150523_0600.nc,2015-05-23 06:00:00,1
s3://nasa-surya-bench/2015/05/20150523_1200.nc,2015-05-23 12:00:00,1
s3://nasa-surya-bench/2015/05/20150523_1800.nc,2015-05-23 18:00:00,1
s3://nasa-surya-bench/2015/05/20150524_0000.nc,2015-05-24 00:00:00,1
s3://nasa-surya-bench/2015/05/20150524_0600.nc,2015-05-24 06:00:00,1
s3://nasa-surya-bench/2015/05/20150524_1200.nc,2015-05-24 12:00:00,1
s3://nasa-surya-bench/2015/05/20150524_1800.nc,2015-05-24 18:00:00,1
s3://nasa-surya-bench/2015/05/20150525_0000.nc,2015-05-25 00:00:00,1
s3://nasa-surya-bench/2015/05/20150525_0600.nc,2015-05-25 06:00:00,1
s3://nasa-surya-bench/2015/05/20150525_1200.nc,2015-05-25 12:00:00,1
s3://nasa-surya-bench/2015/05/20150525_1800.nc,2015-05-25 18:00:00,1
s3://nasa-surya-bench/2015/05/20150526_0000.nc,2015-05-26 00:00:00,1
s3://nasa-surya-bench/2015/05/20150526_0600.nc,2015-05-26 06:00:00,1
s3://nasa-surya-bench/2015/05/20150526_1200.nc,2015-05-26 12:00:00,1
s3://nasa-surya-bench/2015/05/20150526_1800.nc,2015-05-26 18:00:00,1
s3://nasa-surya-bench/2015/05/20150527_0000.nc,2015-05-27 00:00:00,1
s3://nasa-surya-bench/2015/05/20150527_0600.nc,2015-05-27 06:00:00,1
s3://nasa-surya-bench/2015/05/20150527_1200.nc,2015-05-27 12:00:00,1
s3://nasa-surya-bench/2015/05/20150527_1800.nc,2015-05-27 18:00:00,1
s3://nasa-surya-bench/2015/05/20150528_0000.nc,2015-05-28 00:00:00,1
s3://nasa-surya-bench/2015/05/20150528_0600.nc,2015-05-28 06:00:00,1
s3://nasa-surya-bench/2015/05/20150528_1200.nc,2015-05-28 12:00:00,1
s3://nasa-surya-bench/2015/05/20150528_1800.nc,2015-05-28 18:00:00,1
s3://nasa-surya-bench/2015/05/20150529_0000.nc,2015-05-29 00:00:00,1
s3://nasa-surya-bench/2015/05/20150529_0600.nc,2015-05-29 06:00:00,1
s3://nasa-surya-bench/2015/05/20150529_1200.nc,2015-05-29 12:00:00,1
s3://nasa-surya-bench/2015/05/20150529_1800.nc,2015-05-29 18:00:00,1
s3://nasa-surya-bench/2015/05/20150530_0000.nc,2015-05-30 00:00:00,1
s3://nasa-surya-bench/2015/05/20150530_0600.nc,2015-05-30 06:00:00,1
s3://nasa-surya-bench/2015/05/20150530_1200.nc,2015-05-30 12:00:00,1
s3://nasa-surya-bench/2015/05/20150530_1800.nc,2015-05-30 18:00:00,1
s3://nasa-surya-bench/2015/05/20150531_0000.nc,2015-05-31 00:00:00,1
s3://nasa-surya-bench/2015/05/20150531_0600.nc,2015-05-31 06:00:00,1
s3://nasa-surya-bench/2015/05/20150531_1200.nc,2015-05-31 12:00:00,1
s3://nasa-surya-bench/2015/05/20150531_1800.nc,2015-05-31 18:00:00,1
s3://nasa-surya-bench/2015/06/20150601_0000.nc,2015-06-01 00:00:00,1
s3://nasa-surya-bench/2015/06/20150601_0600.nc,2015-06-01 06:00:00,1
s3://nasa-surya-bench/2015/06/20150601_1200.nc,2015-06-01 12:00:00,1
s3://nasa-surya-bench/2015/06/20150601_1800.nc,2015-06-01 18:00:00,1
s3://nasa-surya-bench/2015/06/20150602_0000.nc,2015-06-02 00:00:00,1
s3://nasa-surya-bench/2015/06/20150602_0600.nc,2015-06-02 06:00:00,1
s3://nasa-surya-bench/2015/06/20150602_1200.nc,2015-06-02 12:00:00,1
s3://nasa-surya-bench/2015/06/20150602_1800.nc,2015-06-02 18:00:00,1
s3://nasa-surya-bench/2015/06/20150603_0000.nc,2015-06-03 00:00:00,1
s3://nasa-surya-bench/2015/06/20150603_0600.nc,2015-06-03 06:00:00,1
s3://nasa-surya-bench/2015/06/20150603_1200.nc,2015-06-03 12:00:00,1
s3://nasa-surya-bench/2015/06/20150603_1800.nc,2015-06-03 18:00:00,1
s3://nasa-surya-bench/2015/06/20150604_0000.nc,2015-06-04 00:00:00,1
s3://nasa-surya-bench/2015/06/20150604_0600.nc,2015-06-04 06:00:00,1
s3://nasa-surya-bench/2015/06/20150604_1200.nc,2015-06-04 12:00:00,1
s3://nasa-surya-bench/2015/06/20150604_1800.nc,2015-06-04 18:00:00,1
s3://nasa-surya-bench/2015/06/20150605_0000.nc,2015-06-05 00:00:00,1
s3://nasa-surya-bench/2015/06/20150605_0600.nc,2015-06-05 06:00:00,1
s3://nasa-surya-bench/2015/06/20150605_1200.nc,2015-06-05 12:00:00,1
s3://nasa-surya-bench/2015/06/20150605_1800.nc,2015-06-05 18:00:00,1
s3://nasa-surya-bench/2015/06/20150606_0000.nc,2015-06-06 00:00:00,1
s3://nasa-surya-bench/2015/06/20150606_0600.nc,2015-06-06 06:00:00,1
s3://nasa-surya-bench/2015/06/20150606_1200.nc,2015-06-06 12:00:00,1
s3://nasa-surya-bench/2015/06/20150606_1800.nc,2015-06-06 18:00:00,1
s3://nasa-surya-bench/2015/06/20150607_0000.nc,2015-06-07 00:00:00,1
s3://nasa-surya-bench/2015/06/20150607_0600.nc,2015-06-07 06:00:00,1
s3://nasa-surya-bench/2015/06/20150607_1200.nc,2015-06-07 12:00:00,1
s3://nasa-surya-bench/2015/06/20150607_1800.nc,2015-06-07 18:00:00,1
s3://nasa-surya-bench/2015/06/20150608_0000.nc,2015-06-08 00:00:00,1
s3://nasa-surya-bench/2015/06/20150608_0600.nc,2015-06-08 06:00:00,1
s3://nasa-surya-bench/2015/06/20150608_1200.nc,2015-06-08 12:00:00,1
s3://nasa-surya-bench/2015/06/20150608_1800.nc,2015-06-08 18:00:00,1
s3://nasa-surya-bench/2015/06/20150609_0000.nc,2015-06-09 00:00:00,1
s3://nasa-surya-bench/2015/06/20150609_0600.nc,2015-06-09 06:00:00,1
s3://nasa-surya-bench/2015/06/20150609_1200.nc,2015-06-09 12:00:00,1
s3://nasa-surya-bench/2015/06/20150609_1800.nc,2015-06-09 18:00:00,1
s3://nasa-surya-bench/2015/06/20150610_0000.nc,2015-06-10 00:00:00,1
s3://nasa-surya-bench/2015/06/20150610_0600.nc,2015-06-10 06:00:00,1
s3://nasa-surya-bench/2015/06/20150610_1200.nc,2015-06-10 12:00:00,1
s3://nasa-surya-bench/2015/06/20150610_1800.nc,2015-06-10 18:00:00,1
s3://nasa-surya-bench/2015/06/20150611_0000.nc,2015-06-11 00:00:00,1
s3://nasa-surya-bench/2015/06/20150611_0600.nc,2015-06-11 06:00:00,1
s3://nasa-surya-bench/2015/06/20150611_1200.nc,2015-06-11 12:00:00,1
s3://nasa-surya-bench/2015/06/20150611_1800.nc,2015-06-11 18:00:00,1
s3://nasa-surya-bench/2015/06/20150612_0000.nc,2015-06-12 00:00:00,1
s3://nasa-surya-bench/2015/06/20150612_0600.nc,2015-06-12 06:00:00,1
s3://nasa-surya-bench/2015/06/20150612_1200.nc,2015-06-12 12:00:00,1
s3://nasa-surya-bench/2015/06/20150612_1800.nc,2015-06-12 18:00:00,1
s3://nasa-surya-bench/2015/06/20150613_0000.nc,2015-06-13 00:00:00,1
s3://nasa-surya-bench/2015/06/20150613_0600.nc,2015-06-13 06:00:00,1
s3://nasa-surya-bench/2015/06/20150613_1200.nc,2015-06-13 12:00:00,1
s3://nasa-surya-bench/2015/06/20150613_1800.nc,2015-06-13 18:00:00,1
s3://nasa-surya-bench/2015/06/20150614_0000.nc,2015-06-14 00:00:00,1
s3://nasa-surya-bench/2015/06/20150614_0600.nc,2015-06-14 06:00:00,1
s3://nasa-surya-bench/2015/06/20150614_1200.nc,2015-06-14 12:00:00,1
s3://nasa-surya-bench/2015/06/20150614_1800.nc,2015-06-14 18:00:00,1
s3://nasa-surya-bench/2015/06/20150615_0000.nc,2015-06-15 00:00:00,1
s3://nasa-surya-bench/2015/06/20150615_0600.nc,2015-06-15 06:00:00,1
s3://nasa-surya-bench/2015/06/20150615_1200.nc,2015-06-15 12:00:00,1
s3://nasa-surya-bench/2015/06/20150615_1800.nc,2015-06-15 18:00:00,1
s3://nasa-surya-bench/2015/06/20150616_0000.nc,2015-06-16 00:00:00,1
s3://nasa-surya-bench/2015/06/20150616_0600.nc,2015-06-16 06:00:00,1
s3://nasa-surya-bench/2015/06/20150616_1200.nc,2015-06-16 12:00:00,1
s3://nasa-surya-bench/2015/06/20150616_1800.nc,2015-06-16 18:00:00,1
s3://nasa-surya-bench/2015/06/20150617_0000.nc,2015-06-17 00:00:00,1
s3://nasa-surya-bench/2015/06/20150617_0600.nc,2015-06-17 06:00:00,1
s3://nasa-surya-bench/2015/06/20150617_1200.nc,2015-06-17 12:00:00,1
s3://nasa-surya-bench/2015/06/20150617_1800.nc,2015-06-17 18:00:00,1
s3://nasa-surya-bench/2015/06/20150618_0000.nc,2015-06-18 00:00:00,1
s3://nasa-surya-bench/2015/06/20150618_0600.nc,2015-06-18 06:00:00,1
s3://nasa-surya-bench/2015/06/20150618_1200.nc,2015-06-18 12:00:00,1
s3://nasa-surya-bench/2015/06/20150618_1800.nc,2015-06-18 18:00:00,1
s3://nasa-surya-bench/2015/06/20150619_0000.nc,2015-06-19 00:00:00,1
s3://nasa-surya-bench/2015/06/20150619_0600.nc,2015-06-19 06:00:00,1
s3://nasa-surya-bench/2015/06/20150619_1200.nc,2015-06-19 12:00:00,1
s3://nasa-surya-bench/2015/06/20150619_1800.nc,2015-06-19 18:00:00,1
s3://nasa-surya-bench/2015/06/20150620_0000.nc,2015-06-20 00:00:00,1
s3://nasa-surya-bench/2015/06/20150620_0600.nc,2015-06-20 06:00:00,1
s3://nasa-surya-bench/2015/06/20150620_1200.nc,2015-06-20 12:00:00,1
s3://nasa-surya-bench/2015/06/20150620_1800.nc,2015-06-20 18:00:00,1
s3://nasa-surya-bench/2015/06/20150621_0000.nc,2015-06-21 00:00:00,1
s3://nasa-surya-bench/2015/06/20150621_0600.nc,2015-06-21 06:00:00,1
s3://nasa-surya-bench/2015/06/20150621_1200.nc,2015-06-21 12:00:00,1
s3://nasa-surya-bench/2015/06/20150621_1800.nc,2015-06-21 18:00:00,1
s3://nasa-surya-bench/2015/06/20150622_0000.nc,2015-06-22 00:00:00,1
s3://nasa-surya-bench/2015/06/20150622_0600.nc,2015-06-22 06:00:00,1
s3://nasa-surya-bench/2015/06/20150622_1200.nc,2015-06-22 12:00:00,1
s3://nasa-surya-bench/2015/06/20150622_1800.nc,2015-06-22 18:00:00,1
s3://nasa-surya-bench/2015/06/20150623_0000.nc,2015-06-23 00:00:00,1
s3://nasa-surya-bench/2015/06/20150623_0600.nc,2015-06-23 06:00:00,1
s3://nasa-surya-bench/2015/06/20150623_1200.nc,2015-06-23 12:00:00,1
s3://nasa-surya-bench/2015/06/20150623_1800.nc,2015-06-23 18:00:00,1
s3://nasa-surya-bench/2015/06/20150624_0000.nc,2015-06-24 00:00:00,1
s3://nasa-surya-bench/2015/06/20150624_0600.nc,2015-06-24 06:00:00,1
s3://nasa-surya-bench/2015/06/20150624_1200.nc,2015-06-24 12:00:00,1
s3://nasa-surya-bench/2015/06/20150624_1800.nc,2015-06-24 18:00:00,1
s3://nasa-surya-bench/2015/06/20150625_0000.nc,2015-06-25 00:00:00,1
s3://nasa-surya-bench/2015/06/20150625_0600.nc,2015-06-25 06:00:00,1
s3://nasa-surya-bench/2015/06/20150625_1200.nc,2015-06-25 12:00:00,1
s3://nasa-surya-bench/2015/06/20150625_1800.nc,2015-06-25 18:00:00,1
s3://nasa-surya-bench/2015/06/20150626_0000.nc,2015-06-26 00:00:00,1
s3://nasa-surya-bench/2015/06/20150626_0600.nc,2015-06-26 06:00:00,1
s3://nasa-surya-bench/2015/06/20150626_1200.nc,2015-06-26 12:00:00,1
s3://nasa-surya-bench/2015/06/20150626_1800.nc,2015-06-26 18:00:00,1
s3://nasa-surya-bench/2015/06/20150627_0000.nc,2015-06-27 00:00:00,1
s3://nasa-surya-bench/2015/06/20150627_0600.nc,2015-06-27 06:00:00,1
s3://nasa-surya-bench/2015/06/20150627_1200.nc,2015-06-27 12:00:00,1
s3://nasa-surya-bench/2015/06/20150627_1800.nc,2015-06-27 18:00:00,1
s3://nasa-surya-bench/2015/06/20150628_0000.nc,2015-06-28 00:00:00,1
s3://nasa-surya-bench/2015/06/20150628_0600.nc,2015-06-28 06:00:00,1
s3://nasa-surya-bench/2015/06/20150628_1200.nc,2015-06-28 12:00:00,1
s3://nasa-surya-bench/2015/06/20150628_1800.nc,2015-06-28 18:00:00,1
s3://nasa-surya-bench/2015/06/20150629_0000.nc,2015-06-29 00:00:00,1
s3://nasa-surya-bench/2015/06/20150629_0600.nc,2015-06-29 06:00:00,1
s3://nasa-surya-bench/2015/06/20150629_1200.nc,2015-06-29 12:00:00,1
s3://nasa-surya-bench/2015/06/20150629_1800.nc,2015-06-29 18:00:00,1
s3://nasa-surya-bench/2015/06/20150630_0000.nc,2015-06-30 00:00:00,1
s3://nasa-surya-bench/2015/06/20150630_0600.nc,2015-06-30 06:00:00,1
s3://nasa-surya-bench/2015/06/20150630_1200.nc,2015-06-30 12:00:00,1
s3://nasa-surya-bench/2015/06/20150630_1800.nc,2015-06-30 18:00:00,1
s3://nasa-surya-bench/2015/07/20150701_0000.nc,2015-07-01 00:00:00,1
s3://nasa-surya-bench/2015/07/20150701_0600.nc,2015-07-01 06:00:00,1
s3://nasa-surya-bench/2015/07/20150701_1200.nc,2015-07-01 12:00:00,1
s3://nasa-surya-bench/2015/07/20150702_0000.nc,2015-07-02 00:00:00,1
s3://nasa-surya-bench/2015/07/20150702_0600.nc,2015-07-02 06:00:00,1
s3://nasa-surya-bench/2015/07/20150702_1200.nc,2015-07-02 12:00:00,1
s3://nasa-surya-bench/2015/07/20150702_1800.nc,2015-07-02 18:00:00,1
s3://nasa-surya-bench/2015/07/20150703_0000.nc,2015-07-03 00:00:00,1
s3://nasa-surya-bench/2015/07/20150703_0600.nc,2015-07-03 06:00:00,1
s3://nasa-surya-bench/2015/07/20150703_1200.nc,2015-07-03 12:00:00,1
s3://nasa-surya-bench/2015/07/20150703_1800.nc,2015-07-03 18:00:00,1
s3://nasa-surya-bench/2015/07/20150704_0000.nc,2015-07-04 00:00:00,1
s3://nasa-surya-bench/2015/07/20150704_0600.nc,2015-07-04 06:00:00,1
s3://nasa-surya-bench/2015/07/20150704_1200.nc,2015-07-04 12:00:00,1
s3://nasa-surya-bench/2015/07/20150704_1800.nc,2015-07-04 18:00:00,1
s3://nasa-surya-bench/2015/07/20150705_0000.nc,2015-07-05 00:00:00,1
s3://nasa-surya-bench/2015/07/20150705_0600.nc,2015-07-05 06:00:00,1
s3://nasa-surya-bench/2015/07/20150705_1200.nc,2015-07-05 12:00:00,1
s3://nasa-surya-bench/2015/07/20150705_1800.nc,2015-07-05 18:00:00,1
s3://nasa-surya-bench/2015/08/20150806_1200.nc,2015-08-06 12:00:00,1
s3://nasa-surya-bench/2015/08/20150806_1800.nc,2015-08-06 18:00:00,1
s3://nasa-surya-bench/2015/08/20150807_0000.nc,2015-08-07 00:00:00,1
s3://nasa-surya-bench/2015/08/20150807_0600.nc,2015-08-07 06:00:00,1
s3://nasa-surya-bench/2015/08/20150807_1200.nc,2015-08-07 12:00:00,1
s3://nasa-surya-bench/2015/08/20150807_1800.nc,2015-08-07 18:00:00,1
s3://nasa-surya-bench/2015/08/20150808_0000.nc,2015-08-08 00:00:00,1
s3://nasa-surya-bench/2015/08/20150808_0600.nc,2015-08-08 06:00:00,1
s3://nasa-surya-bench/2015/08/20150808_1200.nc,2015-08-08 12:00:00,1
s3://nasa-surya-bench/2015/08/20150808_1800.nc,2015-08-08 18:00:00,1
s3://nasa-surya-bench/2015/08/20150809_0000.nc,2015-08-09 00:00:00,1
s3://nasa-surya-bench/2015/08/20150809_0600.nc,2015-08-09 06:00:00,1
s3://nasa-surya-bench/2015/08/20150809_1200.nc,2015-08-09 12:00:00,1
s3://nasa-surya-bench/2015/08/20150809_1800.nc,2015-08-09 18:00:00,1
s3://nasa-surya-bench/2015/08/20150810_0000.nc,2015-08-10 00:00:00,1
s3://nasa-surya-bench/2015/08/20150810_0600.nc,2015-08-10 06:00:00,1
s3://nasa-surya-bench/2015/08/20150810_1200.nc,2015-08-10 12:00:00,1
s3://nasa-surya-bench/2015/08/20150810_1800.nc,2015-08-10 18:00:00,1
s3://nasa-surya-bench/2015/08/20150811_0000.nc,2015-08-11 00:00:00,1
s3://nasa-surya-bench/2015/08/20150811_0600.nc,2015-08-11 06:00:00,1
s3://nasa-surya-bench/2015/08/20150811_1200.nc,2015-08-11 12:00:00,1
s3://nasa-surya-bench/2015/08/20150811_1800.nc,2015-08-11 18:00:00,1
s3://nasa-surya-bench/2015/08/20150812_0000.nc,2015-08-12 00:00:00,1
s3://nasa-surya-bench/2015/08/20150812_0600.nc,2015-08-12 06:00:00,1
s3://nasa-surya-bench/2015/08/20150812_1200.nc,2015-08-12 12:00:00,1
s3://nasa-surya-bench/2015/08/20150812_1800.nc,2015-08-12 18:00:00,1
s3://nasa-surya-bench/2015/08/20150813_0000.nc,2015-08-13 00:00:00,1
s3://nasa-surya-bench/2015/08/20150813_0600.nc,2015-08-13 06:00:00,1
s3://nasa-surya-bench/2015/08/20150813_1200.nc,2015-08-13 12:00:00,1
s3://nasa-surya-bench/2015/08/20150813_1800.nc,2015-08-13 18:00:00,1
s3://nasa-surya-bench/2015/08/20150814_0000.nc,2015-08-14 00:00:00,1
s3://nasa-surya-bench/2015/08/20150814_0600.nc,2015-08-14 06:00:00,1
s3://nasa-surya-bench/2015/08/20150814_1200.nc,2015-08-14 12:00:00,1
s3://nasa-surya-bench/2015/08/20150814_1800.nc,2015-08-14 18:00:00,1
s3://nasa-surya-bench/2015/08/20150815_0000.nc,2015-08-15 00:00:00,1
s3://nasa-surya-bench/2015/08/20150815_0600.nc,2015-08-15 06:00:00,1
s3://nasa-surya-bench/2015/08/20150815_1200.nc,2015-08-15 12:00:00,1
s3://nasa-surya-bench/2015/08/20150815_1800.nc,2015-08-15 18:00:00,1
s3://nasa-surya-bench/2015/08/20150816_0000.nc,2015-08-16 00:00:00,1
s3://nasa-surya-bench/2015/08/20150816_0600.nc,2015-08-16 06:00:00,1
s3://nasa-surya-bench/2015/08/20150816_1200.nc,2015-08-16 12:00:00,1
s3://nasa-surya-bench/2015/08/20150816_1800.nc,2015-08-16 18:00:00,1
s3://nasa-surya-bench/2015/08/20150817_0000.nc,2015-08-17 00:00:00,1
s3://nasa-surya-bench/2015/08/20150817_0600.nc,2015-08-17 06:00:00,1
s3://nasa-surya-bench/2015/08/20150817_1200.nc,2015-08-17 12:00:00,1
s3://nasa-surya-bench/2015/08/20150817_1800.nc,2015-08-17 18:00:00,1
s3://nasa-surya-bench/2015/08/20150818_0000.nc,2015-08-18 00:00:00,1
s3://nasa-surya-bench/2015/08/20150818_0600.nc,2015-08-18 06:00:00,1
s3://nasa-surya-bench/2015/08/20150818_1200.nc,2015-08-18 12:00:00,1
s3://nasa-surya-bench/2015/08/20150818_1800.nc,2015-08-18 18:00:00,1
s3://nasa-surya-bench/2015/08/20150819_0000.nc,2015-08-19 00:00:00,1
s3://nasa-surya-bench/2015/08/20150819_0600.nc,2015-08-19 06:00:00,1
s3://nasa-surya-bench/2015/08/20150819_1200.nc,2015-08-19 12:00:00,1
s3://nasa-surya-bench/2015/08/20150819_1800.nc,2015-08-19 18:00:00,1
s3://nasa-surya-bench/2015/08/20150820_0000.nc,2015-08-20 00:00:00,1
s3://nasa-surya-bench/2015/08/20150820_0600.nc,2015-08-20 06:00:00,1
s3://nasa-surya-bench/2015/08/20150820_1200.nc,2015-08-20 12:00:00,1
s3://nasa-surya-bench/2015/08/20150820_1800.nc,2015-08-20 18:00:00,1
s3://nasa-surya-bench/2015/08/20150821_0000.nc,2015-08-21 00:00:00,1
s3://nasa-surya-bench/2015/08/20150821_0600.nc,2015-08-21 06:00:00,1
s3://nasa-surya-bench/2015/08/20150821_1200.nc,2015-08-21 12:00:00,1
s3://nasa-surya-bench/2015/08/20150821_1800.nc,2015-08-21 18:00:00,1
s3://nasa-surya-bench/2015/08/20150822_0000.nc,2015-08-22 00:00:00,1
s3://nasa-surya-bench/2015/08/20150822_0600.nc,2015-08-22 06:00:00,1
s3://nasa-surya-bench/2015/08/20150822_1200.nc,2015-08-22 12:00:00,1
s3://nasa-surya-bench/2015/08/20150822_1800.nc,2015-08-22 18:00:00,1
s3://nasa-surya-bench/2015/08/20150823_0000.nc,2015-08-23 00:00:00,1
s3://nasa-surya-bench/2015/08/20150823_0600.nc,2015-08-23 06:00:00,1
s3://nasa-surya-bench/2015/08/20150823_1200.nc,2015-08-23 12:00:00,1
s3://nasa-surya-bench/2015/08/20150823_1800.nc,2015-08-23 18:00:00,1
s3://nasa-surya-bench/2015/08/20150824_0000.nc,2015-08-24 00:00:00,1
s3://nasa-surya-bench/2015/08/20150824_0600.nc,2015-08-24 06:00:00,1
s3://nasa-surya-bench/2015/08/20150824_1200.nc,2015-08-24 12:00:00,1
s3://nasa-surya-bench/2015/08/20150824_1800.nc,2015-08-24 18:00:00,1
s3://nasa-surya-bench/2015/08/20150825_0000.nc,2015-08-25 00:00:00,1
s3://nasa-surya-bench/2015/08/20150825_0600.nc,2015-08-25 06:00:00,1
s3://nasa-surya-bench/2015/08/20150825_1200.nc,2015-08-25 12:00:00,1
s3://nasa-surya-bench/2015/08/20150825_1800.nc,2015-08-25 18:00:00,1
s3://nasa-surya-bench/2015/08/20150826_0000.nc,2015-08-26 00:00:00,1
s3://nasa-surya-bench/2015/08/20150826_0600.nc,2015-08-26 06:00:00,1
s3://nasa-surya-bench/2015/08/20150826_1200.nc,2015-08-26 12:00:00,1
s3://nasa-surya-bench/2015/08/20150826_1800.nc,2015-08-26 18:00:00,1
s3://nasa-surya-bench/2015/08/20150827_0000.nc,2015-08-27 00:00:00,1
s3://nasa-surya-bench/2015/08/20150827_0600.nc,2015-08-27 06:00:00,1
s3://nasa-surya-bench/2015/08/20150827_1200.nc,2015-08-27 12:00:00,1
s3://nasa-surya-bench/2015/08/20150827_1800.nc,2015-08-27 18:00:00,1
s3://nasa-surya-bench/2015/08/20150828_0000.nc,2015-08-28 00:00:00,1
s3://nasa-surya-bench/2015/08/20150828_0600.nc,2015-08-28 06:00:00,1
s3://nasa-surya-bench/2015/08/20150828_1200.nc,2015-08-28 12:00:00,1
s3://nasa-surya-bench/2015/08/20150828_1800.nc,2015-08-28 18:00:00,1
s3://nasa-surya-bench/2015/08/20150829_0000.nc,2015-08-29 00:00:00,1
s3://nasa-surya-bench/2015/08/20150829_0600.nc,2015-08-29 06:00:00,1
s3://nasa-surya-bench/2015/08/20150829_1200.nc,2015-08-29 12:00:00,1
s3://nasa-surya-bench/2015/08/20150829_1800.nc,2015-08-29 18:00:00,1
s3://nasa-surya-bench/2015/08/20150830_0000.nc,2015-08-30 00:00:00,1
s3://nasa-surya-bench/2015/08/20150830_0600.nc,2015-08-30 06:00:00,1
s3://nasa-surya-bench/2015/08/20150830_1200.nc,2015-08-30 12:00:00,1
s3://nasa-surya-bench/2015/08/20150830_1800.nc,2015-08-30 18:00:00,1
s3://nasa-surya-bench/2015/08/20150831_0000.nc,2015-08-31 00:00:00,1
s3://nasa-surya-bench/2015/08/20150831_0600.nc,2015-08-31 06:00:00,1
s3://nasa-surya-bench/2015/08/20150831_1200.nc,2015-08-31 12:00:00,1
s3://nasa-surya-bench/2015/08/20150831_1800.nc,2015-08-31 18:00:00,1
s3://nasa-surya-bench/2015/09/20150901_0000.nc,2015-09-01 00:00:00,1
s3://nasa-surya-bench/2015/09/20150901_0600.nc,2015-09-01 06:00:00,1
s3://nasa-surya-bench/2015/09/20150901_1200.nc,2015-09-01 12:00:00,1
s3://nasa-surya-bench/2015/09/20150901_1800.nc,2015-09-01 18:00:00,1
s3://nasa-surya-bench/2015/09/20150902_0000.nc,2015-09-02 00:00:00,1
s3://nasa-surya-bench/2015/09/20150902_0600.nc,2015-09-02 06:00:00,1
s3://nasa-surya-bench/2015/09/20150902_1200.nc,2015-09-02 12:00:00,1
s3://nasa-surya-bench/2015/09/20150902_1800.nc,2015-09-02 18:00:00,1
s3://nasa-surya-bench/2015/09/20150903_0000.nc,2015-09-03 00:00:00,1
s3://nasa-surya-bench/2015/09/20150903_0600.nc,2015-09-03 06:00:00,1
s3://nasa-surya-bench/2015/09/20150903_1200.nc,2015-09-03 12:00:00,1
s3://nasa-surya-bench/2015/09/20150903_1800.nc,2015-09-03 18:00:00,1
s3://nasa-surya-bench/2015/09/20150904_0000.nc,2015-09-04 00:00:00,1
s3://nasa-surya-bench/2015/09/20150904_0600.nc,2015-09-04 06:00:00,1
s3://nasa-surya-bench/2015/09/20150904_1200.nc,2015-09-04 12:00:00,1
s3://nasa-surya-bench/2015/09/20150904_1800.nc,2015-09-04 18:00:00,1
s3://nasa-surya-bench/2015/09/20150905_0000.nc,2015-09-05 00:00:00,1
s3://nasa-surya-bench/2015/09/20150905_0600.nc,2015-09-05 06:00:00,1
s3://nasa-surya-bench/2015/09/20150905_1200.nc,2015-09-05 12:00:00,1
s3://nasa-surya-bench/2015/09/20150905_1800.nc,2015-09-05 18:00:00,1
s3://nasa-surya-bench/2015/09/20150906_0000.nc,2015-09-06 00:00:00,1
s3://nasa-surya-bench/2015/09/20150906_0600.nc,2015-09-06 06:00:00,1
s3://nasa-surya-bench/2015/09/20150906_1200.nc,2015-09-06 12:00:00,1
s3://nasa-surya-bench/2015/09/20150906_1800.nc,2015-09-06 18:00:00,1
s3://nasa-surya-bench/2015/09/20150907_0000.nc,2015-09-07 00:00:00,1
s3://nasa-surya-bench/2015/09/20150907_0600.nc,2015-09-07 06:00:00,1
s3://nasa-surya-bench/2015/09/20150907_1200.nc,2015-09-07 12:00:00,1
s3://nasa-surya-bench/2015/09/20150908_0000.nc,2015-09-08 00:00:00,1
s3://nasa-surya-bench/2015/09/20150908_0600.nc,2015-09-08 06:00:00,1
s3://nasa-surya-bench/2015/09/20150908_1200.nc,2015-09-08 12:00:00,1
s3://nasa-surya-bench/2015/09/20150908_1800.nc,2015-09-08 18:00:00,1
s3://nasa-surya-bench/2015/09/20150909_0000.nc,2015-09-09 00:00:00,1
s3://nasa-surya-bench/2015/09/20150909_0600.nc,2015-09-09 06:00:00,1
s3://nasa-surya-bench/2015/09/20150909_1200.nc,2015-09-09 12:00:00,1
s3://nasa-surya-bench/2015/09/20150909_1800.nc,2015-09-09 18:00:00,1
s3://nasa-surya-bench/2015/09/20150910_0000.nc,2015-09-10 00:00:00,1
s3://nasa-surya-bench/2015/09/20150910_0600.nc,2015-09-10 06:00:00,1
s3://nasa-surya-bench/2015/09/20150910_1200.nc,2015-09-10 12:00:00,1
s3://nasa-surya-bench/2015/09/20150910_1800.nc,2015-09-10 18:00:00,1
s3://nasa-surya-bench/2015/09/20150911_0000.nc,2015-09-11 00:00:00,1
s3://nasa-surya-bench/2015/09/20150911_0600.nc,2015-09-11 06:00:00,1
s3://nasa-surya-bench/2015/09/20150911_1200.nc,2015-09-11 12:00:00,1
s3://nasa-surya-bench/2015/09/20150911_1800.nc,2015-09-11 18:00:00,1
s3://nasa-surya-bench/2015/09/20150912_0000.nc,2015-09-12 00:00:00,1
s3://nasa-surya-bench/2015/09/20150912_0600.nc,2015-09-12 06:00:00,1
s3://nasa-surya-bench/2015/09/20150912_1200.nc,2015-09-12 12:00:00,1
s3://nasa-surya-bench/2015/09/20150912_1800.nc,2015-09-12 18:00:00,1
s3://nasa-surya-bench/2015/09/20150913_0000.nc,2015-09-13 00:00:00,1
s3://nasa-surya-bench/2015/09/20150913_0600.nc,2015-09-13 06:00:00,1
s3://nasa-surya-bench/2015/09/20150913_1200.nc,2015-09-13 12:00:00,1
s3://nasa-surya-bench/2015/09/20150913_1800.nc,2015-09-13 18:00:00,1
s3://nasa-surya-bench/2015/09/20150914_0000.nc,2015-09-14 00:00:00,1
s3://nasa-surya-bench/2015/09/20150914_0600.nc,2015-09-14 06:00:00,1
s3://nasa-surya-bench/2015/09/20150914_1200.nc,2015-09-14 12:00:00,1
s3://nasa-surya-bench/2015/09/20150914_1800.nc,2015-09-14 18:00:00,1
s3://nasa-surya-bench/2015/09/20150915_0000.nc,2015-09-15 00:00:00,1
s3://nasa-surya-bench/2015/09/20150915_0600.nc,2015-09-15 06:00:00,1
s3://nasa-surya-bench/2015/09/20150915_1200.nc,2015-09-15 12:00:00,1
s3://nasa-surya-bench/2015/09/20150915_1800.nc,2015-09-15 18:00:00,1
s3://nasa-surya-bench/2015/09/20150916_0000.nc,2015-09-16 00:00:00,1
s3://nasa-surya-bench/2015/09/20150916_0600.nc,2015-09-16 06:00:00,1
s3://nasa-surya-bench/2015/09/20150916_1200.nc,2015-09-16 12:00:00,1
s3://nasa-surya-bench/2015/09/20150916_1800.nc,2015-09-16 18:00:00,1
s3://nasa-surya-bench/2015/09/20150917_0000.nc,2015-09-17 00:00:00,1
s3://nasa-surya-bench/2015/09/20150917_0600.nc,2015-09-17 06:00:00,1
s3://nasa-surya-bench/2015/09/20150917_1200.nc,2015-09-17 12:00:00,1
s3://nasa-surya-bench/2015/09/20150917_1800.nc,2015-09-17 18:00:00,1
s3://nasa-surya-bench/2015/09/20150918_0000.nc,2015-09-18 00:00:00,1
s3://nasa-surya-bench/2015/09/20150918_0600.nc,2015-09-18 06:00:00,1
s3://nasa-surya-bench/2015/09/20150918_1200.nc,2015-09-18 12:00:00,1
s3://nasa-surya-bench/2015/09/20150918_1800.nc,2015-09-18 18:00:00,1
s3://nasa-surya-bench/2015/09/20150919_0000.nc,2015-09-19 00:00:00,1
s3://nasa-surya-bench/2015/09/20150919_0600.nc,2015-09-19 06:00:00,1
s3://nasa-surya-bench/2015/09/20150919_1200.nc,2015-09-19 12:00:00,1
s3://nasa-surya-bench/2015/09/20150919_1800.nc,2015-09-19 18:00:00,1
s3://nasa-surya-bench/2015/09/20150920_0000.nc,2015-09-20 00:00:00,1
s3://nasa-surya-bench/2015/09/20150920_0600.nc,2015-09-20 06:00:00,1
s3://nasa-surya-bench/2015/09/20150920_1200.nc,2015-09-20 12:00:00,1
s3://nasa-surya-bench/2015/09/20150920_1800.nc,2015-09-20 18:00:00,1
s3://nasa-surya-bench/2015/09/20150921_0000.nc,2015-09-21 00:00:00,1
s3://nasa-surya-bench/2015/09/20150921_0600.nc,2015-09-21 06:00:00,1
s3://nasa-surya-bench/2015/09/20150921_1200.nc,2015-09-21 12:00:00,1
s3://nasa-surya-bench/2015/09/20150921_1800.nc,2015-09-21 18:00:00,1
s3://nasa-surya-bench/2015/09/20150922_0000.nc,2015-09-22 00:00:00,1
s3://nasa-surya-bench/2015/09/20150922_0600.nc,2015-09-22 06:00:00,1
s3://nasa-surya-bench/2015/09/20150922_1200.nc,2015-09-22 12:00:00,1
s3://nasa-surya-bench/2015/09/20150922_1800.nc,2015-09-22 18:00:00,1
s3://nasa-surya-bench/2015/09/20150923_0000.nc,2015-09-23 00:00:00,1
s3://nasa-surya-bench/2015/09/20150923_0600.nc,2015-09-23 06:00:00,1
s3://nasa-surya-bench/2015/09/20150923_1200.nc,2015-09-23 12:00:00,1
s3://nasa-surya-bench/2015/09/20150923_1800.nc,2015-09-23 18:00:00,1
s3://nasa-surya-bench/2015/09/20150924_0000.nc,2015-09-24 00:00:00,1
s3://nasa-surya-bench/2015/09/20150924_0600.nc,2015-09-24 06:00:00,1
s3://nasa-surya-bench/2015/09/20150924_1200.nc,2015-09-24 12:00:00,1
s3://nasa-surya-bench/2015/09/20150924_1800.nc,2015-09-24 18:00:00,1
s3://nasa-surya-bench/2015/09/20150925_0000.nc,2015-09-25 00:00:00,1
s3://nasa-surya-bench/2015/09/20150925_0600.nc,2015-09-25 06:00:00,1
s3://nasa-surya-bench/2015/09/20150925_1200.nc,2015-09-25 12:00:00,1
s3://nasa-surya-bench/2015/09/20150925_1800.nc,2015-09-25 18:00:00,1
s3://nasa-surya-bench/2015/09/20150926_0000.nc,2015-09-26 00:00:00,1
s3://nasa-surya-bench/2015/09/20150926_0600.nc,2015-09-26 06:00:00,1
s3://nasa-surya-bench/2015/09/20150926_1200.nc,2015-09-26 12:00:00,1
s3://nasa-surya-bench/2015/09/20150926_1800.nc,2015-09-26 18:00:00,1
s3://nasa-surya-bench/2015/09/20150927_0000.nc,2015-09-27 00:00:00,1
s3://nasa-surya-bench/2015/09/20150927_0600.nc,2015-09-27 06:00:00,1
s3://nasa-surya-bench/2015/09/20150927_1200.nc,2015-09-27 12:00:00,1
s3://nasa-surya-bench/2015/09/20150927_1800.nc,2015-09-27 18:00:00,1
s3://nasa-surya-bench/2015/09/20150928_0000.nc,2015-09-28 00:00:00,1
s3://nasa-surya-bench/2015/09/20150928_0600.nc,2015-09-28 06:00:00,1
s3://nasa-surya-bench/2015/09/20150928_1200.nc,2015-09-28 12:00:00,1
s3://nasa-surya-bench/2015/09/20150928_1800.nc,2015-09-28 18:00:00,1
s3://nasa-surya-bench/2015/09/20150929_0000.nc,2015-09-29 00:00:00,1
s3://nasa-surya-bench/2015/09/20150929_0600.nc,2015-09-29 06:00:00,1
s3://nasa-surya-bench/2015/09/20150929_1200.nc,2015-09-29 12:00:00,1
s3://nasa-surya-bench/2015/09/20150929_1800.nc,2015-09-29 18:00:00,1
s3://nasa-surya-bench/2015/09/20150930_0000.nc,2015-09-30 00:00:00,1
s3://nasa-surya-bench/2015/09/20150930_0600.nc,2015-09-30 06:00:00,1
s3://nasa-surya-bench/2015/09/20150930_1200.nc,2015-09-30 12:00:00,1
s3://nasa-surya-bench/2015/09/20150930_1800.nc,2015-09-30 18:00:00,1
s3://nasa-surya-bench/2015/10/20151002_0000.nc,2015-10-02 00:00:00,1
s3://nasa-surya-bench/2015/10/20151002_0600.nc,2015-10-02 06:00:00,1
s3://nasa-surya-bench/2015/10/20151002_1200.nc,2015-10-02 12:00:00,1
s3://nasa-surya-bench/2015/10/20151002_1800.nc,2015-10-02 18:00:00,1
s3://nasa-surya-bench/2015/10/20151003_0000.nc,2015-10-03 00:00:00,1
s3://nasa-surya-bench/2015/10/20151003_0600.nc,2015-10-03 06:00:00,1
s3://nasa-surya-bench/2015/10/20151003_1200.nc,2015-10-03 12:00:00,1
s3://nasa-surya-bench/2015/10/20151003_1800.nc,2015-10-03 18:00:00,1
s3://nasa-surya-bench/2015/10/20151004_0000.nc,2015-10-04 00:00:00,1
s3://nasa-surya-bench/2015/10/20151004_0600.nc,2015-10-04 06:00:00,1
s3://nasa-surya-bench/2015/10/20151004_1200.nc,2015-10-04 12:00:00,1
s3://nasa-surya-bench/2015/10/20151004_1800.nc,2015-10-04 18:00:00,1
s3://nasa-surya-bench/2015/10/20151005_0000.nc,2015-10-05 00:00:00,1
s3://nasa-surya-bench/2015/10/20151005_0600.nc,2015-10-05 06:00:00,1
s3://nasa-surya-bench/2015/10/20151005_1200.nc,2015-10-05 12:00:00,1
s3://nasa-surya-bench/2015/10/20151005_1800.nc,2015-10-05 18:00:00,1
s3://nasa-surya-bench/2015/10/20151006_0000.nc,2015-10-06 00:00:00,1
s3://nasa-surya-bench/2015/10/20151006_0600.nc,2015-10-06 06:00:00,1
s3://nasa-surya-bench/2015/10/20151006_1200.nc,2015-10-06 12:00:00,1
s3://nasa-surya-bench/2015/10/20151006_1800.nc,2015-10-06 18:00:00,1
s3://nasa-surya-bench/2015/10/20151007_0000.nc,2015-10-07 00:00:00,1
s3://nasa-surya-bench/2015/10/20151007_0600.nc,2015-10-07 06:00:00,1
s3://nasa-surya-bench/2015/10/20151007_1200.nc,2015-10-07 12:00:00,1
s3://nasa-surya-bench/2015/10/20151008_0000.nc,2015-10-08 00:00:00,1
s3://nasa-surya-bench/2015/10/20151008_0600.nc,2015-10-08 06:00:00,1
s3://nasa-surya-bench/2015/10/20151008_1200.nc,2015-10-08 12:00:00,1
s3://nasa-surya-bench/2015/10/20151008_1800.nc,2015-10-08 18:00:00,1
s3://nasa-surya-bench/2015/10/20151009_0000.nc,2015-10-09 00:00:00,1
s3://nasa-surya-bench/2015/10/20151009_0600.nc,2015-10-09 06:00:00,1
s3://nasa-surya-bench/2015/10/20151009_1200.nc,2015-10-09 12:00:00,1
s3://nasa-surya-bench/2015/10/20151009_1800.nc,2015-10-09 18:00:00,1
s3://nasa-surya-bench/2015/10/20151010_0000.nc,2015-10-10 00:00:00,1
s3://nasa-surya-bench/2015/10/20151010_0600.nc,2015-10-10 06:00:00,1
s3://nasa-surya-bench/2015/10/20151010_1200.nc,2015-10-10 12:00:00,1
s3://nasa-surya-bench/2015/10/20151010_1800.nc,2015-10-10 18:00:00,1
s3://nasa-surya-bench/2015/10/20151011_0000.nc,2015-10-11 00:00:00,1
s3://nasa-surya-bench/2015/10/20151011_0600.nc,2015-10-11 06:00:00,1
s3://nasa-surya-bench/2015/10/20151011_1200.nc,2015-10-11 12:00:00,1
s3://nasa-surya-bench/2015/10/20151011_1800.nc,2015-10-11 18:00:00,1
s3://nasa-surya-bench/2015/10/20151012_0000.nc,2015-10-12 00:00:00,1
s3://nasa-surya-bench/2015/10/20151012_0600.nc,2015-10-12 06:00:00,1
s3://nasa-surya-bench/2015/10/20151012_1200.nc,2015-10-12 12:00:00,1
s3://nasa-surya-bench/2015/10/20151012_1800.nc,2015-10-12 18:00:00,1
s3://nasa-surya-bench/2015/10/20151013_0000.nc,2015-10-13 00:00:00,1
s3://nasa-surya-bench/2015/10/20151013_0600.nc,2015-10-13 06:00:00,1
s3://nasa-surya-bench/2015/10/20151013_1200.nc,2015-10-13 12:00:00,1
s3://nasa-surya-bench/2015/10/20151013_1800.nc,2015-10-13 18:00:00,1
s3://nasa-surya-bench/2015/10/20151014_0000.nc,2015-10-14 00:00:00,1
s3://nasa-surya-bench/2015/10/20151014_0600.nc,2015-10-14 06:00:00,1
s3://nasa-surya-bench/2015/10/20151014_1200.nc,2015-10-14 12:00:00,1
s3://nasa-surya-bench/2015/10/20151014_1800.nc,2015-10-14 18:00:00,1
s3://nasa-surya-bench/2015/10/20151015_0000.nc,2015-10-15 00:00:00,1
s3://nasa-surya-bench/2015/10/20151015_0600.nc,2015-10-15 06:00:00,1
s3://nasa-surya-bench/2015/10/20151015_1200.nc,2015-10-15 12:00:00,1
s3://nasa-surya-bench/2015/10/20151015_1800.nc,2015-10-15 18:00:00,1
s3://nasa-surya-bench/2015/10/20151016_0000.nc,2015-10-16 00:00:00,1
s3://nasa-surya-bench/2015/10/20151016_0600.nc,2015-10-16 06:00:00,1
s3://nasa-surya-bench/2015/10/20151016_1200.nc,2015-10-16 12:00:00,1
s3://nasa-surya-bench/2015/10/20151016_1800.nc,2015-10-16 18:00:00,1
s3://nasa-surya-bench/2015/10/20151017_0000.nc,2015-10-17 00:00:00,1
s3://nasa-surya-bench/2015/10/20151017_0600.nc,2015-10-17 06:00:00,1
s3://nasa-surya-bench/2015/10/20151017_1200.nc,2015-10-17 12:00:00,1
s3://nasa-surya-bench/2015/10/20151017_1800.nc,2015-10-17 18:00:00,1
s3://nasa-surya-bench/2015/10/20151018_0000.nc,2015-10-18 00:00:00,1
s3://nasa-surya-bench/2015/10/20151018_0600.nc,2015-10-18 06:00:00,1
s3://nasa-surya-bench/2015/10/20151018_1200.nc,2015-10-18 12:00:00,1
s3://nasa-surya-bench/2015/10/20151018_1800.nc,2015-10-18 18:00:00,1
s3://nasa-surya-bench/2015/10/20151019_0000.nc,2015-10-19 00:00:00,1
s3://nasa-surya-bench/2015/10/20151019_0600.nc,2015-10-19 06:00:00,1
s3://nasa-surya-bench/2015/10/20151019_1200.nc,2015-10-19 12:00:00,1
s3://nasa-surya-bench/2015/10/20151019_1800.nc,2015-10-19 18:00:00,1
s3://nasa-surya-bench/2015/10/20151020_0000.nc,2015-10-20 00:00:00,1
s3://nasa-surya-bench/2015/10/20151020_0600.nc,2015-10-20 06:00:00,1
s3://nasa-surya-bench/2015/10/20151020_1200.nc,2015-10-20 12:00:00,1
s3://nasa-surya-bench/2015/10/20151020_1800.nc,2015-10-20 18:00:00,1
s3://nasa-surya-bench/2015/10/20151021_0000.nc,2015-10-21 00:00:00,1
s3://nasa-surya-bench/2015/10/20151021_0600.nc,2015-10-21 06:00:00,1
s3://nasa-surya-bench/2015/10/20151021_1200.nc,2015-10-21 12:00:00,1
s3://nasa-surya-bench/2015/10/20151021_1800.nc,2015-10-21 18:00:00,1
s3://nasa-surya-bench/2015/10/20151022_0000.nc,2015-10-22 00:00:00,1
s3://nasa-surya-bench/2015/10/20151022_0600.nc,2015-10-22 06:00:00,1
s3://nasa-surya-bench/2015/10/20151022_1200.nc,2015-10-22 12:00:00,1
s3://nasa-surya-bench/2015/10/20151022_1800.nc,2015-10-22 18:00:00,1
s3://nasa-surya-bench/2015/10/20151023_0000.nc,2015-10-23 00:00:00,1
s3://nasa-surya-bench/2015/10/20151023_0600.nc,2015-10-23 06:00:00,1
s3://nasa-surya-bench/2015/10/20151023_1200.nc,2015-10-23 12:00:00,1
s3://nasa-surya-bench/2015/10/20151023_1800.nc,2015-10-23 18:00:00,1
s3://nasa-surya-bench/2015/10/20151024_0000.nc,2015-10-24 00:00:00,1
s3://nasa-surya-bench/2015/10/20151024_0600.nc,2015-10-24 06:00:00,1
s3://nasa-surya-bench/2015/10/20151024_1200.nc,2015-10-24 12:00:00,1
s3://nasa-surya-bench/2015/10/20151024_1800.nc,2015-10-24 18:00:00,1
s3://nasa-surya-bench/2015/10/20151025_0000.nc,2015-10-25 00:00:00,1
s3://nasa-surya-bench/2015/10/20151025_0600.nc,2015-10-25 06:00:00,1
s3://nasa-surya-bench/2015/10/20151025_1200.nc,2015-10-25 12:00:00,1
s3://nasa-surya-bench/2015/10/20151025_1800.nc,2015-10-25 18:00:00,1
s3://nasa-surya-bench/2015/10/20151026_0000.nc,2015-10-26 00:00:00,1
s3://nasa-surya-bench/2015/10/20151026_0600.nc,2015-10-26 06:00:00,1
s3://nasa-surya-bench/2015/10/20151026_1200.nc,2015-10-26 12:00:00,1
s3://nasa-surya-bench/2015/10/20151026_1800.nc,2015-10-26 18:00:00,1
s3://nasa-surya-bench/2015/10/20151027_0000.nc,2015-10-27 00:00:00,1
s3://nasa-surya-bench/2015/10/20151027_0600.nc,2015-10-27 06:00:00,1
s3://nasa-surya-bench/2015/10/20151027_1200.nc,2015-10-27 12:00:00,1
s3://nasa-surya-bench/2015/10/20151027_1800.nc,2015-10-27 18:00:00,1
s3://nasa-surya-bench/2015/10/20151028_0000.nc,2015-10-28 00:00:00,1
s3://nasa-surya-bench/2015/10/20151028_0600.nc,2015-10-28 06:00:00,1
s3://nasa-surya-bench/2015/10/20151029_0000.nc,2015-10-29 00:00:00,1
s3://nasa-surya-bench/2015/10/20151029_0600.nc,2015-10-29 06:00:00,1
s3://nasa-surya-bench/2015/10/20151029_1200.nc,2015-10-29 12:00:00,1
s3://nasa-surya-bench/2015/10/20151029_1800.nc,2015-10-29 18:00:00,1
s3://nasa-surya-bench/2015/10/20151030_0000.nc,2015-10-30 00:00:00,1
s3://nasa-surya-bench/2015/10/20151030_0600.nc,2015-10-30 06:00:00,1
s3://nasa-surya-bench/2015/10/20151030_1200.nc,2015-10-30 12:00:00,1
s3://nasa-surya-bench/2015/10/20151030_1800.nc,2015-10-30 18:00:00,1
s3://nasa-surya-bench/2015/10/20151031_0000.nc,2015-10-31 00:00:00,1
s3://nasa-surya-bench/2015/10/20151031_0600.nc,2015-10-31 06:00:00,1
s3://nasa-surya-bench/2015/10/20151031_1200.nc,2015-10-31 12:00:00,1
s3://nasa-surya-bench/2015/10/20151031_1800.nc,2015-10-31 18:00:00,1
s3://nasa-surya-bench/2015/11/20151101_0000.nc,2015-11-01 00:00:00,1
s3://nasa-surya-bench/2015/11/20151101_0600.nc,2015-11-01 06:00:00,1
s3://nasa-surya-bench/2015/11/20151101_1200.nc,2015-11-01 12:00:00,1
s3://nasa-surya-bench/2015/11/20151101_1800.nc,2015-11-01 18:00:00,1
s3://nasa-surya-bench/2015/11/20151102_0000.nc,2015-11-02 00:00:00,1
s3://nasa-surya-bench/2015/11/20151102_0600.nc,2015-11-02 06:00:00,1
s3://nasa-surya-bench/2015/11/20151102_1200.nc,2015-11-02 12:00:00,1
s3://nasa-surya-bench/2015/11/20151102_1800.nc,2015-11-02 18:00:00,1
s3://nasa-surya-bench/2015/11/20151103_0000.nc,2015-11-03 00:00:00,1
s3://nasa-surya-bench/2015/11/20151103_0600.nc,2015-11-03 06:00:00,1
s3://nasa-surya-bench/2015/11/20151103_1200.nc,2015-11-03 12:00:00,1
s3://nasa-surya-bench/2015/11/20151103_1800.nc,2015-11-03 18:00:00,1
s3://nasa-surya-bench/2015/11/20151104_0000.nc,2015-11-04 00:00:00,1
s3://nasa-surya-bench/2015/11/20151104_0600.nc,2015-11-04 06:00:00,1
s3://nasa-surya-bench/2015/11/20151104_1200.nc,2015-11-04 12:00:00,1
s3://nasa-surya-bench/2015/11/20151104_1800.nc,2015-11-04 18:00:00,1
s3://nasa-surya-bench/2015/11/20151105_0000.nc,2015-11-05 00:00:00,1
s3://nasa-surya-bench/2015/11/20151105_0600.nc,2015-11-05 06:00:00,1
s3://nasa-surya-bench/2015/11/20151105_1200.nc,2015-11-05 12:00:00,1
s3://nasa-surya-bench/2015/11/20151105_1800.nc,2015-11-05 18:00:00,1
s3://nasa-surya-bench/2015/11/20151106_0000.nc,2015-11-06 00:00:00,1
s3://nasa-surya-bench/2015/11/20151106_0600.nc,2015-11-06 06:00:00,1
s3://nasa-surya-bench/2015/11/20151106_1200.nc,2015-11-06 12:00:00,1
s3://nasa-surya-bench/2015/11/20151106_1800.nc,2015-11-06 18:00:00,1
s3://nasa-surya-bench/2015/11/20151107_0000.nc,2015-11-07 00:00:00,1
s3://nasa-surya-bench/2015/11/20151107_0600.nc,2015-11-07 06:00:00,1
s3://nasa-surya-bench/2015/11/20151107_1200.nc,2015-11-07 12:00:00,1
s3://nasa-surya-bench/2015/11/20151107_1800.nc,2015-11-07 18:00:00,1
s3://nasa-surya-bench/2015/11/20151108_0000.nc,2015-11-08 00:00:00,1
s3://nasa-surya-bench/2015/11/20151108_0600.nc,2015-11-08 06:00:00,1
s3://nasa-surya-bench/2015/11/20151108_1200.nc,2015-11-08 12:00:00,1
s3://nasa-surya-bench/2015/11/20151108_1800.nc,2015-11-08 18:00:00,1
s3://nasa-surya-bench/2015/11/20151109_0000.nc,2015-11-09 00:00:00,1
s3://nasa-surya-bench/2015/11/20151109_0600.nc,2015-11-09 06:00:00,1
s3://nasa-surya-bench/2015/11/20151109_1200.nc,2015-11-09 12:00:00,1
s3://nasa-surya-bench/2015/11/20151110_0000.nc,2015-11-10 00:00:00,1
s3://nasa-surya-bench/2015/11/20151110_0600.nc,2015-11-10 06:00:00,1
s3://nasa-surya-bench/2015/11/20151110_1200.nc,2015-11-10 12:00:00,1
s3://nasa-surya-bench/2015/11/20151110_1800.nc,2015-11-10 18:00:00,1
s3://nasa-surya-bench/2015/11/20151111_0000.nc,2015-11-11 00:00:00,1
s3://nasa-surya-bench/2015/11/20151111_0600.nc,2015-11-11 06:00:00,1
s3://nasa-surya-bench/2015/11/20151111_1200.nc,2015-11-11 12:00:00,1
s3://nasa-surya-bench/2015/11/20151111_1800.nc,2015-11-11 18:00:00,1
s3://nasa-surya-bench/2015/11/20151112_0000.nc,2015-11-12 00:00:00,1
s3://nasa-surya-bench/2015/11/20151112_0600.nc,2015-11-12 06:00:00,1
s3://nasa-surya-bench/2015/11/20151112_1200.nc,2015-11-12 12:00:00,1
s3://nasa-surya-bench/2015/11/20151112_1800.nc,2015-11-12 18:00:00,1
s3://nasa-surya-bench/2015/11/20151113_0000.nc,2015-11-13 00:00:00,1
s3://nasa-surya-bench/2015/11/20151113_0600.nc,2015-11-13 06:00:00,1
s3://nasa-surya-bench/2015/11/20151113_1200.nc,2015-11-13 12:00:00,1
s3://nasa-surya-bench/2015/11/20151113_1800.nc,2015-11-13 18:00:00,1
s3://nasa-surya-bench/2015/11/20151114_0000.nc,2015-11-14 00:00:00,1
s3://nasa-surya-bench/2015/11/20151114_0600.nc,2015-11-14 06:00:00,1
s3://nasa-surya-bench/2015/11/20151114_1200.nc,2015-11-14 12:00:00,1
s3://nasa-surya-bench/2015/11/20151114_1800.nc,2015-11-14 18:00:00,1
s3://nasa-surya-bench/2015/11/20151115_0000.nc,2015-11-15 00:00:00,1
s3://nasa-surya-bench/2015/11/20151115_0600.nc,2015-11-15 06:00:00,1
s3://nasa-surya-bench/2015/11/20151115_1200.nc,2015-11-15 12:00:00,1
s3://nasa-surya-bench/2015/11/20151115_1800.nc,2015-11-15 18:00:00,1
s3://nasa-surya-bench/2015/11/20151116_0000.nc,2015-11-16 00:00:00,1
s3://nasa-surya-bench/2015/11/20151116_0600.nc,2015-11-16 06:00:00,1
s3://nasa-surya-bench/2015/11/20151116_1200.nc,2015-11-16 12:00:00,1
s3://nasa-surya-bench/2015/11/20151116_1800.nc,2015-11-16 18:00:00,1
s3://nasa-surya-bench/2015/11/20151117_0000.nc,2015-11-17 00:00:00,1
s3://nasa-surya-bench/2015/11/20151117_0600.nc,2015-11-17 06:00:00,1
s3://nasa-surya-bench/2015/11/20151117_1200.nc,2015-11-17 12:00:00,1
s3://nasa-surya-bench/2015/11/20151117_1800.nc,2015-11-17 18:00:00,1
s3://nasa-surya-bench/2015/11/20151118_0000.nc,2015-11-18 00:00:00,1
s3://nasa-surya-bench/2015/11/20151118_0600.nc,2015-11-18 06:00:00,1
s3://nasa-surya-bench/2015/11/20151118_1200.nc,2015-11-18 12:00:00,1
s3://nasa-surya-bench/2015/11/20151118_1800.nc,2015-11-18 18:00:00,1
s3://nasa-surya-bench/2015/11/20151119_0000.nc,2015-11-19 00:00:00,1
s3://nasa-surya-bench/2015/11/20151119_0600.nc,2015-11-19 06:00:00,1
s3://nasa-surya-bench/2015/12/20151220_1800.nc,2015-12-20 18:00:00,1
s3://nasa-surya-bench/2015/12/20151221_0000.nc,2015-12-21 00:00:00,1
s3://nasa-surya-bench/2015/12/20151221_0600.nc,2015-12-21 06:00:00,1
s3://nasa-surya-bench/2015/12/20151221_1200.nc,2015-12-21 12:00:00,1
s3://nasa-surya-bench/2015/12/20151222_0000.nc,2015-12-22 00:00:00,1
s3://nasa-surya-bench/2015/12/20151222_0600.nc,2015-12-22 06:00:00,1
s3://nasa-surya-bench/2015/12/20151222_1200.nc,2015-12-22 12:00:00,1
s3://nasa-surya-bench/2015/12/20151222_1800.nc,2015-12-22 18:00:00,1
s3://nasa-surya-bench/2015/12/20151223_0000.nc,2015-12-23 00:00:00,1
s3://nasa-surya-bench/2015/12/20151223_0600.nc,2015-12-23 06:00:00,1
s3://nasa-surya-bench/2015/12/20151223_1200.nc,2015-12-23 12:00:00,1
s3://nasa-surya-bench/2015/12/20151223_1800.nc,2015-12-23 18:00:00,1
s3://nasa-surya-bench/2015/12/20151224_0000.nc,2015-12-24 00:00:00,1
s3://nasa-surya-bench/2015/12/20151224_0600.nc,2015-12-24 06:00:00,1
s3://nasa-surya-bench/2015/12/20151224_1200.nc,2015-12-24 12:00:00,1
s3://nasa-surya-bench/2015/12/20151224_1800.nc,2015-12-24 18:00:00,1
s3://nasa-surya-bench/2015/12/20151225_0000.nc,2015-12-25 00:00:00,1
s3://nasa-surya-bench/2015/12/20151225_0600.nc,2015-12-25 06:00:00,1
s3://nasa-surya-bench/2015/12/20151225_1200.nc,2015-12-25 12:00:00,1
s3://nasa-surya-bench/2015/12/20151225_1800.nc,2015-12-25 18:00:00,1
s3://nasa-surya-bench/2015/12/20151226_0000.nc,2015-12-26 00:00:00,1
s3://nasa-surya-bench/2015/12/20151226_0600.nc,2015-12-26 06:00:00,1
s3://nasa-surya-bench/2015/12/20151226_1200.nc,2015-12-26 12:00:00,1
s3://nasa-surya-bench/2015/12/20151226_1800.nc,2015-12-26 18:00:00,1
s3://nasa-surya-bench/2015/12/20151228_0600.nc,2015-12-28 06:00:00,1
s3://nasa-surya-bench/2015/12/20151228_1200.nc,2015-12-28 12:00:00,1
s3://nasa-surya-bench/2015/12/20151228_1800.nc,2015-12-28 18:00:00,1
s3://nasa-surya-bench/2015/12/20151229_0000.nc,2015-12-29 00:00:00,1
s3://nasa-surya-bench/2015/12/20151229_0600.nc,2015-12-29 06:00:00,1
s3://nasa-surya-bench/2015/12/20151229_1200.nc,2015-12-29 12:00:00,1
s3://nasa-surya-bench/2015/12/20151229_1800.nc,2015-12-29 18:00:00,1
s3://nasa-surya-bench/2015/12/20151230_0000.nc,2015-12-30 00:00:00,1
s3://nasa-surya-bench/2015/12/20151230_0600.nc,2015-12-30 06:00:00,1
s3://nasa-surya-bench/2015/12/20151230_1200.nc,2015-12-30 12:00:00,1
s3://nasa-surya-bench/2015/12/20151230_1800.nc,2015-12-30 18:00:00,1
s3://nasa-surya-bench/2015/12/20151231_0000.nc,2015-12-31 00:00:00,1
s3://nasa-surya-bench/2015/12/20151231_0600.nc,2015-12-31 06:00:00,1
s3://nasa-surya-bench/2015/12/20151231_1200.nc,2015-12-31 12:00:00,1
s3://nasa-surya-bench/2015/12/20151231_1800.nc,2015-12-31 18:00:00,1
s3://nasa-surya-bench/2016/01/20160101_0000.nc,2016-01-01 00:00:00,1
s3://nasa-surya-bench/2016/01/20160101_0600.nc,2016-01-01 06:00:00,1
s3://nasa-surya-bench/2016/01/20160101_1200.nc,2016-01-01 12:00:00,1
s3://nasa-surya-bench/2016/01/20160101_1800.nc,2016-01-01 18:00:00,1
s3://nasa-surya-bench/2016/01/20160102_0000.nc,2016-01-02 00:00:00,1
s3://nasa-surya-bench/2016/01/20160102_0600.nc,2016-01-02 06:00:00,1
s3://nasa-surya-bench/2016/01/20160102_1200.nc,2016-01-02 12:00:00,1
s3://nasa-surya-bench/2016/01/20160102_1800.nc,2016-01-02 18:00:00,1
s3://nasa-surya-bench/2016/01/20160103_0000.nc,2016-01-03 00:00:00,1
s3://nasa-surya-bench/2016/01/20160103_0600.nc,2016-01-03 06:00:00,1
s3://nasa-surya-bench/2016/01/20160103_1200.nc,2016-01-03 12:00:00,1
s3://nasa-surya-bench/2016/01/20160103_1800.nc,2016-01-03 18:00:00,1
s3://nasa-surya-bench/2016/01/20160104_0000.nc,2016-01-04 00:00:00,1
s3://nasa-surya-bench/2016/01/20160104_0600.nc,2016-01-04 06:00:00,1
s3://nasa-surya-bench/2016/01/20160104_1200.nc,2016-01-04 12:00:00,1
s3://nasa-surya-bench/2016/01/20160105_0000.nc,2016-01-05 00:00:00,1
s3://nasa-surya-bench/2016/01/20160105_0600.nc,2016-01-05 06:00:00,1
s3://nasa-surya-bench/2016/01/20160105_1200.nc,2016-01-05 12:00:00,1
s3://nasa-surya-bench/2016/01/20160105_1800.nc,2016-01-05 18:00:00,1
s3://nasa-surya-bench/2016/01/20160106_0000.nc,2016-01-06 00:00:00,1
s3://nasa-surya-bench/2016/01/20160106_0600.nc,2016-01-06 06:00:00,1
s3://nasa-surya-bench/2016/01/20160106_1200.nc,2016-01-06 12:00:00,1
s3://nasa-surya-bench/2016/01/20160107_0000.nc,2016-01-07 00:00:00,1
s3://nasa-surya-bench/2016/01/20160107_0600.nc,2016-01-07 06:00:00,1
s3://nasa-surya-bench/2016/01/20160107_1200.nc,2016-01-07 12:00:00,1
s3://nasa-surya-bench/2016/01/20160107_1800.nc,2016-01-07 18:00:00,1
s3://nasa-surya-bench/2016/01/20160108_0000.nc,2016-01-08 00:00:00,1
s3://nasa-surya-bench/2016/01/20160108_0600.nc,2016-01-08 06:00:00,1
s3://nasa-surya-bench/2016/01/20160108_1200.nc,2016-01-08 12:00:00,1
s3://nasa-surya-bench/2016/01/20160108_1800.nc,2016-01-08 18:00:00,1
s3://nasa-surya-bench/2016/01/20160109_0000.nc,2016-01-09 00:00:00,1
s3://nasa-surya-bench/2016/01/20160109_0600.nc,2016-01-09 06:00:00,1
s3://nasa-surya-bench/2016/01/20160109_1200.nc,2016-01-09 12:00:00,1
s3://nasa-surya-bench/2016/01/20160109_1800.nc,2016-01-09 18:00:00,1
s3://nasa-surya-bench/2016/01/20160110_0000.nc,2016-01-10 00:00:00,1
s3://nasa-surya-bench/2016/01/20160110_0600.nc,2016-01-10 06:00:00,1
s3://nasa-surya-bench/2016/01/20160110_1200.nc,2016-01-10 12:00:00,1
s3://nasa-surya-bench/2016/01/20160110_1800.nc,2016-01-10 18:00:00,1
s3://nasa-surya-bench/2016/01/20160111_0000.nc,2016-01-11 00:00:00,1
s3://nasa-surya-bench/2016/01/20160111_0600.nc,2016-01-11 06:00:00,1
s3://nasa-surya-bench/2016/01/20160111_1200.nc,2016-01-11 12:00:00,1
s3://nasa-surya-bench/2016/01/20160111_1800.nc,2016-01-11 18:00:00,1
s3://nasa-surya-bench/2016/01/20160112_0000.nc,2016-01-12 00:00:00,1
s3://nasa-surya-bench/2016/01/20160112_0600.nc,2016-01-12 06:00:00,1
s3://nasa-surya-bench/2016/01/20160112_1200.nc,2016-01-12 12:00:00,1
s3://nasa-surya-bench/2016/01/20160112_1800.nc,2016-01-12 18:00:00,1
s3://nasa-surya-bench/2016/01/20160113_0000.nc,2016-01-13 00:00:00,1
s3://nasa-surya-bench/2016/01/20160113_0600.nc,2016-01-13 06:00:00,1
s3://nasa-surya-bench/2016/01/20160113_1200.nc,2016-01-13 12:00:00,1
s3://nasa-surya-bench/2016/01/20160114_0000.nc,2016-01-14 00:00:00,1
s3://nasa-surya-bench/2016/01/20160114_0600.nc,2016-01-14 06:00:00,1
s3://nasa-surya-bench/2016/01/20160114_1200.nc,2016-01-14 12:00:00,1
s3://nasa-surya-bench/2016/01/20160114_1800.nc,2016-01-14 18:00:00,1
s3://nasa-surya-bench/2016/01/20160115_0000.nc,2016-01-15 00:00:00,1
s3://nasa-surya-bench/2016/01/20160115_0600.nc,2016-01-15 06:00:00,1
s3://nasa-surya-bench/2016/01/20160115_1200.nc,2016-01-15 12:00:00,1
s3://nasa-surya-bench/2016/01/20160115_1800.nc,2016-01-15 18:00:00,1
s3://nasa-surya-bench/2016/01/20160116_0000.nc,2016-01-16 00:00:00,1
s3://nasa-surya-bench/2016/01/20160116_0600.nc,2016-01-16 06:00:00,1
s3://nasa-surya-bench/2016/01/20160116_1200.nc,2016-01-16 12:00:00,1
s3://nasa-surya-bench/2016/01/20160116_1800.nc,2016-01-16 18:00:00,1
s3://nasa-surya-bench/2016/01/20160117_0000.nc,2016-01-17 00:00:00,1
s3://nasa-surya-bench/2016/01/20160117_0600.nc,2016-01-17 06:00:00,1
s3://nasa-surya-bench/2016/01/20160117_1200.nc,2016-01-17 12:00:00,1
s3://nasa-surya-bench/2016/01/20160117_1800.nc,2016-01-17 18:00:00,1
s3://nasa-surya-bench/2016/01/20160118_0000.nc,2016-01-18 00:00:00,1
s3://nasa-surya-bench/2016/01/20160118_0600.nc,2016-01-18 06:00:00,1
s3://nasa-surya-bench/2016/01/20160118_1200.nc,2016-01-18 12:00:00,1
s3://nasa-surya-bench/2016/01/20160118_1800.nc,2016-01-18 18:00:00,1
s3://nasa-surya-bench/2016/01/20160119_0000.nc,2016-01-19 00:00:00,1
s3://nasa-surya-bench/2016/01/20160119_0600.nc,2016-01-19 06:00:00,1
s3://nasa-surya-bench/2016/01/20160119_1200.nc,2016-01-19 12:00:00,1
s3://nasa-surya-bench/2016/01/20160119_1800.nc,2016-01-19 18:00:00,1
s3://nasa-surya-bench/2016/01/20160120_0000.nc,2016-01-20 00:00:00,1
s3://nasa-surya-bench/2016/01/20160120_0600.nc,2016-01-20 06:00:00,1
s3://nasa-surya-bench/2016/01/20160120_1200.nc,2016-01-20 12:00:00,1
s3://nasa-surya-bench/2016/01/20160121_0000.nc,2016-01-21 00:00:00,1
s3://nasa-surya-bench/2016/01/20160121_0600.nc,2016-01-21 06:00:00,1
s3://nasa-surya-bench/2016/01/20160121_1200.nc,2016-01-21 12:00:00,1
s3://nasa-surya-bench/2016/01/20160121_1800.nc,2016-01-21 18:00:00,1
s3://nasa-surya-bench/2016/01/20160122_0000.nc,2016-01-22 00:00:00,1
s3://nasa-surya-bench/2016/01/20160122_0600.nc,2016-01-22 06:00:00,1
s3://nasa-surya-bench/2016/01/20160122_1200.nc,2016-01-22 12:00:00,1
s3://nasa-surya-bench/2016/01/20160122_1800.nc,2016-01-22 18:00:00,1
s3://nasa-surya-bench/2016/01/20160123_0000.nc,2016-01-23 00:00:00,1
s3://nasa-surya-bench/2016/01/20160123_0600.nc,2016-01-23 06:00:00,1
s3://nasa-surya-bench/2016/01/20160123_1200.nc,2016-01-23 12:00:00,1
s3://nasa-surya-bench/2016/01/20160123_1800.nc,2016-01-23 18:00:00,1
s3://nasa-surya-bench/2016/01/20160124_0000.nc,2016-01-24 00:00:00,1
s3://nasa-surya-bench/2016/01/20160124_0600.nc,2016-01-24 06:00:00,1
s3://nasa-surya-bench/2016/01/20160124_1200.nc,2016-01-24 12:00:00,1
s3://nasa-surya-bench/2016/01/20160124_1800.nc,2016-01-24 18:00:00,1
s3://nasa-surya-bench/2016/01/20160125_0000.nc,2016-01-25 00:00:00,1
s3://nasa-surya-bench/2016/01/20160125_0600.nc,2016-01-25 06:00:00,1
s3://nasa-surya-bench/2016/01/20160125_1200.nc,2016-01-25 12:00:00,1
s3://nasa-surya-bench/2016/01/20160125_1800.nc,2016-01-25 18:00:00,1
s3://nasa-surya-bench/2016/01/20160126_0000.nc,2016-01-26 00:00:00,1
s3://nasa-surya-bench/2016/01/20160126_0600.nc,2016-01-26 06:00:00,1
s3://nasa-surya-bench/2016/01/20160126_1200.nc,2016-01-26 12:00:00,1
s3://nasa-surya-bench/2016/01/20160126_1800.nc,2016-01-26 18:00:00,1
s3://nasa-surya-bench/2016/01/20160127_0000.nc,2016-01-27 00:00:00,1
s3://nasa-surya-bench/2016/01/20160127_0600.nc,2016-01-27 06:00:00,1
s3://nasa-surya-bench/2016/01/20160127_1200.nc,2016-01-27 12:00:00,1
s3://nasa-surya-bench/2016/01/20160127_1800.nc,2016-01-27 18:00:00,1
s3://nasa-surya-bench/2016/01/20160128_0000.nc,2016-01-28 00:00:00,1
s3://nasa-surya-bench/2016/01/20160128_0600.nc,2016-01-28 06:00:00,1
s3://nasa-surya-bench/2016/01/20160128_1200.nc,2016-01-28 12:00:00,1
s3://nasa-surya-bench/2016/01/20160128_1800.nc,2016-01-28 18:00:00,1
s3://nasa-surya-bench/2016/01/20160129_0000.nc,2016-01-29 00:00:00,1
s3://nasa-surya-bench/2016/01/20160129_0600.nc,2016-01-29 06:00:00,1
s3://nasa-surya-bench/2016/01/20160129_1200.nc,2016-01-29 12:00:00,1
s3://nasa-surya-bench/2016/01/20160129_1800.nc,2016-01-29 18:00:00,1
s3://nasa-surya-bench/2016/01/20160130_0000.nc,2016-01-30 00:00:00,1
s3://nasa-surya-bench/2016/01/20160130_0600.nc,2016-01-30 06:00:00,1
s3://nasa-surya-bench/2016/01/20160130_1200.nc,2016-01-30 12:00:00,1
s3://nasa-surya-bench/2016/01/20160130_1800.nc,2016-01-30 18:00:00,1
s3://nasa-surya-bench/2016/01/20160131_0000.nc,2016-01-31 00:00:00,1
s3://nasa-surya-bench/2016/01/20160131_0600.nc,2016-01-31 06:00:00,1
s3://nasa-surya-bench/2016/01/20160131_1200.nc,2016-01-31 12:00:00,1
s3://nasa-surya-bench/2016/01/20160131_1800.nc,2016-01-31 18:00:00,1
s3://nasa-surya-bench/2016/02/20160201_0000.nc,2016-02-01 00:00:00,1
s3://nasa-surya-bench/2016/02/20160201_0600.nc,2016-02-01 06:00:00,1
s3://nasa-surya-bench/2016/02/20160201_1200.nc,2016-02-01 12:00:00,1
s3://nasa-surya-bench/2016/02/20160201_1800.nc,2016-02-01 18:00:00,1
s3://nasa-surya-bench/2016/02/20160202_0000.nc,2016-02-02 00:00:00,1
s3://nasa-surya-bench/2016/02/20160202_0600.nc,2016-02-02 06:00:00,1
s3://nasa-surya-bench/2016/02/20160202_1200.nc,2016-02-02 12:00:00,1
s3://nasa-surya-bench/2016/02/20160202_1800.nc,2016-02-02 18:00:00,1
s3://nasa-surya-bench/2016/02/20160203_0000.nc,2016-02-03 00:00:00,1
s3://nasa-surya-bench/2016/02/20160203_0600.nc,2016-02-03 06:00:00,1
s3://nasa-surya-bench/2016/02/20160203_1200.nc,2016-02-03 12:00:00,1
s3://nasa-surya-bench/2016/02/20160203_1800.nc,2016-02-03 18:00:00,1
s3://nasa-surya-bench/2016/02/20160204_0000.nc,2016-02-04 00:00:00,1
s3://nasa-surya-bench/2016/02/20160204_0600.nc,2016-02-04 06:00:00,1
s3://nasa-surya-bench/2016/02/20160204_1200.nc,2016-02-04 12:00:00,1
s3://nasa-surya-bench/2016/02/20160204_1800.nc,2016-02-04 18:00:00,1
s3://nasa-surya-bench/2016/02/20160205_0000.nc,2016-02-05 00:00:00,1
s3://nasa-surya-bench/2016/02/20160205_0600.nc,2016-02-05 06:00:00,1
s3://nasa-surya-bench/2016/02/20160205_1200.nc,2016-02-05 12:00:00,1
s3://nasa-surya-bench/2016/02/20160205_1800.nc,2016-02-05 18:00:00,1
s3://nasa-surya-bench/2016/02/20160206_0000.nc,2016-02-06 00:00:00,1
s3://nasa-surya-bench/2016/02/20160206_0600.nc,2016-02-06 06:00:00,1
s3://nasa-surya-bench/2016/02/20160206_1200.nc,2016-02-06 12:00:00,1
s3://nasa-surya-bench/2016/02/20160206_1800.nc,2016-02-06 18:00:00,1
s3://nasa-surya-bench/2016/02/20160207_0000.nc,2016-02-07 00:00:00,1
s3://nasa-surya-bench/2016/02/20160207_0600.nc,2016-02-07 06:00:00,1
s3://nasa-surya-bench/2016/02/20160207_1200.nc,2016-02-07 12:00:00,1
s3://nasa-surya-bench/2016/02/20160207_1800.nc,2016-02-07 18:00:00,1
s3://nasa-surya-bench/2016/02/20160208_0000.nc,2016-02-08 00:00:00,1
s3://nasa-surya-bench/2016/02/20160208_0600.nc,2016-02-08 06:00:00,1
s3://nasa-surya-bench/2016/02/20160208_1200.nc,2016-02-08 12:00:00,1
s3://nasa-surya-bench/2016/02/20160208_1800.nc,2016-02-08 18:00:00,1
s3://nasa-surya-bench/2016/02/20160209_0000.nc,2016-02-09 00:00:00,1
s3://nasa-surya-bench/2016/02/20160209_0600.nc,2016-02-09 06:00:00,1
s3://nasa-surya-bench/2016/02/20160209_1200.nc,2016-02-09 12:00:00,1
s3://nasa-surya-bench/2016/02/20160209_1800.nc,2016-02-09 18:00:00,1
s3://nasa-surya-bench/2016/02/20160210_0000.nc,2016-02-10 00:00:00,1
s3://nasa-surya-bench/2016/02/20160210_0600.nc,2016-02-10 06:00:00,1
s3://nasa-surya-bench/2016/02/20160210_1200.nc,2016-02-10 12:00:00,1
s3://nasa-surya-bench/2016/02/20160210_1800.nc,2016-02-10 18:00:00,1
s3://nasa-surya-bench/2016/02/20160211_0000.nc,2016-02-11 00:00:00,1
s3://nasa-surya-bench/2016/02/20160211_0600.nc,2016-02-11 06:00:00,1
s3://nasa-surya-bench/2016/02/20160211_1200.nc,2016-02-11 12:00:00,1
s3://nasa-surya-bench/2016/02/20160211_1800.nc,2016-02-11 18:00:00,1
s3://nasa-surya-bench/2016/02/20160212_0000.nc,2016-02-12 00:00:00,1
s3://nasa-surya-bench/2016/02/20160212_0600.nc,2016-02-12 06:00:00,1
s3://nasa-surya-bench/2016/02/20160212_1200.nc,2016-02-12 12:00:00,1
s3://nasa-surya-bench/2016/02/20160212_1800.nc,2016-02-12 18:00:00,1
s3://nasa-surya-bench/2016/02/20160213_0000.nc,2016-02-13 00:00:00,1
s3://nasa-surya-bench/2016/02/20160213_0600.nc,2016-02-13 06:00:00,1
s3://nasa-surya-bench/2016/02/20160213_1200.nc,2016-02-13 12:00:00,1
s3://nasa-surya-bench/2016/02/20160213_1800.nc,2016-02-13 18:00:00,1
s3://nasa-surya-bench/2016/02/20160214_0000.nc,2016-02-14 00:00:00,1
s3://nasa-surya-bench/2016/02/20160214_0600.nc,2016-02-14 06:00:00,1
s3://nasa-surya-bench/2016/02/20160214_1200.nc,2016-02-14 12:00:00,1
s3://nasa-surya-bench/2016/02/20160214_1800.nc,2016-02-14 18:00:00,1
s3://nasa-surya-bench/2016/02/20160215_0000.nc,2016-02-15 00:00:00,1
s3://nasa-surya-bench/2016/02/20160215_0600.nc,2016-02-15 06:00:00,1
s3://nasa-surya-bench/2016/02/20160215_1200.nc,2016-02-15 12:00:00,1
s3://nasa-surya-bench/2016/02/20160215_1800.nc,2016-02-15 18:00:00,1
s3://nasa-surya-bench/2016/02/20160216_0000.nc,2016-02-16 00:00:00,1
s3://nasa-surya-bench/2016/02/20160216_0600.nc,2016-02-16 06:00:00,1
s3://nasa-surya-bench/2016/02/20160216_1200.nc,2016-02-16 12:00:00,1
s3://nasa-surya-bench/2016/02/20160216_1800.nc,2016-02-16 18:00:00,1
s3://nasa-surya-bench/2016/02/20160217_0000.nc,2016-02-17 00:00:00,1
s3://nasa-surya-bench/2016/02/20160217_0600.nc,2016-02-17 06:00:00,1
s3://nasa-surya-bench/2016/02/20160217_1200.nc,2016-02-17 12:00:00,1
s3://nasa-surya-bench/2016/02/20160217_1800.nc,2016-02-17 18:00:00,1
s3://nasa-surya-bench/2016/02/20160218_0000.nc,2016-02-18 00:00:00,1
s3://nasa-surya-bench/2016/02/20160218_0600.nc,2016-02-18 06:00:00,1
s3://nasa-surya-bench/2016/02/20160218_1200.nc,2016-02-18 12:00:00,1
s3://nasa-surya-bench/2016/02/20160218_1800.nc,2016-02-18 18:00:00,1
s3://nasa-surya-bench/2016/02/20160219_0000.nc,2016-02-19 00:00:00,1
s3://nasa-surya-bench/2016/02/20160219_0600.nc,2016-02-19 06:00:00,1
s3://nasa-surya-bench/2016/02/20160219_1200.nc,2016-02-19 12:00:00,1
s3://nasa-surya-bench/2016/02/20160219_1800.nc,2016-02-19 18:00:00,1
s3://nasa-surya-bench/2016/02/20160220_0000.nc,2016-02-20 00:00:00,1
s3://nasa-surya-bench/2016/02/20160220_0600.nc,2016-02-20 06:00:00,1
s3://nasa-surya-bench/2016/02/20160220_1200.nc,2016-02-20 12:00:00,1
s3://nasa-surya-bench/2016/02/20160220_1800.nc,2016-02-20 18:00:00,1
s3://nasa-surya-bench/2016/02/20160221_0000.nc,2016-02-21 00:00:00,1
s3://nasa-surya-bench/2016/02/20160221_0600.nc,2016-02-21 06:00:00,1
s3://nasa-surya-bench/2016/02/20160221_1200.nc,2016-02-21 12:00:00,1
s3://nasa-surya-bench/2016/02/20160221_1800.nc,2016-02-21 18:00:00,1
s3://nasa-surya-bench/2016/02/20160222_0000.nc,2016-02-22 00:00:00,1
s3://nasa-surya-bench/2016/02/20160222_0600.nc,2016-02-22 06:00:00,1
s3://nasa-surya-bench/2016/02/20160222_1200.nc,2016-02-22 12:00:00,1
s3://nasa-surya-bench/2016/02/20160222_1800.nc,2016-02-22 18:00:00,1
s3://nasa-surya-bench/2016/02/20160223_0000.nc,2016-02-23 00:00:00,1
s3://nasa-surya-bench/2016/02/20160223_0600.nc,2016-02-23 06:00:00,1
s3://nasa-surya-bench/2016/02/20160223_1200.nc,2016-02-23 12:00:00,1
s3://nasa-surya-bench/2016/02/20160223_1800.nc,2016-02-23 18:00:00,1
s3://nasa-surya-bench/2016/02/20160224_0000.nc,2016-02-24 00:00:00,1
s3://nasa-surya-bench/2016/02/20160224_0600.nc,2016-02-24 06:00:00,1
s3://nasa-surya-bench/2016/02/20160224_1200.nc,2016-02-24 12:00:00,1
s3://nasa-surya-bench/2016/02/20160224_1800.nc,2016-02-24 18:00:00,1
s3://nasa-surya-bench/2016/02/20160225_0000.nc,2016-02-25 00:00:00,1
s3://nasa-surya-bench/2016/02/20160225_0600.nc,2016-02-25 06:00:00,1
s3://nasa-surya-bench/2016/02/20160225_1200.nc,2016-02-25 12:00:00,1
s3://nasa-surya-bench/2016/02/20160225_1800.nc,2016-02-25 18:00:00,1
s3://nasa-surya-bench/2016/02/20160226_0000.nc,2016-02-26 00:00:00,1
s3://nasa-surya-bench/2016/02/20160226_0600.nc,2016-02-26 06:00:00,1
s3://nasa-surya-bench/2016/02/20160226_1200.nc,2016-02-26 12:00:00,1
s3://nasa-surya-bench/2016/02/20160226_1800.nc,2016-02-26 18:00:00,1
s3://nasa-surya-bench/2016/02/20160227_0000.nc,2016-02-27 00:00:00,1
s3://nasa-surya-bench/2016/02/20160227_0600.nc,2016-02-27 06:00:00,1
s3://nasa-surya-bench/2016/02/20160227_1200.nc,2016-02-27 12:00:00,1
s3://nasa-surya-bench/2016/02/20160227_1800.nc,2016-02-27 18:00:00,1
s3://nasa-surya-bench/2016/02/20160228_0000.nc,2016-02-28 00:00:00,1
s3://nasa-surya-bench/2016/02/20160228_0600.nc,2016-02-28 06:00:00,1
s3://nasa-surya-bench/2016/02/20160228_1200.nc,2016-02-28 12:00:00,1
s3://nasa-surya-bench/2016/02/20160228_1800.nc,2016-02-28 18:00:00,1
s3://nasa-surya-bench/2016/02/20160229_0000.nc,2016-02-29 00:00:00,1
s3://nasa-surya-bench/2016/02/20160229_0600.nc,2016-02-29 06:00:00,1
s3://nasa-surya-bench/2016/02/20160229_1200.nc,2016-02-29 12:00:00,1
s3://nasa-surya-bench/2016/02/20160229_1800.nc,2016-02-29 18:00:00,1
s3://nasa-surya-bench/2016/03/20160301_0000.nc,2016-03-01 00:00:00,1
s3://nasa-surya-bench/2016/03/20160301_0600.nc,2016-03-01 06:00:00,1
s3://nasa-surya-bench/2016/03/20160301_1200.nc,2016-03-01 12:00:00,1
s3://nasa-surya-bench/2016/03/20160301_1800.nc,2016-03-01 18:00:00,1
s3://nasa-surya-bench/2016/03/20160302_0000.nc,2016-03-02 00:00:00,1
s3://nasa-surya-bench/2016/03/20160302_0600.nc,2016-03-02 06:00:00,1
s3://nasa-surya-bench/2016/03/20160302_1200.nc,2016-03-02 12:00:00,1
s3://nasa-surya-bench/2016/03/20160302_1800.nc,2016-03-02 18:00:00,1
s3://nasa-surya-bench/2016/03/20160303_0000.nc,2016-03-03 00:00:00,1
s3://nasa-surya-bench/2016/03/20160303_0600.nc,2016-03-03 06:00:00,1
s3://nasa-surya-bench/2016/03/20160303_1200.nc,2016-03-03 12:00:00,1
s3://nasa-surya-bench/2016/03/20160303_1800.nc,2016-03-03 18:00:00,1
s3://nasa-surya-bench/2016/03/20160304_0000.nc,2016-03-04 00:00:00,1
s3://nasa-surya-bench/2016/03/20160304_0600.nc,2016-03-04 06:00:00,1
s3://nasa-surya-bench/2016/03/20160304_1200.nc,2016-03-04 12:00:00,1
s3://nasa-surya-bench/2016/03/20160304_1800.nc,2016-03-04 18:00:00,1
s3://nasa-surya-bench/2016/03/20160305_0000.nc,2016-03-05 00:00:00,1
s3://nasa-surya-bench/2016/03/20160305_0600.nc,2016-03-05 06:00:00,1
s3://nasa-surya-bench/2016/03/20160305_1200.nc,2016-03-05 12:00:00,1
s3://nasa-surya-bench/2016/03/20160305_1800.nc,2016-03-05 18:00:00,1
s3://nasa-surya-bench/2016/03/20160306_0000.nc,2016-03-06 00:00:00,1
s3://nasa-surya-bench/2016/03/20160306_0600.nc,2016-03-06 06:00:00,1
s3://nasa-surya-bench/2016/03/20160306_1200.nc,2016-03-06 12:00:00,1
s3://nasa-surya-bench/2016/03/20160306_1800.nc,2016-03-06 18:00:00,1
s3://nasa-surya-bench/2016/03/20160307_0000.nc,2016-03-07 00:00:00,1
s3://nasa-surya-bench/2016/03/20160307_0600.nc,2016-03-07 06:00:00,1
s3://nasa-surya-bench/2016/03/20160307_1200.nc,2016-03-07 12:00:00,1
s3://nasa-surya-bench/2016/03/20160307_1800.nc,2016-03-07 18:00:00,1
s3://nasa-surya-bench/2016/03/20160308_0000.nc,2016-03-08 00:00:00,1
s3://nasa-surya-bench/2016/03/20160308_1200.nc,2016-03-08 12:00:00,1
s3://nasa-surya-bench/2016/03/20160308_1800.nc,2016-03-08 18:00:00,1
s3://nasa-surya-bench/2016/03/20160309_0000.nc,2016-03-09 00:00:00,1
s3://nasa-surya-bench/2016/03/20160309_0600.nc,2016-03-09 06:00:00,1
s3://nasa-surya-bench/2016/03/20160309_1200.nc,2016-03-09 12:00:00,1
s3://nasa-surya-bench/2016/03/20160309_1800.nc,2016-03-09 18:00:00,1
s3://nasa-surya-bench/2016/03/20160310_0000.nc,2016-03-10 00:00:00,1
s3://nasa-surya-bench/2016/03/20160310_0600.nc,2016-03-10 06:00:00,1
s3://nasa-surya-bench/2016/03/20160310_1200.nc,2016-03-10 12:00:00,1
s3://nasa-surya-bench/2016/03/20160310_1800.nc,2016-03-10 18:00:00,1
s3://nasa-surya-bench/2016/03/20160311_0000.nc,2016-03-11 00:00:00,1
s3://nasa-surya-bench/2016/03/20160311_0600.nc,2016-03-11 06:00:00,1
s3://nasa-surya-bench/2016/03/20160311_1200.nc,2016-03-11 12:00:00,1
s3://nasa-surya-bench/2016/03/20160311_1800.nc,2016-03-11 18:00:00,1
s3://nasa-surya-bench/2016/03/20160312_0000.nc,2016-03-12 00:00:00,1
s3://nasa-surya-bench/2016/03/20160312_0600.nc,2016-03-12 06:00:00,1
s3://nasa-surya-bench/2016/03/20160312_1200.nc,2016-03-12 12:00:00,1
s3://nasa-surya-bench/2016/03/20160312_1800.nc,2016-03-12 18:00:00,1
s3://nasa-surya-bench/2016/03/20160313_0000.nc,2016-03-13 00:00:00,1
s3://nasa-surya-bench/2016/03/20160313_0600.nc,2016-03-13 06:00:00,1
s3://nasa-surya-bench/2016/03/20160313_1200.nc,2016-03-13 12:00:00,1
s3://nasa-surya-bench/2016/03/20160313_1800.nc,2016-03-13 18:00:00,1
s3://nasa-surya-bench/2016/03/20160314_0000.nc,2016-03-14 00:00:00,1
s3://nasa-surya-bench/2016/03/20160314_0600.nc,2016-03-14 06:00:00,1
s3://nasa-surya-bench/2016/03/20160314_1200.nc,2016-03-14 12:00:00,1
s3://nasa-surya-bench/2016/03/20160314_1800.nc,2016-03-14 18:00:00,1
s3://nasa-surya-bench/2016/03/20160315_0000.nc,2016-03-15 00:00:00,1
s3://nasa-surya-bench/2016/03/20160315_0600.nc,2016-03-15 06:00:00,1
s3://nasa-surya-bench/2016/03/20160315_1200.nc,2016-03-15 12:00:00,1
s3://nasa-surya-bench/2016/03/20160315_1800.nc,2016-03-15 18:00:00,1
s3://nasa-surya-bench/2016/03/20160316_0000.nc,2016-03-16 00:00:00,1
s3://nasa-surya-bench/2016/03/20160316_0600.nc,2016-03-16 06:00:00,1
s3://nasa-surya-bench/2016/03/20160316_1200.nc,2016-03-16 12:00:00,1
s3://nasa-surya-bench/2016/03/20160316_1800.nc,2016-03-16 18:00:00,1
s3://nasa-surya-bench/2016/03/20160317_0000.nc,2016-03-17 00:00:00,1
s3://nasa-surya-bench/2016/03/20160317_0600.nc,2016-03-17 06:00:00,1
s3://nasa-surya-bench/2016/03/20160317_1200.nc,2016-03-17 12:00:00,1
s3://nasa-surya-bench/2016/03/20160317_1800.nc,2016-03-17 18:00:00,1
s3://nasa-surya-bench/2016/03/20160318_0000.nc,2016-03-18 00:00:00,1
s3://nasa-surya-bench/2016/03/20160318_0600.nc,2016-03-18 06:00:00,1
s3://nasa-surya-bench/2016/03/20160318_1200.nc,2016-03-18 12:00:00,1
s3://nasa-surya-bench/2016/03/20160318_1800.nc,2016-03-18 18:00:00,1
s3://nasa-surya-bench/2016/03/20160319_0000.nc,2016-03-19 00:00:00,1
s3://nasa-surya-bench/2016/03/20160319_0600.nc,2016-03-19 06:00:00,1
s3://nasa-surya-bench/2016/03/20160319_1200.nc,2016-03-19 12:00:00,1
s3://nasa-surya-bench/2016/03/20160319_1800.nc,2016-03-19 18:00:00,1
s3://nasa-surya-bench/2016/03/20160320_0000.nc,2016-03-20 00:00:00,1
s3://nasa-surya-bench/2016/03/20160320_0600.nc,2016-03-20 06:00:00,1
s3://nasa-surya-bench/2016/03/20160320_1200.nc,2016-03-20 12:00:00,1
s3://nasa-surya-bench/2016/03/20160320_1800.nc,2016-03-20 18:00:00,1
s3://nasa-surya-bench/2016/03/20160321_0000.nc,2016-03-21 00:00:00,1
s3://nasa-surya-bench/2016/03/20160321_0600.nc,2016-03-21 06:00:00,1
s3://nasa-surya-bench/2016/03/20160321_1200.nc,2016-03-21 12:00:00,1
s3://nasa-surya-bench/2016/03/20160321_1800.nc,2016-03-21 18:00:00,1
s3://nasa-surya-bench/2016/03/20160322_0000.nc,2016-03-22 00:00:00,1
s3://nasa-surya-bench/2016/03/20160322_0600.nc,2016-03-22 06:00:00,1
s3://nasa-surya-bench/2016/03/20160322_1200.nc,2016-03-22 12:00:00,1
s3://nasa-surya-bench/2016/03/20160323_0000.nc,2016-03-23 00:00:00,1
s3://nasa-surya-bench/2016/03/20160323_0600.nc,2016-03-23 06:00:00,1
s3://nasa-surya-bench/2016/03/20160323_1200.nc,2016-03-23 12:00:00,1
s3://nasa-surya-bench/2016/03/20160323_1800.nc,2016-03-23 18:00:00,1
s3://nasa-surya-bench/2016/03/20160324_0000.nc,2016-03-24 00:00:00,1
s3://nasa-surya-bench/2016/03/20160324_0600.nc,2016-03-24 06:00:00,1
s3://nasa-surya-bench/2016/03/20160324_1200.nc,2016-03-24 12:00:00,1
s3://nasa-surya-bench/2016/03/20160324_1800.nc,2016-03-24 18:00:00,1
s3://nasa-surya-bench/2016/03/20160325_0000.nc,2016-03-25 00:00:00,1
s3://nasa-surya-bench/2016/03/20160325_0600.nc,2016-03-25 06:00:00,1
s3://nasa-surya-bench/2016/03/20160325_1200.nc,2016-03-25 12:00:00,1
s3://nasa-surya-bench/2016/03/20160325_1800.nc,2016-03-25 18:00:00,1
s3://nasa-surya-bench/2016/03/20160326_0000.nc,2016-03-26 00:00:00,1
s3://nasa-surya-bench/2016/03/20160326_0600.nc,2016-03-26 06:00:00,1
s3://nasa-surya-bench/2016/03/20160326_1200.nc,2016-03-26 12:00:00,1
s3://nasa-surya-bench/2016/03/20160326_1800.nc,2016-03-26 18:00:00,1
s3://nasa-surya-bench/2016/03/20160327_0000.nc,2016-03-27 00:00:00,1
s3://nasa-surya-bench/2016/03/20160327_0600.nc,2016-03-27 06:00:00,1
s3://nasa-surya-bench/2016/03/20160327_1200.nc,2016-03-27 12:00:00,1
s3://nasa-surya-bench/2016/03/20160327_1800.nc,2016-03-27 18:00:00,1
s3://nasa-surya-bench/2016/03/20160328_0000.nc,2016-03-28 00:00:00,1
s3://nasa-surya-bench/2016/03/20160328_0600.nc,2016-03-28 06:00:00,1
s3://nasa-surya-bench/2016/03/20160328_1200.nc,2016-03-28 12:00:00,1
s3://nasa-surya-bench/2016/03/20160328_1800.nc,2016-03-28 18:00:00,1
s3://nasa-surya-bench/2016/03/20160329_0000.nc,2016-03-29 00:00:00,1
s3://nasa-surya-bench/2016/03/20160329_0600.nc,2016-03-29 06:00:00,1
s3://nasa-surya-bench/2016/03/20160329_1200.nc,2016-03-29 12:00:00,1
s3://nasa-surya-bench/2016/03/20160329_1800.nc,2016-03-29 18:00:00,1
s3://nasa-surya-bench/2016/03/20160330_0000.nc,2016-03-30 00:00:00,1
s3://nasa-surya-bench/2016/03/20160330_0600.nc,2016-03-30 06:00:00,1
s3://nasa-surya-bench/2016/03/20160330_1200.nc,2016-03-30 12:00:00,1
s3://nasa-surya-bench/2016/03/20160330_1800.nc,2016-03-30 18:00:00,1
s3://nasa-surya-bench/2016/03/20160331_0000.nc,2016-03-31 00:00:00,1
s3://nasa-surya-bench/2016/03/20160331_0600.nc,2016-03-31 06:00:00,1
s3://nasa-surya-bench/2016/03/20160331_1200.nc,2016-03-31 12:00:00,1
s3://nasa-surya-bench/2016/03/20160331_1800.nc,2016-03-31 18:00:00,1
s3://nasa-surya-bench/2016/04/20160401_0000.nc,2016-04-01 00:00:00,1
s3://nasa-surya-bench/2016/04/20160401_0600.nc,2016-04-01 06:00:00,1
s3://nasa-surya-bench/2016/04/20160401_1200.nc,2016-04-01 12:00:00,1
s3://nasa-surya-bench/2016/04/20160401_1800.nc,2016-04-01 18:00:00,1
s3://nasa-surya-bench/2016/04/20160402_0000.nc,2016-04-02 00:00:00,1
s3://nasa-surya-bench/2016/04/20160402_0600.nc,2016-04-02 06:00:00,1
s3://nasa-surya-bench/2016/04/20160402_1200.nc,2016-04-02 12:00:00,1
s3://nasa-surya-bench/2016/04/20160402_1800.nc,2016-04-02 18:00:00,1
s3://nasa-surya-bench/2016/04/20160403_0000.nc,2016-04-03 00:00:00,1
s3://nasa-surya-bench/2016/04/20160403_0600.nc,2016-04-03 06:00:00,1
s3://nasa-surya-bench/2016/04/20160403_1200.nc,2016-04-03 12:00:00,1
s3://nasa-surya-bench/2016/05/20160505_0600.nc,2016-05-05 06:00:00,1
s3://nasa-surya-bench/2016/05/20160505_1200.nc,2016-05-05 12:00:00,1
s3://nasa-surya-bench/2016/05/20160505_1800.nc,2016-05-05 18:00:00,1
s3://nasa-surya-bench/2016/05/20160506_0000.nc,2016-05-06 00:00:00,1
s3://nasa-surya-bench/2016/05/20160506_0600.nc,2016-05-06 06:00:00,1
s3://nasa-surya-bench/2016/05/20160506_1200.nc,2016-05-06 12:00:00,1
s3://nasa-surya-bench/2016/05/20160506_1800.nc,2016-05-06 18:00:00,1
s3://nasa-surya-bench/2016/05/20160507_0000.nc,2016-05-07 00:00:00,1
s3://nasa-surya-bench/2016/05/20160507_0600.nc,2016-05-07 06:00:00,1
s3://nasa-surya-bench/2016/05/20160507_1200.nc,2016-05-07 12:00:00,1
s3://nasa-surya-bench/2016/05/20160507_1800.nc,2016-05-07 18:00:00,1
s3://nasa-surya-bench/2016/05/20160508_0000.nc,2016-05-08 00:00:00,1
s3://nasa-surya-bench/2016/05/20160508_0600.nc,2016-05-08 06:00:00,1
s3://nasa-surya-bench/2016/05/20160508_1200.nc,2016-05-08 12:00:00,1
s3://nasa-surya-bench/2016/05/20160508_1800.nc,2016-05-08 18:00:00,1
s3://nasa-surya-bench/2016/05/20160509_0000.nc,2016-05-09 00:00:00,1
s3://nasa-surya-bench/2016/05/20160509_0600.nc,2016-05-09 06:00:00,1
s3://nasa-surya-bench/2016/05/20160510_0000.nc,2016-05-10 00:00:00,1
s3://nasa-surya-bench/2016/05/20160510_0600.nc,2016-05-10 06:00:00,1
s3://nasa-surya-bench/2016/05/20160510_1200.nc,2016-05-10 12:00:00,1
s3://nasa-surya-bench/2016/05/20160510_1800.nc,2016-05-10 18:00:00,1
s3://nasa-surya-bench/2016/05/20160511_0000.nc,2016-05-11 00:00:00,1
s3://nasa-surya-bench/2016/05/20160511_0600.nc,2016-05-11 06:00:00,1
s3://nasa-surya-bench/2016/05/20160511_1200.nc,2016-05-11 12:00:00,1
s3://nasa-surya-bench/2016/05/20160511_1800.nc,2016-05-11 18:00:00,1
s3://nasa-surya-bench/2016/05/20160512_0000.nc,2016-05-12 00:00:00,1
s3://nasa-surya-bench/2016/05/20160512_0600.nc,2016-05-12 06:00:00,1
s3://nasa-surya-bench/2016/05/20160512_1200.nc,2016-05-12 12:00:00,1
s3://nasa-surya-bench/2016/05/20160513_0000.nc,2016-05-13 00:00:00,1
s3://nasa-surya-bench/2016/05/20160513_0600.nc,2016-05-13 06:00:00,1
s3://nasa-surya-bench/2016/05/20160513_1200.nc,2016-05-13 12:00:00,1
s3://nasa-surya-bench/2016/05/20160513_1800.nc,2016-05-13 18:00:00,1
s3://nasa-surya-bench/2016/05/20160514_0000.nc,2016-05-14 00:00:00,1
s3://nasa-surya-bench/2016/05/20160514_0600.nc,2016-05-14 06:00:00,1
s3://nasa-surya-bench/2016/05/20160514_1200.nc,2016-05-14 12:00:00,1
s3://nasa-surya-bench/2016/05/20160514_1800.nc,2016-05-14 18:00:00,1
s3://nasa-surya-bench/2016/05/20160515_0000.nc,2016-05-15 00:00:00,1
s3://nasa-surya-bench/2016/05/20160515_0600.nc,2016-05-15 06:00:00,1
s3://nasa-surya-bench/2016/05/20160515_1200.nc,2016-05-15 12:00:00,1
s3://nasa-surya-bench/2016/05/20160515_1800.nc,2016-05-15 18:00:00,1
s3://nasa-surya-bench/2016/05/20160516_0000.nc,2016-05-16 00:00:00,1
s3://nasa-surya-bench/2016/05/20160516_0600.nc,2016-05-16 06:00:00,1
s3://nasa-surya-bench/2016/05/20160516_1200.nc,2016-05-16 12:00:00,1
s3://nasa-surya-bench/2016/05/20160516_1800.nc,2016-05-16 18:00:00,1
s3://nasa-surya-bench/2016/05/20160517_0000.nc,2016-05-17 00:00:00,1
s3://nasa-surya-bench/2016/05/20160517_0600.nc,2016-05-17 06:00:00,1
s3://nasa-surya-bench/2016/05/20160517_1200.nc,2016-05-17 12:00:00,1
s3://nasa-surya-bench/2016/05/20160517_1800.nc,2016-05-17 18:00:00,1
s3://nasa-surya-bench/2016/05/20160518_0000.nc,2016-05-18 00:00:00,1
s3://nasa-surya-bench/2016/05/20160518_0600.nc,2016-05-18 06:00:00,1
s3://nasa-surya-bench/2016/05/20160518_1200.nc,2016-05-18 12:00:00,1
s3://nasa-surya-bench/2016/05/20160519_0000.nc,2016-05-19 00:00:00,1
s3://nasa-surya-bench/2016/05/20160519_0600.nc,2016-05-19 06:00:00,1
s3://nasa-surya-bench/2016/05/20160519_1200.nc,2016-05-19 12:00:00,1
s3://nasa-surya-bench/2016/05/20160519_1800.nc,2016-05-19 18:00:00,1
s3://nasa-surya-bench/2016/05/20160520_0000.nc,2016-05-20 00:00:00,1
s3://nasa-surya-bench/2016/05/20160520_0600.nc,2016-05-20 06:00:00,1
s3://nasa-surya-bench/2016/05/20160520_1200.nc,2016-05-20 12:00:00,1
s3://nasa-surya-bench/2016/05/20160520_1800.nc,2016-05-20 18:00:00,1
s3://nasa-surya-bench/2016/05/20160521_0000.nc,2016-05-21 00:00:00,1
s3://nasa-surya-bench/2016/05/20160521_0600.nc,2016-05-21 06:00:00,1
s3://nasa-surya-bench/2016/05/20160521_1200.nc,2016-05-21 12:00:00,1
s3://nasa-surya-bench/2016/05/20160521_1800.nc,2016-05-21 18:00:00,1
s3://nasa-surya-bench/2016/05/20160522_0000.nc,2016-05-22 00:00:00,1
s3://nasa-surya-bench/2016/05/20160522_0600.nc,2016-05-22 06:00:00,1
s3://nasa-surya-bench/2016/05/20160522_1200.nc,2016-05-22 12:00:00,1
s3://nasa-surya-bench/2016/05/20160522_1800.nc,2016-05-22 18:00:00,1
s3://nasa-surya-bench/2016/05/20160523_0000.nc,2016-05-23 00:00:00,1
s3://nasa-surya-bench/2016/05/20160523_0600.nc,2016-05-23 06:00:00,1
s3://nasa-surya-bench/2016/05/20160523_1200.nc,2016-05-23 12:00:00,1
s3://nasa-surya-bench/2016/05/20160523_1800.nc,2016-05-23 18:00:00,1
s3://nasa-surya-bench/2016/05/20160524_0000.nc,2016-05-24 00:00:00,1
s3://nasa-surya-bench/2016/05/20160524_0600.nc,2016-05-24 06:00:00,1
s3://nasa-surya-bench/2016/05/20160524_1200.nc,2016-05-24 12:00:00,1
s3://nasa-surya-bench/2016/05/20160524_1800.nc,2016-05-24 18:00:00,1
s3://nasa-surya-bench/2016/05/20160525_0000.nc,2016-05-25 00:00:00,1
s3://nasa-surya-bench/2016/05/20160525_0600.nc,2016-05-25 06:00:00,1
s3://nasa-surya-bench/2016/05/20160525_1200.nc,2016-05-25 12:00:00,1
s3://nasa-surya-bench/2016/05/20160525_1800.nc,2016-05-25 18:00:00,1
s3://nasa-surya-bench/2016/05/20160526_0000.nc,2016-05-26 00:00:00,1
s3://nasa-surya-bench/2016/05/20160526_0600.nc,2016-05-26 06:00:00,1
s3://nasa-surya-bench/2016/05/20160526_1200.nc,2016-05-26 12:00:00,1
s3://nasa-surya-bench/2016/05/20160526_1800.nc,2016-05-26 18:00:00,1
s3://nasa-surya-bench/2016/05/20160527_0000.nc,2016-05-27 00:00:00,1
s3://nasa-surya-bench/2016/05/20160527_0600.nc,2016-05-27 06:00:00,1
s3://nasa-surya-bench/2016/05/20160527_1200.nc,2016-05-27 12:00:00,1
s3://nasa-surya-bench/2016/05/20160527_1800.nc,2016-05-27 18:00:00,1
s3://nasa-surya-bench/2016/05/20160528_0000.nc,2016-05-28 00:00:00,1
s3://nasa-surya-bench/2016/05/20160528_0600.nc,2016-05-28 06:00:00,1
s3://nasa-surya-bench/2016/05/20160528_1200.nc,2016-05-28 12:00:00,1
s3://nasa-surya-bench/2016/05/20160528_1800.nc,2016-05-28 18:00:00,1
s3://nasa-surya-bench/2016/05/20160529_0000.nc,2016-05-29 00:00:00,1
s3://nasa-surya-bench/2016/05/20160529_0600.nc,2016-05-29 06:00:00,1
s3://nasa-surya-bench/2016/05/20160529_1200.nc,2016-05-29 12:00:00,1
s3://nasa-surya-bench/2016/05/20160529_1800.nc,2016-05-29 18:00:00,1
s3://nasa-surya-bench/2016/05/20160530_0000.nc,2016-05-30 00:00:00,1
s3://nasa-surya-bench/2016/05/20160530_0600.nc,2016-05-30 06:00:00,1
s3://nasa-surya-bench/2016/05/20160530_1200.nc,2016-05-30 12:00:00,1
s3://nasa-surya-bench/2016/05/20160530_1800.nc,2016-05-30 18:00:00,1
s3://nasa-surya-bench/2016/05/20160531_0000.nc,2016-05-31 00:00:00,1
s3://nasa-surya-bench/2016/05/20160531_0600.nc,2016-05-31 06:00:00,1
s3://nasa-surya-bench/2016/05/20160531_1200.nc,2016-05-31 12:00:00,1
s3://nasa-surya-bench/2016/05/20160531_1800.nc,2016-05-31 18:00:00,1
s3://nasa-surya-bench/2016/06/20160601_0000.nc,2016-06-01 00:00:00,1
s3://nasa-surya-bench/2016/06/20160601_0600.nc,2016-06-01 06:00:00,1
s3://nasa-surya-bench/2016/06/20160601_1200.nc,2016-06-01 12:00:00,1
s3://nasa-surya-bench/2016/06/20160601_1800.nc,2016-06-01 18:00:00,1
s3://nasa-surya-bench/2016/06/20160602_0000.nc,2016-06-02 00:00:00,1
s3://nasa-surya-bench/2016/06/20160602_0600.nc,2016-06-02 06:00:00,1
s3://nasa-surya-bench/2016/06/20160602_1200.nc,2016-06-02 12:00:00,1
s3://nasa-surya-bench/2016/06/20160602_1800.nc,2016-06-02 18:00:00,1
s3://nasa-surya-bench/2016/06/20160603_0000.nc,2016-06-03 00:00:00,1
s3://nasa-surya-bench/2016/06/20160603_0600.nc,2016-06-03 06:00:00,1
s3://nasa-surya-bench/2016/06/20160603_1200.nc,2016-06-03 12:00:00,1
s3://nasa-surya-bench/2016/06/20160603_1800.nc,2016-06-03 18:00:00,1
s3://nasa-surya-bench/2016/06/20160604_0000.nc,2016-06-04 00:00:00,1
s3://nasa-surya-bench/2016/06/20160604_0600.nc,2016-06-04 06:00:00,1
s3://nasa-surya-bench/2016/06/20160604_1200.nc,2016-06-04 12:00:00,1
s3://nasa-surya-bench/2016/06/20160604_1800.nc,2016-06-04 18:00:00,1
s3://nasa-surya-bench/2016/06/20160605_0000.nc,2016-06-05 00:00:00,1
s3://nasa-surya-bench/2016/06/20160605_0600.nc,2016-06-05 06:00:00,1
s3://nasa-surya-bench/2016/06/20160605_1200.nc,2016-06-05 12:00:00,1
s3://nasa-surya-bench/2016/06/20160605_1800.nc,2016-06-05 18:00:00,1
s3://nasa-surya-bench/2016/06/20160606_0000.nc,2016-06-06 00:00:00,1
s3://nasa-surya-bench/2016/06/20160606_0600.nc,2016-06-06 06:00:00,1
s3://nasa-surya-bench/2016/06/20160606_1200.nc,2016-06-06 12:00:00,1
s3://nasa-surya-bench/2016/06/20160606_1800.nc,2016-06-06 18:00:00,1
s3://nasa-surya-bench/2016/06/20160607_0000.nc,2016-06-07 00:00:00,1
s3://nasa-surya-bench/2016/06/20160607_0600.nc,2016-06-07 06:00:00,1
s3://nasa-surya-bench/2016/06/20160607_1200.nc,2016-06-07 12:00:00,1
s3://nasa-surya-bench/2016/06/20160607_1800.nc,2016-06-07 18:00:00,1
s3://nasa-surya-bench/2016/06/20160608_0000.nc,2016-06-08 00:00:00,1
s3://nasa-surya-bench/2016/06/20160608_0600.nc,2016-06-08 06:00:00,1
s3://nasa-surya-bench/2016/06/20160608_1200.nc,2016-06-08 12:00:00,1
s3://nasa-surya-bench/2016/06/20160608_1800.nc,2016-06-08 18:00:00,1
s3://nasa-surya-bench/2016/06/20160609_0000.nc,2016-06-09 00:00:00,1
s3://nasa-surya-bench/2016/06/20160609_0600.nc,2016-06-09 06:00:00,1
s3://nasa-surya-bench/2016/06/20160609_1200.nc,2016-06-09 12:00:00,1
s3://nasa-surya-bench/2016/06/20160610_0000.nc,2016-06-10 00:00:00,1
s3://nasa-surya-bench/2016/06/20160610_0600.nc,2016-06-10 06:00:00,1
s3://nasa-surya-bench/2016/06/20160611_0000.nc,2016-06-11 00:00:00,1
s3://nasa-surya-bench/2016/06/20160611_0600.nc,2016-06-11 06:00:00,1
s3://nasa-surya-bench/2016/06/20160611_1200.nc,2016-06-11 12:00:00,1
s3://nasa-surya-bench/2016/06/20160611_1800.nc,2016-06-11 18:00:00,1
s3://nasa-surya-bench/2016/06/20160612_0000.nc,2016-06-12 00:00:00,1
s3://nasa-surya-bench/2016/06/20160612_0600.nc,2016-06-12 06:00:00,1
s3://nasa-surya-bench/2016/06/20160612_1200.nc,2016-06-12 12:00:00,1
s3://nasa-surya-bench/2016/06/20160612_1800.nc,2016-06-12 18:00:00,1
s3://nasa-surya-bench/2016/06/20160613_0000.nc,2016-06-13 00:00:00,1
s3://nasa-surya-bench/2016/06/20160613_0600.nc,2016-06-13 06:00:00,1
s3://nasa-surya-bench/2016/06/20160613_1200.nc,2016-06-13 12:00:00,1
s3://nasa-surya-bench/2016/06/20160613_1800.nc,2016-06-13 18:00:00,1
s3://nasa-surya-bench/2016/06/20160614_0000.nc,2016-06-14 00:00:00,1
s3://nasa-surya-bench/2016/06/20160614_0600.nc,2016-06-14 06:00:00,1
s3://nasa-surya-bench/2016/06/20160614_1200.nc,2016-06-14 12:00:00,1
s3://nasa-surya-bench/2016/06/20160614_1800.nc,2016-06-14 18:00:00,1
s3://nasa-surya-bench/2016/06/20160615_0000.nc,2016-06-15 00:00:00,1
s3://nasa-surya-bench/2016/06/20160615_0600.nc,2016-06-15 06:00:00,1
s3://nasa-surya-bench/2016/06/20160615_1200.nc,2016-06-15 12:00:00,1
s3://nasa-surya-bench/2016/06/20160615_1800.nc,2016-06-15 18:00:00,1
s3://nasa-surya-bench/2016/06/20160616_0000.nc,2016-06-16 00:00:00,1
s3://nasa-surya-bench/2016/06/20160616_0600.nc,2016-06-16 06:00:00,1
s3://nasa-surya-bench/2016/06/20160616_1200.nc,2016-06-16 12:00:00,1
s3://nasa-surya-bench/2016/06/20160616_1800.nc,2016-06-16 18:00:00,1
s3://nasa-surya-bench/2016/06/20160617_0000.nc,2016-06-17 00:00:00,1
s3://nasa-surya-bench/2016/06/20160617_0600.nc,2016-06-17 06:00:00,1
s3://nasa-surya-bench/2016/06/20160617_1200.nc,2016-06-17 12:00:00,1
s3://nasa-surya-bench/2016/06/20160617_1800.nc,2016-06-17 18:00:00,1
s3://nasa-surya-bench/2016/06/20160618_0000.nc,2016-06-18 00:00:00,1
s3://nasa-surya-bench/2016/06/20160618_0600.nc,2016-06-18 06:00:00,1
s3://nasa-surya-bench/2016/06/20160618_1200.nc,2016-06-18 12:00:00,1
s3://nasa-surya-bench/2016/06/20160618_1800.nc,2016-06-18 18:00:00,1
s3://nasa-surya-bench/2016/06/20160619_0000.nc,2016-06-19 00:00:00,1
s3://nasa-surya-bench/2016/06/20160619_0600.nc,2016-06-19 06:00:00,1
s3://nasa-surya-bench/2016/06/20160619_1200.nc,2016-06-19 12:00:00,1
s3://nasa-surya-bench/2016/06/20160619_1800.nc,2016-06-19 18:00:00,1
s3://nasa-surya-bench/2016/06/20160620_0000.nc,2016-06-20 00:00:00,1
s3://nasa-surya-bench/2016/06/20160620_0600.nc,2016-06-20 06:00:00,1
s3://nasa-surya-bench/2016/06/20160620_1200.nc,2016-06-20 12:00:00,1
s3://nasa-surya-bench/2016/06/20160620_1800.nc,2016-06-20 18:00:00,1
s3://nasa-surya-bench/2016/06/20160621_0000.nc,2016-06-21 00:00:00,1
s3://nasa-surya-bench/2016/06/20160621_0600.nc,2016-06-21 06:00:00,1
s3://nasa-surya-bench/2016/06/20160621_1200.nc,2016-06-21 12:00:00,1
s3://nasa-surya-bench/2016/06/20160621_1800.nc,2016-06-21 18:00:00,1
s3://nasa-surya-bench/2016/06/20160622_0000.nc,2016-06-22 00:00:00,1
s3://nasa-surya-bench/2016/06/20160622_0600.nc,2016-06-22 06:00:00,1
s3://nasa-surya-bench/2016/06/20160622_1200.nc,2016-06-22 12:00:00,1
s3://nasa-surya-bench/2016/06/20160622_1800.nc,2016-06-22 18:00:00,1
s3://nasa-surya-bench/2016/06/20160623_0000.nc,2016-06-23 00:00:00,1
s3://nasa-surya-bench/2016/06/20160623_0600.nc,2016-06-23 06:00:00,1
s3://nasa-surya-bench/2016/06/20160623_1200.nc,2016-06-23 12:00:00,1
s3://nasa-surya-bench/2016/06/20160623_1800.nc,2016-06-23 18:00:00,1
s3://nasa-surya-bench/2016/06/20160624_0000.nc,2016-06-24 00:00:00,1
s3://nasa-surya-bench/2016/06/20160624_0600.nc,2016-06-24 06:00:00,1
s3://nasa-surya-bench/2016/06/20160624_1200.nc,2016-06-24 12:00:00,1
s3://nasa-surya-bench/2016/06/20160624_1800.nc,2016-06-24 18:00:00,1
s3://nasa-surya-bench/2016/06/20160625_0000.nc,2016-06-25 00:00:00,1
s3://nasa-surya-bench/2016/06/20160625_0600.nc,2016-06-25 06:00:00,1
s3://nasa-surya-bench/2016/06/20160625_1200.nc,2016-06-25 12:00:00,1
s3://nasa-surya-bench/2016/06/20160625_1800.nc,2016-06-25 18:00:00,1
s3://nasa-surya-bench/2016/06/20160626_0000.nc,2016-06-26 00:00:00,1
s3://nasa-surya-bench/2016/06/20160626_0600.nc,2016-06-26 06:00:00,1
s3://nasa-surya-bench/2016/06/20160626_1200.nc,2016-06-26 12:00:00,1
s3://nasa-surya-bench/2016/06/20160626_1800.nc,2016-06-26 18:00:00,1
s3://nasa-surya-bench/2016/06/20160627_0000.nc,2016-06-27 00:00:00,1
s3://nasa-surya-bench/2016/06/20160627_0600.nc,2016-06-27 06:00:00,1
s3://nasa-surya-bench/2016/06/20160627_1200.nc,2016-06-27 12:00:00,1
s3://nasa-surya-bench/2016/06/20160627_1800.nc,2016-06-27 18:00:00,1
s3://nasa-surya-bench/2016/06/20160628_0000.nc,2016-06-28 00:00:00,1
s3://nasa-surya-bench/2016/06/20160628_0600.nc,2016-06-28 06:00:00,1
s3://nasa-surya-bench/2016/06/20160628_1200.nc,2016-06-28 12:00:00,1
s3://nasa-surya-bench/2016/06/20160628_1800.nc,2016-06-28 18:00:00,1
s3://nasa-surya-bench/2016/06/20160629_0000.nc,2016-06-29 00:00:00,1
s3://nasa-surya-bench/2016/06/20160629_0600.nc,2016-06-29 06:00:00,1
s3://nasa-surya-bench/2016/06/20160629_1200.nc,2016-06-29 12:00:00,1
s3://nasa-surya-bench/2016/06/20160629_1800.nc,2016-06-29 18:00:00,1
s3://nasa-surya-bench/2016/06/20160630_0000.nc,2016-06-30 00:00:00,1
s3://nasa-surya-bench/2016/06/20160630_0600.nc,2016-06-30 06:00:00,1
s3://nasa-surya-bench/2016/06/20160630_1200.nc,2016-06-30 12:00:00,1
s3://nasa-surya-bench/2016/06/20160630_1800.nc,2016-06-30 18:00:00,1
s3://nasa-surya-bench/2016/07/20160701_0000.nc,2016-07-01 00:00:00,1
s3://nasa-surya-bench/2016/07/20160701_0600.nc,2016-07-01 06:00:00,1
s3://nasa-surya-bench/2016/07/20160701_1200.nc,2016-07-01 12:00:00,1
s3://nasa-surya-bench/2016/07/20160701_1800.nc,2016-07-01 18:00:00,1
s3://nasa-surya-bench/2016/07/20160702_0000.nc,2016-07-02 00:00:00,1
s3://nasa-surya-bench/2016/07/20160702_0600.nc,2016-07-02 06:00:00,1
s3://nasa-surya-bench/2016/07/20160702_1200.nc,2016-07-02 12:00:00,1
s3://nasa-surya-bench/2016/07/20160702_1800.nc,2016-07-02 18:00:00,1
s3://nasa-surya-bench/2016/07/20160703_0000.nc,2016-07-03 00:00:00,1
s3://nasa-surya-bench/2016/07/20160703_0600.nc,2016-07-03 06:00:00,1
s3://nasa-surya-bench/2016/07/20160703_1200.nc,2016-07-03 12:00:00,1
s3://nasa-surya-bench/2016/07/20160703_1800.nc,2016-07-03 18:00:00,1
s3://nasa-surya-bench/2016/07/20160704_0000.nc,2016-07-04 00:00:00,1
s3://nasa-surya-bench/2016/07/20160704_0600.nc,2016-07-04 06:00:00,1
s3://nasa-surya-bench/2016/07/20160704_1200.nc,2016-07-04 12:00:00,1
s3://nasa-surya-bench/2016/07/20160704_1800.nc,2016-07-04 18:00:00,1
s3://nasa-surya-bench/2016/07/20160705_0000.nc,2016-07-05 00:00:00,1
s3://nasa-surya-bench/2016/07/20160705_0600.nc,2016-07-05 06:00:00,1
s3://nasa-surya-bench/2016/07/20160705_1200.nc,2016-07-05 12:00:00,1
s3://nasa-surya-bench/2016/07/20160705_1800.nc,2016-07-05 18:00:00,1
s3://nasa-surya-bench/2016/07/20160706_0000.nc,2016-07-06 00:00:00,1
s3://nasa-surya-bench/2016/07/20160706_0600.nc,2016-07-06 06:00:00,1
s3://nasa-surya-bench/2016/07/20160706_1200.nc,2016-07-06 12:00:00,1
s3://nasa-surya-bench/2016/07/20160707_0000.nc,2016-07-07 00:00:00,1
s3://nasa-surya-bench/2016/07/20160707_0600.nc,2016-07-07 06:00:00,1
s3://nasa-surya-bench/2016/07/20160707_1200.nc,2016-07-07 12:00:00,1
s3://nasa-surya-bench/2016/07/20160707_1800.nc,2016-07-07 18:00:00,1
s3://nasa-surya-bench/2016/07/20160708_0000.nc,2016-07-08 00:00:00,1
s3://nasa-surya-bench/2016/07/20160708_0600.nc,2016-07-08 06:00:00,1
s3://nasa-surya-bench/2016/07/20160708_1200.nc,2016-07-08 12:00:00,1
s3://nasa-surya-bench/2016/07/20160708_1800.nc,2016-07-08 18:00:00,1
s3://nasa-surya-bench/2016/07/20160709_0000.nc,2016-07-09 00:00:00,1
s3://nasa-surya-bench/2016/07/20160709_0600.nc,2016-07-09 06:00:00,1
s3://nasa-surya-bench/2016/07/20160709_1200.nc,2016-07-09 12:00:00,1
s3://nasa-surya-bench/2016/07/20160709_1800.nc,2016-07-09 18:00:00,1
s3://nasa-surya-bench/2016/07/20160710_0000.nc,2016-07-10 00:00:00,1
s3://nasa-surya-bench/2016/07/20160710_0600.nc,2016-07-10 06:00:00,1
s3://nasa-surya-bench/2016/07/20160710_1200.nc,2016-07-10 12:00:00,1
s3://nasa-surya-bench/2016/07/20160710_1800.nc,2016-07-10 18:00:00,1
s3://nasa-surya-bench/2016/07/20160711_0000.nc,2016-07-11 00:00:00,1
s3://nasa-surya-bench/2016/07/20160711_0600.nc,2016-07-11 06:00:00,1
s3://nasa-surya-bench/2016/07/20160711_1200.nc,2016-07-11 12:00:00,1
s3://nasa-surya-bench/2016/07/20160711_1800.nc,2016-07-11 18:00:00,1
s3://nasa-surya-bench/2016/07/20160712_0000.nc,2016-07-12 00:00:00,1
s3://nasa-surya-bench/2016/07/20160712_0600.nc,2016-07-12 06:00:00,1
s3://nasa-surya-bench/2016/07/20160712_1200.nc,2016-07-12 12:00:00,1
s3://nasa-surya-bench/2016/07/20160712_1800.nc,2016-07-12 18:00:00,1
s3://nasa-surya-bench/2016/07/20160713_0000.nc,2016-07-13 00:00:00,1
s3://nasa-surya-bench/2016/07/20160713_0600.nc,2016-07-13 06:00:00,1
s3://nasa-surya-bench/2016/07/20160713_1200.nc,2016-07-13 12:00:00,1
s3://nasa-surya-bench/2016/07/20160713_1800.nc,2016-07-13 18:00:00,1
s3://nasa-surya-bench/2016/07/20160714_0000.nc,2016-07-14 00:00:00,1
s3://nasa-surya-bench/2016/07/20160714_0600.nc,2016-07-14 06:00:00,1
s3://nasa-surya-bench/2016/07/20160714_1200.nc,2016-07-14 12:00:00,1
s3://nasa-surya-bench/2016/07/20160714_1800.nc,2016-07-14 18:00:00,1
s3://nasa-surya-bench/2016/07/20160715_0000.nc,2016-07-15 00:00:00,1
s3://nasa-surya-bench/2016/07/20160715_0600.nc,2016-07-15 06:00:00,1
s3://nasa-surya-bench/2016/07/20160715_1200.nc,2016-07-15 12:00:00,1
s3://nasa-surya-bench/2016/07/20160715_1800.nc,2016-07-15 18:00:00,1
s3://nasa-surya-bench/2016/07/20160716_0000.nc,2016-07-16 00:00:00,1
s3://nasa-surya-bench/2016/07/20160716_0600.nc,2016-07-16 06:00:00,1
s3://nasa-surya-bench/2016/07/20160716_1200.nc,2016-07-16 12:00:00,1
s3://nasa-surya-bench/2016/07/20160716_1800.nc,2016-07-16 18:00:00,1
s3://nasa-surya-bench/2016/07/20160717_0000.nc,2016-07-17 00:00:00,1
s3://nasa-surya-bench/2016/07/20160717_0600.nc,2016-07-17 06:00:00,1
s3://nasa-surya-bench/2016/07/20160717_1200.nc,2016-07-17 12:00:00,1
s3://nasa-surya-bench/2016/07/20160717_1800.nc,2016-07-17 18:00:00,1
s3://nasa-surya-bench/2016/07/20160718_0000.nc,2016-07-18 00:00:00,1
s3://nasa-surya-bench/2016/07/20160718_0600.nc,2016-07-18 06:00:00,1
s3://nasa-surya-bench/2016/07/20160718_1200.nc,2016-07-18 12:00:00,1
s3://nasa-surya-bench/2016/07/20160718_1800.nc,2016-07-18 18:00:00,1
s3://nasa-surya-bench/2016/07/20160719_0000.nc,2016-07-19 00:00:00,1
s3://nasa-surya-bench/2016/07/20160719_0600.nc,2016-07-19 06:00:00,1
s3://nasa-surya-bench/2016/07/20160719_1200.nc,2016-07-19 12:00:00,1
s3://nasa-surya-bench/2016/07/20160719_1800.nc,2016-07-19 18:00:00,1
s3://nasa-surya-bench/2016/07/20160720_0000.nc,2016-07-20 00:00:00,1
s3://nasa-surya-bench/2016/07/20160720_0600.nc,2016-07-20 06:00:00,1
s3://nasa-surya-bench/2016/07/20160720_1200.nc,2016-07-20 12:00:00,1
s3://nasa-surya-bench/2016/07/20160721_0000.nc,2016-07-21 00:00:00,1
s3://nasa-surya-bench/2016/07/20160721_0600.nc,2016-07-21 06:00:00,1
s3://nasa-surya-bench/2016/07/20160721_1200.nc,2016-07-21 12:00:00,1
s3://nasa-surya-bench/2016/07/20160721_1800.nc,2016-07-21 18:00:00,1
s3://nasa-surya-bench/2016/07/20160722_0000.nc,2016-07-22 00:00:00,1
s3://nasa-surya-bench/2016/07/20160722_0600.nc,2016-07-22 06:00:00,1
s3://nasa-surya-bench/2016/07/20160722_1200.nc,2016-07-22 12:00:00,1
s3://nasa-surya-bench/2016/07/20160722_1800.nc,2016-07-22 18:00:00,1
s3://nasa-surya-bench/2016/07/20160723_0000.nc,2016-07-23 00:00:00,1
s3://nasa-surya-bench/2016/07/20160723_0600.nc,2016-07-23 06:00:00,1
s3://nasa-surya-bench/2016/07/20160723_1200.nc,2016-07-23 12:00:00,1
s3://nasa-surya-bench/2016/07/20160723_1800.nc,2016-07-23 18:00:00,1
s3://nasa-surya-bench/2016/07/20160724_0000.nc,2016-07-24 00:00:00,1
s3://nasa-surya-bench/2016/07/20160724_0600.nc,2016-07-24 06:00:00,1
s3://nasa-surya-bench/2016/07/20160724_1200.nc,2016-07-24 12:00:00,1
s3://nasa-surya-bench/2016/07/20160724_1800.nc,2016-07-24 18:00:00,1
s3://nasa-surya-bench/2016/07/20160725_0000.nc,2016-07-25 00:00:00,1
s3://nasa-surya-bench/2016/07/20160725_0600.nc,2016-07-25 06:00:00,1
s3://nasa-surya-bench/2016/07/20160725_1200.nc,2016-07-25 12:00:00,1
s3://nasa-surya-bench/2016/07/20160725_1800.nc,2016-07-25 18:00:00,1
s3://nasa-surya-bench/2016/07/20160726_0000.nc,2016-07-26 00:00:00,1
s3://nasa-surya-bench/2016/07/20160726_0600.nc,2016-07-26 06:00:00,1
s3://nasa-surya-bench/2016/07/20160726_1200.nc,2016-07-26 12:00:00,1
s3://nasa-surya-bench/2016/07/20160726_1800.nc,2016-07-26 18:00:00,1
s3://nasa-surya-bench/2016/07/20160727_0000.nc,2016-07-27 00:00:00,1
s3://nasa-surya-bench/2016/07/20160727_0600.nc,2016-07-27 06:00:00,1
s3://nasa-surya-bench/2016/07/20160727_1200.nc,2016-07-27 12:00:00,1
s3://nasa-surya-bench/2016/07/20160727_1800.nc,2016-07-27 18:00:00,1
s3://nasa-surya-bench/2016/07/20160728_0000.nc,2016-07-28 00:00:00,1
s3://nasa-surya-bench/2016/07/20160728_0600.nc,2016-07-28 06:00:00,1
s3://nasa-surya-bench/2016/07/20160728_1200.nc,2016-07-28 12:00:00,1
s3://nasa-surya-bench/2016/07/20160728_1800.nc,2016-07-28 18:00:00,1
s3://nasa-surya-bench/2016/07/20160729_0000.nc,2016-07-29 00:00:00,1
s3://nasa-surya-bench/2016/07/20160729_0600.nc,2016-07-29 06:00:00,1
s3://nasa-surya-bench/2016/07/20160729_1200.nc,2016-07-29 12:00:00,1
s3://nasa-surya-bench/2016/07/20160729_1800.nc,2016-07-29 18:00:00,1
s3://nasa-surya-bench/2016/07/20160730_0000.nc,2016-07-30 00:00:00,1
s3://nasa-surya-bench/2016/07/20160730_0600.nc,2016-07-30 06:00:00,1
s3://nasa-surya-bench/2016/07/20160730_1200.nc,2016-07-30 12:00:00,1
s3://nasa-surya-bench/2016/07/20160730_1800.nc,2016-07-30 18:00:00,1
s3://nasa-surya-bench/2016/07/20160731_0000.nc,2016-07-31 00:00:00,1
s3://nasa-surya-bench/2016/07/20160731_0600.nc,2016-07-31 06:00:00,1
s3://nasa-surya-bench/2016/07/20160731_1200.nc,2016-07-31 12:00:00,1
s3://nasa-surya-bench/2016/07/20160731_1800.nc,2016-07-31 18:00:00,1
s3://nasa-surya-bench/2016/08/20160801_0000.nc,2016-08-01 00:00:00,1
s3://nasa-surya-bench/2016/08/20160801_0600.nc,2016-08-01 06:00:00,1
s3://nasa-surya-bench/2016/08/20160801_1200.nc,2016-08-01 12:00:00,1
s3://nasa-surya-bench/2016/08/20160801_1800.nc,2016-08-01 18:00:00,1
s3://nasa-surya-bench/2016/08/20160802_0000.nc,2016-08-02 00:00:00,1
s3://nasa-surya-bench/2016/08/20160802_0600.nc,2016-08-02 06:00:00,1
s3://nasa-surya-bench/2016/08/20160810_1800.nc,2016-08-10 18:00:00,1
s3://nasa-surya-bench/2016/08/20160811_0000.nc,2016-08-11 00:00:00,1
s3://nasa-surya-bench/2016/08/20160811_0600.nc,2016-08-11 06:00:00,1
s3://nasa-surya-bench/2016/08/20160811_1200.nc,2016-08-11 12:00:00,1
s3://nasa-surya-bench/2016/08/20160811_1800.nc,2016-08-11 18:00:00,1
s3://nasa-surya-bench/2016/08/20160812_0000.nc,2016-08-12 00:00:00,1
s3://nasa-surya-bench/2016/08/20160812_0600.nc,2016-08-12 06:00:00,1
s3://nasa-surya-bench/2016/08/20160812_1200.nc,2016-08-12 12:00:00,1
s3://nasa-surya-bench/2016/08/20160812_1800.nc,2016-08-12 18:00:00,1
s3://nasa-surya-bench/2016/08/20160813_0000.nc,2016-08-13 00:00:00,1
s3://nasa-surya-bench/2016/08/20160813_0600.nc,2016-08-13 06:00:00,1
s3://nasa-surya-bench/2016/08/20160813_1200.nc,2016-08-13 12:00:00,1
s3://nasa-surya-bench/2016/08/20160813_1800.nc,2016-08-13 18:00:00,1
s3://nasa-surya-bench/2016/08/20160814_0000.nc,2016-08-14 00:00:00,1
s3://nasa-surya-bench/2016/08/20160814_0600.nc,2016-08-14 06:00:00,1
s3://nasa-surya-bench/2016/08/20160814_1200.nc,2016-08-14 12:00:00,1
s3://nasa-surya-bench/2016/08/20160814_1800.nc,2016-08-14 18:00:00,1
s3://nasa-surya-bench/2016/08/20160815_0000.nc,2016-08-15 00:00:00,1
s3://nasa-surya-bench/2016/08/20160815_0600.nc,2016-08-15 06:00:00,1
s3://nasa-surya-bench/2016/08/20160815_1200.nc,2016-08-15 12:00:00,1
s3://nasa-surya-bench/2016/08/20160815_1800.nc,2016-08-15 18:00:00,1
s3://nasa-surya-bench/2016/08/20160816_0000.nc,2016-08-16 00:00:00,1
s3://nasa-surya-bench/2016/08/20160816_1800.nc,2016-08-16 18:00:00,1
s3://nasa-surya-bench/2016/08/20160817_0000.nc,2016-08-17 00:00:00,1
s3://nasa-surya-bench/2016/08/20160817_0600.nc,2016-08-17 06:00:00,1
s3://nasa-surya-bench/2016/08/20160817_1200.nc,2016-08-17 12:00:00,1
s3://nasa-surya-bench/2016/08/20160817_1800.nc,2016-08-17 18:00:00,1
s3://nasa-surya-bench/2016/08/20160818_0000.nc,2016-08-18 00:00:00,1
s3://nasa-surya-bench/2016/09/20160918_1200.nc,2016-09-18 12:00:00,1
s3://nasa-surya-bench/2016/09/20160918_1800.nc,2016-09-18 18:00:00,1
s3://nasa-surya-bench/2016/09/20160919_0000.nc,2016-09-19 00:00:00,1
s3://nasa-surya-bench/2016/09/20160919_0600.nc,2016-09-19 06:00:00,1
s3://nasa-surya-bench/2016/09/20160919_1200.nc,2016-09-19 12:00:00,1
s3://nasa-surya-bench/2016/09/20160919_1800.nc,2016-09-19 18:00:00,1
s3://nasa-surya-bench/2016/09/20160920_0000.nc,2016-09-20 00:00:00,1
s3://nasa-surya-bench/2016/09/20160920_0600.nc,2016-09-20 06:00:00,1
s3://nasa-surya-bench/2016/09/20160920_1200.nc,2016-09-20 12:00:00,1
s3://nasa-surya-bench/2016/09/20160920_1800.nc,2016-09-20 18:00:00,1
s3://nasa-surya-bench/2016/09/20160921_0000.nc,2016-09-21 00:00:00,1
s3://nasa-surya-bench/2016/09/20160921_0600.nc,2016-09-21 06:00:00,1
s3://nasa-surya-bench/2016/09/20160921_1200.nc,2016-09-21 12:00:00,1
s3://nasa-surya-bench/2016/09/20160921_1800.nc,2016-09-21 18:00:00,1
s3://nasa-surya-bench/2016/09/20160922_0000.nc,2016-09-22 00:00:00,1
s3://nasa-surya-bench/2016/09/20160922_0600.nc,2016-09-22 06:00:00,1
s3://nasa-surya-bench/2016/09/20160922_1200.nc,2016-09-22 12:00:00,1
s3://nasa-surya-bench/2016/09/20160922_1800.nc,2016-09-22 18:00:00,1
s3://nasa-surya-bench/2016/09/20160923_0000.nc,2016-09-23 00:00:00,1
s3://nasa-surya-bench/2016/09/20160923_0600.nc,2016-09-23 06:00:00,1
s3://nasa-surya-bench/2016/09/20160923_1200.nc,2016-09-23 12:00:00,1
s3://nasa-surya-bench/2016/09/20160923_1800.nc,2016-09-23 18:00:00,1
s3://nasa-surya-bench/2016/09/20160924_0000.nc,2016-09-24 00:00:00,1
s3://nasa-surya-bench/2016/09/20160924_0600.nc,2016-09-24 06:00:00,1
s3://nasa-surya-bench/2016/09/20160924_1200.nc,2016-09-24 12:00:00,1
s3://nasa-surya-bench/2016/09/20160924_1800.nc,2016-09-24 18:00:00,1
s3://nasa-surya-bench/2016/09/20160925_0000.nc,2016-09-25 00:00:00,1
s3://nasa-surya-bench/2016/09/20160925_0600.nc,2016-09-25 06:00:00,1
s3://nasa-surya-bench/2016/09/20160925_1200.nc,2016-09-25 12:00:00,1
s3://nasa-surya-bench/2016/09/20160925_1800.nc,2016-09-25 18:00:00,1
s3://nasa-surya-bench/2016/09/20160926_0000.nc,2016-09-26 00:00:00,1
s3://nasa-surya-bench/2016/09/20160926_0600.nc,2016-09-26 06:00:00,1
s3://nasa-surya-bench/2016/09/20160926_1200.nc,2016-09-26 12:00:00,1
s3://nasa-surya-bench/2016/09/20160926_1800.nc,2016-09-26 18:00:00,1
s3://nasa-surya-bench/2016/09/20160927_0000.nc,2016-09-27 00:00:00,1
s3://nasa-surya-bench/2016/09/20160927_0600.nc,2016-09-27 06:00:00,1
s3://nasa-surya-bench/2016/09/20160927_1200.nc,2016-09-27 12:00:00,1
s3://nasa-surya-bench/2016/09/20160927_1800.nc,2016-09-27 18:00:00,1
s3://nasa-surya-bench/2016/09/20160928_0000.nc,2016-09-28 00:00:00,1
s3://nasa-surya-bench/2016/09/20160928_0600.nc,2016-09-28 06:00:00,1
s3://nasa-surya-bench/2016/09/20160928_1200.nc,2016-09-28 12:00:00,1
s3://nasa-surya-bench/2016/09/20160928_1800.nc,2016-09-28 18:00:00,1
s3://nasa-surya-bench/2016/09/20160929_0000.nc,2016-09-29 00:00:00,1
s3://nasa-surya-bench/2016/09/20160929_0600.nc,2016-09-29 06:00:00,1
s3://nasa-surya-bench/2016/09/20160929_1200.nc,2016-09-29 12:00:00,1
s3://nasa-surya-bench/2016/09/20160929_1800.nc,2016-09-29 18:00:00,1
s3://nasa-surya-bench/2016/09/20160930_0000.nc,2016-09-30 00:00:00,1
s3://nasa-surya-bench/2016/09/20160930_0600.nc,2016-09-30 06:00:00,1
s3://nasa-surya-bench/2016/09/20160930_1200.nc,2016-09-30 12:00:00,1
s3://nasa-surya-bench/2016/09/20160930_1800.nc,2016-09-30 18:00:00,1
s3://nasa-surya-bench/2016/10/20161001_0000.nc,2016-10-01 00:00:00,1
s3://nasa-surya-bench/2016/10/20161001_0600.nc,2016-10-01 06:00:00,1
s3://nasa-surya-bench/2016/10/20161001_1200.nc,2016-10-01 12:00:00,1
s3://nasa-surya-bench/2016/10/20161001_1800.nc,2016-10-01 18:00:00,1
s3://nasa-surya-bench/2016/10/20161002_0000.nc,2016-10-02 00:00:00,1
s3://nasa-surya-bench/2016/10/20161002_0600.nc,2016-10-02 06:00:00,1
s3://nasa-surya-bench/2016/10/20161002_1200.nc,2016-10-02 12:00:00,1
s3://nasa-surya-bench/2016/10/20161002_1800.nc,2016-10-02 18:00:00,1
s3://nasa-surya-bench/2016/10/20161003_0000.nc,2016-10-03 00:00:00,1
s3://nasa-surya-bench/2016/10/20161003_0600.nc,2016-10-03 06:00:00,1
s3://nasa-surya-bench/2016/10/20161003_1200.nc,2016-10-03 12:00:00,1
s3://nasa-surya-bench/2016/10/20161003_1800.nc,2016-10-03 18:00:00,1
s3://nasa-surya-bench/2016/10/20161004_0000.nc,2016-10-04 00:00:00,1
s3://nasa-surya-bench/2016/10/20161004_0600.nc,2016-10-04 06:00:00,1
s3://nasa-surya-bench/2016/10/20161004_1200.nc,2016-10-04 12:00:00,1
s3://nasa-surya-bench/2016/10/20161004_1800.nc,2016-10-04 18:00:00,1
s3://nasa-surya-bench/2016/10/20161005_0000.nc,2016-10-05 00:00:00,1
s3://nasa-surya-bench/2016/10/20161005_0600.nc,2016-10-05 06:00:00,1
s3://nasa-surya-bench/2016/10/20161005_1200.nc,2016-10-05 12:00:00,1
s3://nasa-surya-bench/2016/10/20161005_1800.nc,2016-10-05 18:00:00,1
s3://nasa-surya-bench/2016/10/20161006_0000.nc,2016-10-06 00:00:00,1
s3://nasa-surya-bench/2016/10/20161006_0600.nc,2016-10-06 06:00:00,1
s3://nasa-surya-bench/2016/10/20161006_1200.nc,2016-10-06 12:00:00,1
s3://nasa-surya-bench/2016/10/20161006_1800.nc,2016-10-06 18:00:00,1
s3://nasa-surya-bench/2016/10/20161007_0000.nc,2016-10-07 00:00:00,1
s3://nasa-surya-bench/2016/10/20161007_0600.nc,2016-10-07 06:00:00,1
s3://nasa-surya-bench/2016/10/20161007_1200.nc,2016-10-07 12:00:00,1
s3://nasa-surya-bench/2016/10/20161007_1800.nc,2016-10-07 18:00:00,1
s3://nasa-surya-bench/2016/10/20161008_0000.nc,2016-10-08 00:00:00,1
s3://nasa-surya-bench/2016/10/20161008_0600.nc,2016-10-08 06:00:00,1
s3://nasa-surya-bench/2016/10/20161008_1200.nc,2016-10-08 12:00:00,1
s3://nasa-surya-bench/2016/10/20161008_1800.nc,2016-10-08 18:00:00,1
s3://nasa-surya-bench/2016/10/20161009_0000.nc,2016-10-09 00:00:00,1
s3://nasa-surya-bench/2016/10/20161009_0600.nc,2016-10-09 06:00:00,1
s3://nasa-surya-bench/2016/10/20161009_1200.nc,2016-10-09 12:00:00,1
s3://nasa-surya-bench/2016/10/20161009_1800.nc,2016-10-09 18:00:00,1
s3://nasa-surya-bench/2016/10/20161010_0000.nc,2016-10-10 00:00:00,1
s3://nasa-surya-bench/2016/10/20161010_0600.nc,2016-10-10 06:00:00,1
s3://nasa-surya-bench/2016/10/20161010_1200.nc,2016-10-10 12:00:00,1
s3://nasa-surya-bench/2016/10/20161010_1800.nc,2016-10-10 18:00:00,1
s3://nasa-surya-bench/2016/10/20161011_0000.nc,2016-10-11 00:00:00,1
s3://nasa-surya-bench/2016/10/20161011_0600.nc,2016-10-11 06:00:00,1
s3://nasa-surya-bench/2016/10/20161011_1200.nc,2016-10-11 12:00:00,1
s3://nasa-surya-bench/2016/10/20161011_1800.nc,2016-10-11 18:00:00,1
s3://nasa-surya-bench/2016/10/20161012_0000.nc,2016-10-12 00:00:00,1
s3://nasa-surya-bench/2016/10/20161012_0600.nc,2016-10-12 06:00:00,1
s3://nasa-surya-bench/2016/10/20161012_1200.nc,2016-10-12 12:00:00,1
s3://nasa-surya-bench/2016/10/20161012_1800.nc,2016-10-12 18:00:00,1
s3://nasa-surya-bench/2016/10/20161013_0000.nc,2016-10-13 00:00:00,1
s3://nasa-surya-bench/2016/10/20161013_0600.nc,2016-10-13 06:00:00,1
s3://nasa-surya-bench/2016/10/20161013_1200.nc,2016-10-13 12:00:00,1
s3://nasa-surya-bench/2016/10/20161014_0000.nc,2016-10-14 00:00:00,1
s3://nasa-surya-bench/2016/10/20161014_0600.nc,2016-10-14 06:00:00,1
s3://nasa-surya-bench/2016/10/20161014_1200.nc,2016-10-14 12:00:00,1
s3://nasa-surya-bench/2016/10/20161014_1800.nc,2016-10-14 18:00:00,1
s3://nasa-surya-bench/2016/10/20161015_0000.nc,2016-10-15 00:00:00,1
s3://nasa-surya-bench/2016/10/20161015_0600.nc,2016-10-15 06:00:00,1
s3://nasa-surya-bench/2016/10/20161015_1200.nc,2016-10-15 12:00:00,1
s3://nasa-surya-bench/2016/10/20161015_1800.nc,2016-10-15 18:00:00,1
s3://nasa-surya-bench/2016/10/20161016_0000.nc,2016-10-16 00:00:00,1
s3://nasa-surya-bench/2016/10/20161016_0600.nc,2016-10-16 06:00:00,1
s3://nasa-surya-bench/2016/10/20161016_1200.nc,2016-10-16 12:00:00,1
s3://nasa-surya-bench/2016/10/20161016_1800.nc,2016-10-16 18:00:00,1
s3://nasa-surya-bench/2016/10/20161017_0000.nc,2016-10-17 00:00:00,1
s3://nasa-surya-bench/2016/10/20161017_0600.nc,2016-10-17 06:00:00,1
s3://nasa-surya-bench/2016/10/20161017_1200.nc,2016-10-17 12:00:00,1
s3://nasa-surya-bench/2016/10/20161017_1800.nc,2016-10-17 18:00:00,1
s3://nasa-surya-bench/2016/10/20161018_0000.nc,2016-10-18 00:00:00,1
s3://nasa-surya-bench/2016/10/20161018_0600.nc,2016-10-18 06:00:00,1
s3://nasa-surya-bench/2016/10/20161018_1200.nc,2016-10-18 12:00:00,1
s3://nasa-surya-bench/2016/10/20161018_1800.nc,2016-10-18 18:00:00,1
s3://nasa-surya-bench/2016/10/20161019_0000.nc,2016-10-19 00:00:00,1
s3://nasa-surya-bench/2016/10/20161019_0600.nc,2016-10-19 06:00:00,1
s3://nasa-surya-bench/2016/10/20161019_1200.nc,2016-10-19 12:00:00,1
s3://nasa-surya-bench/2016/10/20161020_0000.nc,2016-10-20 00:00:00,1
s3://nasa-surya-bench/2016/10/20161020_0600.nc,2016-10-20 06:00:00,1
s3://nasa-surya-bench/2016/10/20161020_1200.nc,2016-10-20 12:00:00,1
s3://nasa-surya-bench/2016/10/20161020_1800.nc,2016-10-20 18:00:00,1
s3://nasa-surya-bench/2016/10/20161021_0000.nc,2016-10-21 00:00:00,1
s3://nasa-surya-bench/2016/10/20161021_0600.nc,2016-10-21 06:00:00,1
s3://nasa-surya-bench/2016/10/20161021_1200.nc,2016-10-21 12:00:00,1
s3://nasa-surya-bench/2016/10/20161021_1800.nc,2016-10-21 18:00:00,1
s3://nasa-surya-bench/2016/10/20161022_0000.nc,2016-10-22 00:00:00,1
s3://nasa-surya-bench/2016/10/20161022_0600.nc,2016-10-22 06:00:00,1
s3://nasa-surya-bench/2016/10/20161022_1200.nc,2016-10-22 12:00:00,1
s3://nasa-surya-bench/2016/10/20161022_1800.nc,2016-10-22 18:00:00,1
s3://nasa-surya-bench/2016/10/20161023_0000.nc,2016-10-23 00:00:00,1
s3://nasa-surya-bench/2016/10/20161023_0600.nc,2016-10-23 06:00:00,1
s3://nasa-surya-bench/2016/10/20161023_1200.nc,2016-10-23 12:00:00,1
s3://nasa-surya-bench/2016/10/20161023_1800.nc,2016-10-23 18:00:00,1
s3://nasa-surya-bench/2016/10/20161024_0000.nc,2016-10-24 00:00:00,1
s3://nasa-surya-bench/2016/10/20161024_0600.nc,2016-10-24 06:00:00,1
s3://nasa-surya-bench/2016/10/20161024_1200.nc,2016-10-24 12:00:00,1
s3://nasa-surya-bench/2016/10/20161024_1800.nc,2016-10-24 18:00:00,1
s3://nasa-surya-bench/2016/10/20161025_0000.nc,2016-10-25 00:00:00,1
s3://nasa-surya-bench/2016/10/20161025_0600.nc,2016-10-25 06:00:00,1
s3://nasa-surya-bench/2016/10/20161025_1200.nc,2016-10-25 12:00:00,1
s3://nasa-surya-bench/2016/10/20161025_1800.nc,2016-10-25 18:00:00,1
s3://nasa-surya-bench/2016/10/20161026_0000.nc,2016-10-26 00:00:00,1
s3://nasa-surya-bench/2016/10/20161026_0600.nc,2016-10-26 06:00:00,1
s3://nasa-surya-bench/2016/10/20161026_1200.nc,2016-10-26 12:00:00,1
s3://nasa-surya-bench/2016/10/20161027_0000.nc,2016-10-27 00:00:00,1
s3://nasa-surya-bench/2016/10/20161027_0600.nc,2016-10-27 06:00:00,1
s3://nasa-surya-bench/2016/10/20161027_1200.nc,2016-10-27 12:00:00,1
s3://nasa-surya-bench/2016/10/20161027_1800.nc,2016-10-27 18:00:00,1
s3://nasa-surya-bench/2016/10/20161028_0000.nc,2016-10-28 00:00:00,1
s3://nasa-surya-bench/2016/10/20161028_0600.nc,2016-10-28 06:00:00,1
s3://nasa-surya-bench/2016/10/20161028_1200.nc,2016-10-28 12:00:00,1
s3://nasa-surya-bench/2016/10/20161028_1800.nc,2016-10-28 18:00:00,1
s3://nasa-surya-bench/2016/10/20161029_0000.nc,2016-10-29 00:00:00,1
s3://nasa-surya-bench/2016/10/20161029_0600.nc,2016-10-29 06:00:00,1
s3://nasa-surya-bench/2016/10/20161029_1200.nc,2016-10-29 12:00:00,1
s3://nasa-surya-bench/2016/10/20161029_1800.nc,2016-10-29 18:00:00,1
s3://nasa-surya-bench/2016/10/20161030_0000.nc,2016-10-30 00:00:00,1
s3://nasa-surya-bench/2016/10/20161030_0600.nc,2016-10-30 06:00:00,1
s3://nasa-surya-bench/2016/10/20161030_1200.nc,2016-10-30 12:00:00,1
s3://nasa-surya-bench/2016/10/20161030_1800.nc,2016-10-30 18:00:00,1
s3://nasa-surya-bench/2016/10/20161031_0000.nc,2016-10-31 00:00:00,1
s3://nasa-surya-bench/2016/10/20161031_0600.nc,2016-10-31 06:00:00,1
s3://nasa-surya-bench/2016/10/20161031_1200.nc,2016-10-31 12:00:00,1
s3://nasa-surya-bench/2016/10/20161031_1800.nc,2016-10-31 18:00:00,1
s3://nasa-surya-bench/2016/11/20161101_0000.nc,2016-11-01 00:00:00,1
s3://nasa-surya-bench/2016/11/20161101_0600.nc,2016-11-01 06:00:00,1
s3://nasa-surya-bench/2016/11/20161101_1200.nc,2016-11-01 12:00:00,1
s3://nasa-surya-bench/2016/11/20161101_1800.nc,2016-11-01 18:00:00,1
s3://nasa-surya-bench/2016/11/20161102_0000.nc,2016-11-02 00:00:00,1
s3://nasa-surya-bench/2016/11/20161102_0600.nc,2016-11-02 06:00:00,1
s3://nasa-surya-bench/2016/11/20161102_1200.nc,2016-11-02 12:00:00,1
s3://nasa-surya-bench/2016/11/20161102_1800.nc,2016-11-02 18:00:00,1
s3://nasa-surya-bench/2016/11/20161103_0000.nc,2016-11-03 00:00:00,1
s3://nasa-surya-bench/2016/11/20161103_0600.nc,2016-11-03 06:00:00,1
s3://nasa-surya-bench/2016/11/20161103_1200.nc,2016-11-03 12:00:00,1
s3://nasa-surya-bench/2016/11/20161103_1800.nc,2016-11-03 18:00:00,1
s3://nasa-surya-bench/2016/11/20161104_0000.nc,2016-11-04 00:00:00,1
s3://nasa-surya-bench/2016/11/20161104_0600.nc,2016-11-04 06:00:00,1
s3://nasa-surya-bench/2016/11/20161104_1200.nc,2016-11-04 12:00:00,1
s3://nasa-surya-bench/2016/11/20161104_1800.nc,2016-11-04 18:00:00,1
s3://nasa-surya-bench/2016/11/20161105_0000.nc,2016-11-05 00:00:00,1
s3://nasa-surya-bench/2016/11/20161105_0600.nc,2016-11-05 06:00:00,1
s3://nasa-surya-bench/2016/11/20161105_1200.nc,2016-11-05 12:00:00,1
s3://nasa-surya-bench/2016/11/20161105_1800.nc,2016-11-05 18:00:00,1
s3://nasa-surya-bench/2016/11/20161106_0000.nc,2016-11-06 00:00:00,1
s3://nasa-surya-bench/2016/11/20161106_0600.nc,2016-11-06 06:00:00,1
s3://nasa-surya-bench/2016/11/20161106_1200.nc,2016-11-06 12:00:00,1
s3://nasa-surya-bench/2016/11/20161106_1800.nc,2016-11-06 18:00:00,1
s3://nasa-surya-bench/2016/11/20161107_0000.nc,2016-11-07 00:00:00,1
s3://nasa-surya-bench/2016/11/20161107_0600.nc,2016-11-07 06:00:00,1
s3://nasa-surya-bench/2016/11/20161107_1200.nc,2016-11-07 12:00:00,1
s3://nasa-surya-bench/2016/11/20161107_1800.nc,2016-11-07 18:00:00,1
s3://nasa-surya-bench/2016/11/20161108_0000.nc,2016-11-08 00:00:00,1
s3://nasa-surya-bench/2016/11/20161108_0600.nc,2016-11-08 06:00:00,1
s3://nasa-surya-bench/2016/11/20161108_1200.nc,2016-11-08 12:00:00,1
s3://nasa-surya-bench/2016/11/20161108_1800.nc,2016-11-08 18:00:00,1
s3://nasa-surya-bench/2016/11/20161109_0000.nc,2016-11-09 00:00:00,1
s3://nasa-surya-bench/2016/11/20161109_0600.nc,2016-11-09 06:00:00,1
s3://nasa-surya-bench/2016/11/20161109_1200.nc,2016-11-09 12:00:00,1
s3://nasa-surya-bench/2016/11/20161109_1800.nc,2016-11-09 18:00:00,1
s3://nasa-surya-bench/2016/11/20161110_0000.nc,2016-11-10 00:00:00,1
s3://nasa-surya-bench/2016/11/20161110_0600.nc,2016-11-10 06:00:00,1
s3://nasa-surya-bench/2016/11/20161110_1200.nc,2016-11-10 12:00:00,1
s3://nasa-surya-bench/2016/11/20161110_1800.nc,2016-11-10 18:00:00,1
s3://nasa-surya-bench/2016/11/20161111_0000.nc,2016-11-11 00:00:00,1
s3://nasa-surya-bench/2016/11/20161111_0600.nc,2016-11-11 06:00:00,1
s3://nasa-surya-bench/2016/11/20161111_1200.nc,2016-11-11 12:00:00,1
s3://nasa-surya-bench/2016/11/20161111_1800.nc,2016-11-11 18:00:00,1
s3://nasa-surya-bench/2016/11/20161112_0000.nc,2016-11-12 00:00:00,1
s3://nasa-surya-bench/2016/11/20161112_0600.nc,2016-11-12 06:00:00,1
s3://nasa-surya-bench/2016/11/20161112_1200.nc,2016-11-12 12:00:00,1
s3://nasa-surya-bench/2016/11/20161112_1800.nc,2016-11-12 18:00:00,1
s3://nasa-surya-bench/2016/11/20161113_0000.nc,2016-11-13 00:00:00,1
s3://nasa-surya-bench/2016/11/20161113_0600.nc,2016-11-13 06:00:00,1
s3://nasa-surya-bench/2016/11/20161113_1200.nc,2016-11-13 12:00:00,1
s3://nasa-surya-bench/2016/11/20161113_1800.nc,2016-11-13 18:00:00,1
s3://nasa-surya-bench/2016/11/20161114_0000.nc,2016-11-14 00:00:00,1
s3://nasa-surya-bench/2016/11/20161114_0600.nc,2016-11-14 06:00:00,1
s3://nasa-surya-bench/2016/11/20161114_1200.nc,2016-11-14 12:00:00,1
s3://nasa-surya-bench/2016/11/20161114_1800.nc,2016-11-14 18:00:00,1
s3://nasa-surya-bench/2016/11/20161115_0000.nc,2016-11-15 00:00:00,1
s3://nasa-surya-bench/2016/11/20161115_0600.nc,2016-11-15 06:00:00,1
s3://nasa-surya-bench/2016/11/20161115_1200.nc,2016-11-15 12:00:00,1
s3://nasa-surya-bench/2016/11/20161115_1800.nc,2016-11-15 18:00:00,1
s3://nasa-surya-bench/2016/11/20161116_0000.nc,2016-11-16 00:00:00,1
s3://nasa-surya-bench/2016/11/20161116_0600.nc,2016-11-16 06:00:00,1
s3://nasa-surya-bench/2016/11/20161116_1200.nc,2016-11-16 12:00:00,1
s3://nasa-surya-bench/2016/11/20161116_1800.nc,2016-11-16 18:00:00,1
s3://nasa-surya-bench/2016/11/20161117_0000.nc,2016-11-17 00:00:00,1
s3://nasa-surya-bench/2016/11/20161117_0600.nc,2016-11-17 06:00:00,1
s3://nasa-surya-bench/2016/11/20161117_1200.nc,2016-11-17 12:00:00,1
s3://nasa-surya-bench/2016/11/20161117_1800.nc,2016-11-17 18:00:00,1
s3://nasa-surya-bench/2016/11/20161118_0000.nc,2016-11-18 00:00:00,1
s3://nasa-surya-bench/2016/11/20161118_0600.nc,2016-11-18 06:00:00,1
s3://nasa-surya-bench/2016/11/20161118_1200.nc,2016-11-18 12:00:00,1
s3://nasa-surya-bench/2016/11/20161118_1800.nc,2016-11-18 18:00:00,1
s3://nasa-surya-bench/2016/11/20161119_0000.nc,2016-11-19 00:00:00,1
s3://nasa-surya-bench/2016/11/20161119_0600.nc,2016-11-19 06:00:00,1
s3://nasa-surya-bench/2016/11/20161119_1200.nc,2016-11-19 12:00:00,1
s3://nasa-surya-bench/2016/11/20161119_1800.nc,2016-11-19 18:00:00,1
s3://nasa-surya-bench/2016/11/20161120_0000.nc,2016-11-20 00:00:00,1
s3://nasa-surya-bench/2016/11/20161120_0600.nc,2016-11-20 06:00:00,1
s3://nasa-surya-bench/2016/11/20161120_1200.nc,2016-11-20 12:00:00,1
s3://nasa-surya-bench/2016/11/20161120_1800.nc,2016-11-20 18:00:00,1
s3://nasa-surya-bench/2016/11/20161121_0000.nc,2016-11-21 00:00:00,1
s3://nasa-surya-bench/2016/11/20161121_0600.nc,2016-11-21 06:00:00,1
s3://nasa-surya-bench/2016/11/20161121_1200.nc,2016-11-21 12:00:00,1
s3://nasa-surya-bench/2016/11/20161121_1800.nc,2016-11-21 18:00:00,1
s3://nasa-surya-bench/2016/11/20161122_0000.nc,2016-11-22 00:00:00,1
s3://nasa-surya-bench/2016/11/20161122_0600.nc,2016-11-22 06:00:00,1
s3://nasa-surya-bench/2016/11/20161122_1200.nc,2016-11-22 12:00:00,1
s3://nasa-surya-bench/2016/11/20161122_1800.nc,2016-11-22 18:00:00,1
s3://nasa-surya-bench/2016/11/20161123_0000.nc,2016-11-23 00:00:00,1
s3://nasa-surya-bench/2016/11/20161123_0600.nc,2016-11-23 06:00:00,1
s3://nasa-surya-bench/2016/11/20161123_1200.nc,2016-11-23 12:00:00,1
s3://nasa-surya-bench/2016/11/20161123_1800.nc,2016-11-23 18:00:00,1
s3://nasa-surya-bench/2016/11/20161124_0000.nc,2016-11-24 00:00:00,1
s3://nasa-surya-bench/2016/11/20161124_0600.nc,2016-11-24 06:00:00,1
s3://nasa-surya-bench/2016/11/20161124_1200.nc,2016-11-24 12:00:00,1
s3://nasa-surya-bench/2016/11/20161124_1800.nc,2016-11-24 18:00:00,1
s3://nasa-surya-bench/2016/11/20161125_0000.nc,2016-11-25 00:00:00,1
s3://nasa-surya-bench/2016/11/20161125_0600.nc,2016-11-25 06:00:00,1
s3://nasa-surya-bench/2016/11/20161125_1200.nc,2016-11-25 12:00:00,1
s3://nasa-surya-bench/2016/11/20161125_1800.nc,2016-11-25 18:00:00,1
s3://nasa-surya-bench/2016/11/20161126_0000.nc,2016-11-26 00:00:00,1
s3://nasa-surya-bench/2016/11/20161126_0600.nc,2016-11-26 06:00:00,1
s3://nasa-surya-bench/2016/11/20161126_1200.nc,2016-11-26 12:00:00,1
s3://nasa-surya-bench/2016/11/20161126_1800.nc,2016-11-26 18:00:00,1
s3://nasa-surya-bench/2016/11/20161127_0000.nc,2016-11-27 00:00:00,1
s3://nasa-surya-bench/2016/11/20161127_0600.nc,2016-11-27 06:00:00,1
s3://nasa-surya-bench/2016/11/20161127_1200.nc,2016-11-27 12:00:00,1
s3://nasa-surya-bench/2016/11/20161127_1800.nc,2016-11-27 18:00:00,1
s3://nasa-surya-bench/2016/11/20161128_0000.nc,2016-11-28 00:00:00,1
s3://nasa-surya-bench/2016/11/20161128_0600.nc,2016-11-28 06:00:00,1
s3://nasa-surya-bench/2016/11/20161128_1200.nc,2016-11-28 12:00:00,1
s3://nasa-surya-bench/2016/11/20161128_1800.nc,2016-11-28 18:00:00,1
s3://nasa-surya-bench/2016/11/20161129_0000.nc,2016-11-29 00:00:00,1
s3://nasa-surya-bench/2016/11/20161129_0600.nc,2016-11-29 06:00:00,1
s3://nasa-surya-bench/2016/11/20161129_1200.nc,2016-11-29 12:00:00,1
s3://nasa-surya-bench/2016/11/20161129_1800.nc,2016-11-29 18:00:00,1
s3://nasa-surya-bench/2016/11/20161130_0000.nc,2016-11-30 00:00:00,1
s3://nasa-surya-bench/2016/11/20161130_0600.nc,2016-11-30 06:00:00,1
s3://nasa-surya-bench/2016/11/20161130_1200.nc,2016-11-30 12:00:00,1
s3://nasa-surya-bench/2016/11/20161130_1800.nc,2016-11-30 18:00:00,1
s3://nasa-surya-bench/2016/12/20161201_0000.nc,2016-12-01 00:00:00,1
s3://nasa-surya-bench/2016/12/20161201_0600.nc,2016-12-01 06:00:00,1
s3://nasa-surya-bench/2016/12/20161201_1200.nc,2016-12-01 12:00:00,1
s3://nasa-surya-bench/2016/12/20161201_1800.nc,2016-12-01 18:00:00,1
s3://nasa-surya-bench/2016/12/20161202_0000.nc,2016-12-02 00:00:00,1
s3://nasa-surya-bench/2016/12/20161202_0600.nc,2016-12-02 06:00:00,1
s3://nasa-surya-bench/2016/12/20161202_1200.nc,2016-12-02 12:00:00,1
s3://nasa-surya-bench/2016/12/20161202_1800.nc,2016-12-02 18:00:00,1
s3://nasa-surya-bench/2016/12/20161203_0000.nc,2016-12-03 00:00:00,1
s3://nasa-surya-bench/2016/12/20161203_0600.nc,2016-12-03 06:00:00,1
s3://nasa-surya-bench/2016/12/20161203_1200.nc,2016-12-03 12:00:00,1
s3://nasa-surya-bench/2016/12/20161203_1800.nc,2016-12-03 18:00:00,1
s3://nasa-surya-bench/2016/12/20161204_0000.nc,2016-12-04 00:00:00,1
s3://nasa-surya-bench/2016/12/20161204_0600.nc,2016-12-04 06:00:00,1
s3://nasa-surya-bench/2016/12/20161204_1200.nc,2016-12-04 12:00:00,1
s3://nasa-surya-bench/2016/12/20161204_1800.nc,2016-12-04 18:00:00,1
s3://nasa-surya-bench/2016/12/20161205_0000.nc,2016-12-05 00:00:00,1
s3://nasa-surya-bench/2016/12/20161205_0600.nc,2016-12-05 06:00:00,1
s3://nasa-surya-bench/2016/12/20161205_1200.nc,2016-12-05 12:00:00,1
s3://nasa-surya-bench/2016/12/20161205_1800.nc,2016-12-05 18:00:00,1
s3://nasa-surya-bench/2016/12/20161206_0000.nc,2016-12-06 00:00:00,1
s3://nasa-surya-bench/2016/12/20161206_0600.nc,2016-12-06 06:00:00,1
s3://nasa-surya-bench/2016/12/20161206_1200.nc,2016-12-06 12:00:00,1
s3://nasa-surya-bench/2016/12/20161206_1800.nc,2016-12-06 18:00:00,1
s3://nasa-surya-bench/2016/12/20161207_0000.nc,2016-12-07 00:00:00,1
s3://nasa-surya-bench/2016/12/20161207_0600.nc,2016-12-07 06:00:00,1
s3://nasa-surya-bench/2016/12/20161207_1200.nc,2016-12-07 12:00:00,1
s3://nasa-surya-bench/2016/12/20161207_1800.nc,2016-12-07 18:00:00,1
s3://nasa-surya-bench/2016/12/20161208_0000.nc,2016-12-08 00:00:00,1
s3://nasa-surya-bench/2016/12/20161208_0600.nc,2016-12-08 06:00:00,1
s3://nasa-surya-bench/2016/12/20161208_1200.nc,2016-12-08 12:00:00,1
s3://nasa-surya-bench/2016/12/20161208_1800.nc,2016-12-08 18:00:00,1
s3://nasa-surya-bench/2016/12/20161209_0000.nc,2016-12-09 00:00:00,1
s3://nasa-surya-bench/2016/12/20161209_0600.nc,2016-12-09 06:00:00,1
s3://nasa-surya-bench/2016/12/20161209_1200.nc,2016-12-09 12:00:00,1
s3://nasa-surya-bench/2016/12/20161209_1800.nc,2016-12-09 18:00:00,1
s3://nasa-surya-bench/2016/12/20161210_0000.nc,2016-12-10 00:00:00,1
s3://nasa-surya-bench/2016/12/20161210_0600.nc,2016-12-10 06:00:00,1
s3://nasa-surya-bench/2016/12/20161210_1200.nc,2016-12-10 12:00:00,1
s3://nasa-surya-bench/2016/12/20161210_1800.nc,2016-12-10 18:00:00,1
s3://nasa-surya-bench/2016/12/20161211_0000.nc,2016-12-11 00:00:00,1
s3://nasa-surya-bench/2016/12/20161211_0600.nc,2016-12-11 06:00:00,1
s3://nasa-surya-bench/2016/12/20161211_1200.nc,2016-12-11 12:00:00,1
s3://nasa-surya-bench/2016/12/20161211_1800.nc,2016-12-11 18:00:00,1
s3://nasa-surya-bench/2016/12/20161212_0000.nc,2016-12-12 00:00:00,1
s3://nasa-surya-bench/2016/12/20161212_0600.nc,2016-12-12 06:00:00,1
s3://nasa-surya-bench/2016/12/20161212_1200.nc,2016-12-12 12:00:00,1
s3://nasa-surya-bench/2016/12/20161212_1800.nc,2016-12-12 18:00:00,1
s3://nasa-surya-bench/2016/12/20161213_0000.nc,2016-12-13 00:00:00,1
s3://nasa-surya-bench/2016/12/20161213_0600.nc,2016-12-13 06:00:00,1
s3://nasa-surya-bench/2016/12/20161213_1200.nc,2016-12-13 12:00:00,1
s3://nasa-surya-bench/2016/12/20161213_1800.nc,2016-12-13 18:00:00,1
s3://nasa-surya-bench/2016/12/20161214_0000.nc,2016-12-14 00:00:00,1
s3://nasa-surya-bench/2016/12/20161214_0600.nc,2016-12-14 06:00:00,1
s3://nasa-surya-bench/2016/12/20161214_1200.nc,2016-12-14 12:00:00,1
s3://nasa-surya-bench/2016/12/20161214_1800.nc,2016-12-14 18:00:00,1
s3://nasa-surya-bench/2016/12/20161215_0000.nc,2016-12-15 00:00:00,1
s3://nasa-surya-bench/2016/12/20161215_0600.nc,2016-12-15 06:00:00,1
s3://nasa-surya-bench/2016/12/20161215_1200.nc,2016-12-15 12:00:00,1
s3://nasa-surya-bench/2016/12/20161215_1800.nc,2016-12-15 18:00:00,1
s3://nasa-surya-bench/2016/12/20161216_0000.nc,2016-12-16 00:00:00,1
s3://nasa-surya-bench/2016/12/20161216_0600.nc,2016-12-16 06:00:00,1
s3://nasa-surya-bench/2016/12/20161216_1200.nc,2016-12-16 12:00:00,1
s3://nasa-surya-bench/2016/12/20161216_1800.nc,2016-12-16 18:00:00,1
s3://nasa-surya-bench/2016/12/20161217_0000.nc,2016-12-17 00:00:00,1
s3://nasa-surya-bench/2016/12/20161217_0600.nc,2016-12-17 06:00:00,1
s3://nasa-surya-bench/2016/12/20161217_1200.nc,2016-12-17 12:00:00,1
s3://nasa-surya-bench/2016/12/20161217_1800.nc,2016-12-17 18:00:00,1
s3://nasa-surya-bench/2016/12/20161218_0000.nc,2016-12-18 00:00:00,1
s3://nasa-surya-bench/2016/12/20161218_0600.nc,2016-12-18 06:00:00,1
s3://nasa-surya-bench/2016/12/20161218_1200.nc,2016-12-18 12:00:00,1
s3://nasa-surya-bench/2016/12/20161218_1800.nc,2016-12-18 18:00:00,1
s3://nasa-surya-bench/2016/12/20161219_0000.nc,2016-12-19 00:00:00,1
s3://nasa-surya-bench/2016/12/20161219_0600.nc,2016-12-19 06:00:00,1
s3://nasa-surya-bench/2016/12/20161219_1200.nc,2016-12-19 12:00:00,1
s3://nasa-surya-bench/2016/12/20161219_1800.nc,2016-12-19 18:00:00,1
s3://nasa-surya-bench/2016/12/20161220_0000.nc,2016-12-20 00:00:00,1
s3://nasa-surya-bench/2016/12/20161220_0600.nc,2016-12-20 06:00:00,1
s3://nasa-surya-bench/2016/12/20161220_1200.nc,2016-12-20 12:00:00,1
s3://nasa-surya-bench/2016/12/20161220_1800.nc,2016-12-20 18:00:00,1
s3://nasa-surya-bench/2016/12/20161221_0000.nc,2016-12-21 00:00:00,1
s3://nasa-surya-bench/2016/12/20161221_0600.nc,2016-12-21 06:00:00,1
s3://nasa-surya-bench/2016/12/20161221_1200.nc,2016-12-21 12:00:00,1
s3://nasa-surya-bench/2016/12/20161221_1800.nc,2016-12-21 18:00:00,1
s3://nasa-surya-bench/2016/12/20161222_0000.nc,2016-12-22 00:00:00,1
s3://nasa-surya-bench/2016/12/20161222_0600.nc,2016-12-22 06:00:00,1
s3://nasa-surya-bench/2016/12/20161222_1200.nc,2016-12-22 12:00:00,1
s3://nasa-surya-bench/2016/12/20161222_1800.nc,2016-12-22 18:00:00,1
s3://nasa-surya-bench/2016/12/20161223_0000.nc,2016-12-23 00:00:00,1
s3://nasa-surya-bench/2016/12/20161223_0600.nc,2016-12-23 06:00:00,1
s3://nasa-surya-bench/2016/12/20161223_1200.nc,2016-12-23 12:00:00,1
s3://nasa-surya-bench/2016/12/20161223_1800.nc,2016-12-23 18:00:00,1
s3://nasa-surya-bench/2016/12/20161224_0000.nc,2016-12-24 00:00:00,1
s3://nasa-surya-bench/2016/12/20161224_0600.nc,2016-12-24 06:00:00,1
s3://nasa-surya-bench/2016/12/20161224_1200.nc,2016-12-24 12:00:00,1
s3://nasa-surya-bench/2016/12/20161224_1800.nc,2016-12-24 18:00:00,1
s3://nasa-surya-bench/2016/12/20161225_0000.nc,2016-12-25 00:00:00,1
s3://nasa-surya-bench/2016/12/20161225_0600.nc,2016-12-25 06:00:00,1
s3://nasa-surya-bench/2016/12/20161225_1200.nc,2016-12-25 12:00:00,1
s3://nasa-surya-bench/2016/12/20161225_1800.nc,2016-12-25 18:00:00,1
s3://nasa-surya-bench/2016/12/20161226_0000.nc,2016-12-26 00:00:00,1
s3://nasa-surya-bench/2016/12/20161226_0600.nc,2016-12-26 06:00:00,1
s3://nasa-surya-bench/2016/12/20161226_1200.nc,2016-12-26 12:00:00,1
s3://nasa-surya-bench/2016/12/20161226_1800.nc,2016-12-26 18:00:00,1
s3://nasa-surya-bench/2016/12/20161227_0000.nc,2016-12-27 00:00:00,1
s3://nasa-surya-bench/2016/12/20161227_0600.nc,2016-12-27 06:00:00,1
s3://nasa-surya-bench/2016/12/20161227_1200.nc,2016-12-27 12:00:00,1
s3://nasa-surya-bench/2016/12/20161227_1800.nc,2016-12-27 18:00:00,1
s3://nasa-surya-bench/2016/12/20161228_0000.nc,2016-12-28 00:00:00,1
s3://nasa-surya-bench/2016/12/20161228_0600.nc,2016-12-28 06:00:00,1
s3://nasa-surya-bench/2016/12/20161228_1200.nc,2016-12-28 12:00:00,1
s3://nasa-surya-bench/2016/12/20161228_1800.nc,2016-12-28 18:00:00,1
s3://nasa-surya-bench/2016/12/20161229_0000.nc,2016-12-29 00:00:00,1
s3://nasa-surya-bench/2016/12/20161229_0600.nc,2016-12-29 06:00:00,1
s3://nasa-surya-bench/2016/12/20161229_1200.nc,2016-12-29 12:00:00,1
s3://nasa-surya-bench/2016/12/20161229_1800.nc,2016-12-29 18:00:00,1
s3://nasa-surya-bench/2016/12/20161230_0000.nc,2016-12-30 00:00:00,1
s3://nasa-surya-bench/2016/12/20161230_0600.nc,2016-12-30 06:00:00,1
s3://nasa-surya-bench/2016/12/20161230_1200.nc,2016-12-30 12:00:00,1
s3://nasa-surya-bench/2016/12/20161230_1800.nc,2016-12-30 18:00:00,1
s3://nasa-surya-bench/2016/12/20161231_0000.nc,2016-12-31 00:00:00,1
s3://nasa-surya-bench/2016/12/20161231_0600.nc,2016-12-31 06:00:00,1
s3://nasa-surya-bench/2016/12/20161231_1200.nc,2016-12-31 12:00:00,1
s3://nasa-surya-bench/2016/12/20161231_1800.nc,2016-12-31 18:00:00,1
s3://nasa-surya-bench/2017/01/20170101_0000.nc,2017-01-01 00:00:00,1
s3://nasa-surya-bench/2017/01/20170101_0600.nc,2017-01-01 06:00:00,1
s3://nasa-surya-bench/2017/01/20170101_1200.nc,2017-01-01 12:00:00,1
s3://nasa-surya-bench/2017/02/20170202_0000.nc,2017-02-02 00:00:00,1
s3://nasa-surya-bench/2017/02/20170202_0600.nc,2017-02-02 06:00:00,1
s3://nasa-surya-bench/2017/02/20170202_1200.nc,2017-02-02 12:00:00,1
s3://nasa-surya-bench/2017/02/20170202_1800.nc,2017-02-02 18:00:00,1
s3://nasa-surya-bench/2017/02/20170203_0000.nc,2017-02-03 00:00:00,1
s3://nasa-surya-bench/2017/02/20170203_0600.nc,2017-02-03 06:00:00,1
s3://nasa-surya-bench/2017/02/20170203_1200.nc,2017-02-03 12:00:00,1
s3://nasa-surya-bench/2017/02/20170203_1800.nc,2017-02-03 18:00:00,1
s3://nasa-surya-bench/2017/02/20170204_0000.nc,2017-02-04 00:00:00,1
s3://nasa-surya-bench/2017/02/20170204_0600.nc,2017-02-04 06:00:00,1
s3://nasa-surya-bench/2017/02/20170204_1200.nc,2017-02-04 12:00:00,1
s3://nasa-surya-bench/2017/02/20170204_1800.nc,2017-02-04 18:00:00,1
s3://nasa-surya-bench/2017/02/20170205_0000.nc,2017-02-05 00:00:00,1
s3://nasa-surya-bench/2017/02/20170205_0600.nc,2017-02-05 06:00:00,1
s3://nasa-surya-bench/2017/02/20170205_1200.nc,2017-02-05 12:00:00,1
s3://nasa-surya-bench/2017/02/20170205_1800.nc,2017-02-05 18:00:00,1
s3://nasa-surya-bench/2017/02/20170206_0000.nc,2017-02-06 00:00:00,1
s3://nasa-surya-bench/2017/02/20170206_0600.nc,2017-02-06 06:00:00,1
s3://nasa-surya-bench/2017/02/20170206_1200.nc,2017-02-06 12:00:00,1
s3://nasa-surya-bench/2017/02/20170206_1800.nc,2017-02-06 18:00:00,1
s3://nasa-surya-bench/2017/02/20170207_0000.nc,2017-02-07 00:00:00,1
s3://nasa-surya-bench/2017/02/20170207_0600.nc,2017-02-07 06:00:00,1
s3://nasa-surya-bench/2017/02/20170207_1200.nc,2017-02-07 12:00:00,1
s3://nasa-surya-bench/2017/02/20170208_0000.nc,2017-02-08 00:00:00,1
s3://nasa-surya-bench/2017/02/20170208_0600.nc,2017-02-08 06:00:00,1
s3://nasa-surya-bench/2017/02/20170208_1200.nc,2017-02-08 12:00:00,1
s3://nasa-surya-bench/2017/02/20170208_1800.nc,2017-02-08 18:00:00,1
s3://nasa-surya-bench/2017/02/20170209_0000.nc,2017-02-09 00:00:00,1
s3://nasa-surya-bench/2017/02/20170209_0600.nc,2017-02-09 06:00:00,1
s3://nasa-surya-bench/2017/02/20170209_1200.nc,2017-02-09 12:00:00,1
s3://nasa-surya-bench/2017/02/20170209_1800.nc,2017-02-09 18:00:00,1
s3://nasa-surya-bench/2017/02/20170210_0000.nc,2017-02-10 00:00:00,1
s3://nasa-surya-bench/2017/02/20170210_0600.nc,2017-02-10 06:00:00,1
s3://nasa-surya-bench/2017/02/20170210_1200.nc,2017-02-10 12:00:00,1
s3://nasa-surya-bench/2017/02/20170210_1800.nc,2017-02-10 18:00:00,1
s3://nasa-surya-bench/2017/02/20170211_0000.nc,2017-02-11 00:00:00,1
s3://nasa-surya-bench/2017/02/20170211_0600.nc,2017-02-11 06:00:00,1
s3://nasa-surya-bench/2017/02/20170211_1200.nc,2017-02-11 12:00:00,1
s3://nasa-surya-bench/2017/02/20170211_1800.nc,2017-02-11 18:00:00,1
s3://nasa-surya-bench/2017/02/20170212_0000.nc,2017-02-12 00:00:00,1
s3://nasa-surya-bench/2017/02/20170212_0600.nc,2017-02-12 06:00:00,1
s3://nasa-surya-bench/2017/02/20170212_1200.nc,2017-02-12 12:00:00,1
s3://nasa-surya-bench/2017/02/20170212_1800.nc,2017-02-12 18:00:00,1
s3://nasa-surya-bench/2017/02/20170213_0600.nc,2017-02-13 06:00:00,1
s3://nasa-surya-bench/2017/02/20170213_1200.nc,2017-02-13 12:00:00,1
s3://nasa-surya-bench/2017/02/20170213_1800.nc,2017-02-13 18:00:00,1
s3://nasa-surya-bench/2017/02/20170214_0000.nc,2017-02-14 00:00:00,1
s3://nasa-surya-bench/2017/02/20170214_0600.nc,2017-02-14 06:00:00,1
s3://nasa-surya-bench/2017/02/20170214_1200.nc,2017-02-14 12:00:00,1
s3://nasa-surya-bench/2017/02/20170214_1800.nc,2017-02-14 18:00:00,1
s3://nasa-surya-bench/2017/02/20170215_0000.nc,2017-02-15 00:00:00,1
s3://nasa-surya-bench/2017/02/20170215_0600.nc,2017-02-15 06:00:00,1
s3://nasa-surya-bench/2017/02/20170215_1200.nc,2017-02-15 12:00:00,1
s3://nasa-surya-bench/2017/02/20170215_1800.nc,2017-02-15 18:00:00,1
s3://nasa-surya-bench/2017/02/20170216_0000.nc,2017-02-16 00:00:00,1
s3://nasa-surya-bench/2017/02/20170216_0600.nc,2017-02-16 06:00:00,1
s3://nasa-surya-bench/2017/02/20170216_1200.nc,2017-02-16 12:00:00,1
s3://nasa-surya-bench/2017/02/20170216_1800.nc,2017-02-16 18:00:00,1
s3://nasa-surya-bench/2017/02/20170217_0000.nc,2017-02-17 00:00:00,1
s3://nasa-surya-bench/2017/02/20170217_0600.nc,2017-02-17 06:00:00,1
s3://nasa-surya-bench/2017/02/20170217_1200.nc,2017-02-17 12:00:00,1
s3://nasa-surya-bench/2017/02/20170217_1800.nc,2017-02-17 18:00:00,1
s3://nasa-surya-bench/2017/02/20170218_0000.nc,2017-02-18 00:00:00,1
s3://nasa-surya-bench/2017/02/20170218_0600.nc,2017-02-18 06:00:00,1
s3://nasa-surya-bench/2017/02/20170218_1200.nc,2017-02-18 12:00:00,1
s3://nasa-surya-bench/2017/02/20170218_1800.nc,2017-02-18 18:00:00,1
s3://nasa-surya-bench/2017/02/20170219_0000.nc,2017-02-19 00:00:00,1
s3://nasa-surya-bench/2017/02/20170219_0600.nc,2017-02-19 06:00:00,1
s3://nasa-surya-bench/2017/02/20170219_1200.nc,2017-02-19 12:00:00,1
s3://nasa-surya-bench/2017/02/20170219_1800.nc,2017-02-19 18:00:00,1
s3://nasa-surya-bench/2017/02/20170220_0000.nc,2017-02-20 00:00:00,1
s3://nasa-surya-bench/2017/02/20170220_0600.nc,2017-02-20 06:00:00,1
s3://nasa-surya-bench/2017/02/20170220_1200.nc,2017-02-20 12:00:00,1
s3://nasa-surya-bench/2017/02/20170220_1800.nc,2017-02-20 18:00:00,1
s3://nasa-surya-bench/2017/02/20170221_0000.nc,2017-02-21 00:00:00,1
s3://nasa-surya-bench/2017/02/20170221_0600.nc,2017-02-21 06:00:00,1
s3://nasa-surya-bench/2017/02/20170221_1200.nc,2017-02-21 12:00:00,1
s3://nasa-surya-bench/2017/02/20170221_1800.nc,2017-02-21 18:00:00,1
s3://nasa-surya-bench/2017/02/20170222_0000.nc,2017-02-22 00:00:00,1
s3://nasa-surya-bench/2017/02/20170222_0600.nc,2017-02-22 06:00:00,1
s3://nasa-surya-bench/2017/02/20170222_1200.nc,2017-02-22 12:00:00,1
s3://nasa-surya-bench/2017/02/20170222_1800.nc,2017-02-22 18:00:00,1
s3://nasa-surya-bench/2017/02/20170223_0000.nc,2017-02-23 00:00:00,1
s3://nasa-surya-bench/2017/02/20170223_0600.nc,2017-02-23 06:00:00,1
s3://nasa-surya-bench/2017/02/20170223_1200.nc,2017-02-23 12:00:00,1
s3://nasa-surya-bench/2017/02/20170223_1800.nc,2017-02-23 18:00:00,1
s3://nasa-surya-bench/2017/02/20170224_0000.nc,2017-02-24 00:00:00,1
s3://nasa-surya-bench/2017/02/20170224_0600.nc,2017-02-24 06:00:00,1
s3://nasa-surya-bench/2017/02/20170224_1200.nc,2017-02-24 12:00:00,1
s3://nasa-surya-bench/2017/02/20170224_1800.nc,2017-02-24 18:00:00,1
s3://nasa-surya-bench/2017/02/20170225_0000.nc,2017-02-25 00:00:00,1
s3://nasa-surya-bench/2017/02/20170225_0600.nc,2017-02-25 06:00:00,1
s3://nasa-surya-bench/2017/02/20170225_1200.nc,2017-02-25 12:00:00,1
s3://nasa-surya-bench/2017/02/20170225_1800.nc,2017-02-25 18:00:00,1
s3://nasa-surya-bench/2017/02/20170226_0000.nc,2017-02-26 00:00:00,1
s3://nasa-surya-bench/2017/02/20170226_0600.nc,2017-02-26 06:00:00,1
s3://nasa-surya-bench/2017/02/20170226_1200.nc,2017-02-26 12:00:00,1
s3://nasa-surya-bench/2017/02/20170226_1800.nc,2017-02-26 18:00:00,1
s3://nasa-surya-bench/2017/02/20170227_0000.nc,2017-02-27 00:00:00,1
s3://nasa-surya-bench/2017/02/20170227_0600.nc,2017-02-27 06:00:00,1
s3://nasa-surya-bench/2017/02/20170227_1200.nc,2017-02-27 12:00:00,1
s3://nasa-surya-bench/2017/02/20170227_1800.nc,2017-02-27 18:00:00,1
s3://nasa-surya-bench/2017/02/20170228_0000.nc,2017-02-28 00:00:00,1
s3://nasa-surya-bench/2017/02/20170228_0600.nc,2017-02-28 06:00:00,1
s3://nasa-surya-bench/2017/02/20170228_1200.nc,2017-02-28 12:00:00,1
s3://nasa-surya-bench/2017/02/20170228_1800.nc,2017-02-28 18:00:00,1
s3://nasa-surya-bench/2017/03/20170301_0000.nc,2017-03-01 00:00:00,1
s3://nasa-surya-bench/2017/03/20170301_0600.nc,2017-03-01 06:00:00,1
s3://nasa-surya-bench/2017/03/20170301_1200.nc,2017-03-01 12:00:00,1
s3://nasa-surya-bench/2017/03/20170301_1800.nc,2017-03-01 18:00:00,1
s3://nasa-surya-bench/2017/03/20170302_0000.nc,2017-03-02 00:00:00,1
s3://nasa-surya-bench/2017/03/20170302_0600.nc,2017-03-02 06:00:00,1
s3://nasa-surya-bench/2017/03/20170302_1200.nc,2017-03-02 12:00:00,1
s3://nasa-surya-bench/2017/03/20170302_1800.nc,2017-03-02 18:00:00,1
s3://nasa-surya-bench/2017/03/20170303_0000.nc,2017-03-03 00:00:00,1
s3://nasa-surya-bench/2017/03/20170303_0600.nc,2017-03-03 06:00:00,1
s3://nasa-surya-bench/2017/03/20170303_1200.nc,2017-03-03 12:00:00,1
s3://nasa-surya-bench/2017/03/20170303_1800.nc,2017-03-03 18:00:00,1
s3://nasa-surya-bench/2017/03/20170304_0000.nc,2017-03-04 00:00:00,1
s3://nasa-surya-bench/2017/03/20170304_0600.nc,2017-03-04 06:00:00,1
s3://nasa-surya-bench/2017/03/20170304_1200.nc,2017-03-04 12:00:00,1
s3://nasa-surya-bench/2017/03/20170304_1800.nc,2017-03-04 18:00:00,1
s3://nasa-surya-bench/2017/03/20170306_0000.nc,2017-03-06 00:00:00,1
s3://nasa-surya-bench/2017/03/20170306_0600.nc,2017-03-06 06:00:00,1
s3://nasa-surya-bench/2017/03/20170306_1200.nc,2017-03-06 12:00:00,1
s3://nasa-surya-bench/2017/03/20170306_1800.nc,2017-03-06 18:00:00,1
s3://nasa-surya-bench/2017/03/20170307_0000.nc,2017-03-07 00:00:00,1
s3://nasa-surya-bench/2017/03/20170307_0600.nc,2017-03-07 06:00:00,1
s3://nasa-surya-bench/2017/03/20170307_1200.nc,2017-03-07 12:00:00,1
s3://nasa-surya-bench/2017/03/20170307_1800.nc,2017-03-07 18:00:00,1
s3://nasa-surya-bench/2017/03/20170308_0000.nc,2017-03-08 00:00:00,1
s3://nasa-surya-bench/2017/03/20170308_0600.nc,2017-03-08 06:00:00,1
s3://nasa-surya-bench/2017/03/20170308_1200.nc,2017-03-08 12:00:00,1
s3://nasa-surya-bench/2017/03/20170308_1800.nc,2017-03-08 18:00:00,1
s3://nasa-surya-bench/2017/03/20170309_0000.nc,2017-03-09 00:00:00,1
s3://nasa-surya-bench/2017/03/20170309_0600.nc,2017-03-09 06:00:00,1
s3://nasa-surya-bench/2017/03/20170309_1200.nc,2017-03-09 12:00:00,1
s3://nasa-surya-bench/2017/03/20170309_1800.nc,2017-03-09 18:00:00,1
s3://nasa-surya-bench/2017/03/20170310_0000.nc,2017-03-10 00:00:00,1
s3://nasa-surya-bench/2017/03/20170310_0600.nc,2017-03-10 06:00:00,1
s3://nasa-surya-bench/2017/03/20170310_1200.nc,2017-03-10 12:00:00,1
s3://nasa-surya-bench/2017/03/20170310_1800.nc,2017-03-10 18:00:00,1
s3://nasa-surya-bench/2017/03/20170311_0000.nc,2017-03-11 00:00:00,1
s3://nasa-surya-bench/2017/03/20170311_0600.nc,2017-03-11 06:00:00,1
s3://nasa-surya-bench/2017/03/20170311_1200.nc,2017-03-11 12:00:00,1
s3://nasa-surya-bench/2017/03/20170311_1800.nc,2017-03-11 18:00:00,1
s3://nasa-surya-bench/2017/03/20170312_0000.nc,2017-03-12 00:00:00,1
s3://nasa-surya-bench/2017/03/20170312_0600.nc,2017-03-12 06:00:00,1
s3://nasa-surya-bench/2017/03/20170312_1200.nc,2017-03-12 12:00:00,1
s3://nasa-surya-bench/2017/03/20170312_1800.nc,2017-03-12 18:00:00,1
s3://nasa-surya-bench/2017/03/20170313_0000.nc,2017-03-13 00:00:00,1
s3://nasa-surya-bench/2017/03/20170313_0600.nc,2017-03-13 06:00:00,1
s3://nasa-surya-bench/2017/03/20170313_1200.nc,2017-03-13 12:00:00,1
s3://nasa-surya-bench/2017/03/20170313_1800.nc,2017-03-13 18:00:00,1
s3://nasa-surya-bench/2017/03/20170314_0000.nc,2017-03-14 00:00:00,1
s3://nasa-surya-bench/2017/03/20170314_0600.nc,2017-03-14 06:00:00,1
s3://nasa-surya-bench/2017/03/20170314_1200.nc,2017-03-14 12:00:00,1
s3://nasa-surya-bench/2017/03/20170314_1800.nc,2017-03-14 18:00:00,1
s3://nasa-surya-bench/2017/03/20170315_0000.nc,2017-03-15 00:00:00,1
s3://nasa-surya-bench/2017/03/20170315_0600.nc,2017-03-15 06:00:00,1
s3://nasa-surya-bench/2017/03/20170315_1200.nc,2017-03-15 12:00:00,1
s3://nasa-surya-bench/2017/03/20170315_1800.nc,2017-03-15 18:00:00,1
s3://nasa-surya-bench/2017/03/20170316_0000.nc,2017-03-16 00:00:00,1
s3://nasa-surya-bench/2017/03/20170316_0600.nc,2017-03-16 06:00:00,1
s3://nasa-surya-bench/2017/03/20170316_1200.nc,2017-03-16 12:00:00,1
s3://nasa-surya-bench/2017/03/20170316_1800.nc,2017-03-16 18:00:00,1
s3://nasa-surya-bench/2017/03/20170317_0000.nc,2017-03-17 00:00:00,1
s3://nasa-surya-bench/2017/03/20170317_0600.nc,2017-03-17 06:00:00,1
s3://nasa-surya-bench/2017/03/20170317_1200.nc,2017-03-17 12:00:00,1
s3://nasa-surya-bench/2017/03/20170317_1800.nc,2017-03-17 18:00:00,1
s3://nasa-surya-bench/2017/03/20170318_0000.nc,2017-03-18 00:00:00,1
s3://nasa-surya-bench/2017/03/20170318_0600.nc,2017-03-18 06:00:00,1
s3://nasa-surya-bench/2017/03/20170318_1200.nc,2017-03-18 12:00:00,1
s3://nasa-surya-bench/2017/03/20170318_1800.nc,2017-03-18 18:00:00,1
s3://nasa-surya-bench/2017/03/20170319_0000.nc,2017-03-19 00:00:00,1
s3://nasa-surya-bench/2017/03/20170319_0600.nc,2017-03-19 06:00:00,1
s3://nasa-surya-bench/2017/03/20170319_1200.nc,2017-03-19 12:00:00,1
s3://nasa-surya-bench/2017/03/20170319_1800.nc,2017-03-19 18:00:00,1
s3://nasa-surya-bench/2017/03/20170320_0000.nc,2017-03-20 00:00:00,1
s3://nasa-surya-bench/2017/03/20170320_0600.nc,2017-03-20 06:00:00,1
s3://nasa-surya-bench/2017/03/20170320_1200.nc,2017-03-20 12:00:00,1
s3://nasa-surya-bench/2017/03/20170320_1800.nc,2017-03-20 18:00:00,1
s3://nasa-surya-bench/2017/03/20170321_0000.nc,2017-03-21 00:00:00,1
s3://nasa-surya-bench/2017/03/20170321_0600.nc,2017-03-21 06:00:00,1
s3://nasa-surya-bench/2017/03/20170321_1200.nc,2017-03-21 12:00:00,1
s3://nasa-surya-bench/2017/03/20170321_1800.nc,2017-03-21 18:00:00,1
s3://nasa-surya-bench/2017/03/20170322_0000.nc,2017-03-22 00:00:00,1
s3://nasa-surya-bench/2017/03/20170322_0600.nc,2017-03-22 06:00:00,1
s3://nasa-surya-bench/2017/03/20170322_1200.nc,2017-03-22 12:00:00,1
s3://nasa-surya-bench/2017/03/20170323_0000.nc,2017-03-23 00:00:00,1
s3://nasa-surya-bench/2017/03/20170323_0600.nc,2017-03-23 06:00:00,1
s3://nasa-surya-bench/2017/03/20170323_1200.nc,2017-03-23 12:00:00,1
s3://nasa-surya-bench/2017/03/20170323_1800.nc,2017-03-23 18:00:00,1
s3://nasa-surya-bench/2017/03/20170324_0000.nc,2017-03-24 00:00:00,1
s3://nasa-surya-bench/2017/03/20170324_0600.nc,2017-03-24 06:00:00,1
s3://nasa-surya-bench/2017/03/20170324_1200.nc,2017-03-24 12:00:00,1
s3://nasa-surya-bench/2017/03/20170324_1800.nc,2017-03-24 18:00:00,1
s3://nasa-surya-bench/2017/03/20170325_0000.nc,2017-03-25 00:00:00,1
s3://nasa-surya-bench/2017/03/20170325_0600.nc,2017-03-25 06:00:00,1
s3://nasa-surya-bench/2017/03/20170325_1200.nc,2017-03-25 12:00:00,1
s3://nasa-surya-bench/2017/03/20170325_1800.nc,2017-03-25 18:00:00,1
s3://nasa-surya-bench/2017/03/20170326_0000.nc,2017-03-26 00:00:00,1
s3://nasa-surya-bench/2017/03/20170326_0600.nc,2017-03-26 06:00:00,1
s3://nasa-surya-bench/2017/03/20170326_1200.nc,2017-03-26 12:00:00,1
s3://nasa-surya-bench/2017/03/20170326_1800.nc,2017-03-26 18:00:00,1
s3://nasa-surya-bench/2017/03/20170327_0000.nc,2017-03-27 00:00:00,1
s3://nasa-surya-bench/2017/03/20170327_0600.nc,2017-03-27 06:00:00,1
s3://nasa-surya-bench/2017/03/20170327_1200.nc,2017-03-27 12:00:00,1
s3://nasa-surya-bench/2017/03/20170327_1800.nc,2017-03-27 18:00:00,1
s3://nasa-surya-bench/2017/03/20170328_0000.nc,2017-03-28 00:00:00,1
s3://nasa-surya-bench/2017/03/20170328_0600.nc,2017-03-28 06:00:00,1
s3://nasa-surya-bench/2017/03/20170328_1200.nc,2017-03-28 12:00:00,1
s3://nasa-surya-bench/2017/03/20170328_1800.nc,2017-03-28 18:00:00,1
s3://nasa-surya-bench/2017/03/20170329_0000.nc,2017-03-29 00:00:00,1
s3://nasa-surya-bench/2017/03/20170329_0600.nc,2017-03-29 06:00:00,1
s3://nasa-surya-bench/2017/03/20170329_1200.nc,2017-03-29 12:00:00,1
s3://nasa-surya-bench/2017/03/20170329_1800.nc,2017-03-29 18:00:00,1
s3://nasa-surya-bench/2017/03/20170330_0000.nc,2017-03-30 00:00:00,1
s3://nasa-surya-bench/2017/03/20170330_0600.nc,2017-03-30 06:00:00,1
s3://nasa-surya-bench/2017/03/20170330_1200.nc,2017-03-30 12:00:00,1
s3://nasa-surya-bench/2017/03/20170330_1800.nc,2017-03-30 18:00:00,1
s3://nasa-surya-bench/2017/03/20170331_0000.nc,2017-03-31 00:00:00,1
s3://nasa-surya-bench/2017/03/20170331_0600.nc,2017-03-31 06:00:00,1
s3://nasa-surya-bench/2017/03/20170331_1200.nc,2017-03-31 12:00:00,1
s3://nasa-surya-bench/2017/03/20170331_1800.nc,2017-03-31 18:00:00,1
s3://nasa-surya-bench/2017/04/20170401_0000.nc,2017-04-01 00:00:00,1
s3://nasa-surya-bench/2017/04/20170401_0600.nc,2017-04-01 06:00:00,1
s3://nasa-surya-bench/2017/04/20170401_1200.nc,2017-04-01 12:00:00,1
s3://nasa-surya-bench/2017/04/20170401_1800.nc,2017-04-01 18:00:00,1
s3://nasa-surya-bench/2017/04/20170402_0000.nc,2017-04-02 00:00:00,1
s3://nasa-surya-bench/2017/04/20170402_0600.nc,2017-04-02 06:00:00,1
s3://nasa-surya-bench/2017/04/20170402_1200.nc,2017-04-02 12:00:00,1
s3://nasa-surya-bench/2017/04/20170402_1800.nc,2017-04-02 18:00:00,1
s3://nasa-surya-bench/2017/04/20170403_0000.nc,2017-04-03 00:00:00,1
s3://nasa-surya-bench/2017/04/20170403_0600.nc,2017-04-03 06:00:00,1
s3://nasa-surya-bench/2017/04/20170403_1200.nc,2017-04-03 12:00:00,1
s3://nasa-surya-bench/2017/04/20170403_1800.nc,2017-04-03 18:00:00,1
s3://nasa-surya-bench/2017/04/20170404_0000.nc,2017-04-04 00:00:00,1
s3://nasa-surya-bench/2017/04/20170404_0600.nc,2017-04-04 06:00:00,1
s3://nasa-surya-bench/2017/04/20170404_1200.nc,2017-04-04 12:00:00,1
s3://nasa-surya-bench/2017/04/20170404_1800.nc,2017-04-04 18:00:00,1
s3://nasa-surya-bench/2017/04/20170405_0000.nc,2017-04-05 00:00:00,1
s3://nasa-surya-bench/2017/04/20170405_0600.nc,2017-04-05 06:00:00,1
s3://nasa-surya-bench/2017/04/20170405_1200.nc,2017-04-05 12:00:00,1
s3://nasa-surya-bench/2017/04/20170405_1800.nc,2017-04-05 18:00:00,1
s3://nasa-surya-bench/2017/04/20170406_0000.nc,2017-04-06 00:00:00,1
s3://nasa-surya-bench/2017/04/20170406_0600.nc,2017-04-06 06:00:00,1
s3://nasa-surya-bench/2017/04/20170406_1200.nc,2017-04-06 12:00:00,1
s3://nasa-surya-bench/2017/04/20170406_1800.nc,2017-04-06 18:00:00,1
s3://nasa-surya-bench/2017/04/20170407_0000.nc,2017-04-07 00:00:00,1
s3://nasa-surya-bench/2017/04/20170407_0600.nc,2017-04-07 06:00:00,1
s3://nasa-surya-bench/2017/04/20170407_1200.nc,2017-04-07 12:00:00,1
s3://nasa-surya-bench/2017/04/20170407_1800.nc,2017-04-07 18:00:00,1
s3://nasa-surya-bench/2017/04/20170408_0000.nc,2017-04-08 00:00:00,1
s3://nasa-surya-bench/2017/04/20170408_0600.nc,2017-04-08 06:00:00,1
s3://nasa-surya-bench/2017/04/20170408_1200.nc,2017-04-08 12:00:00,1
s3://nasa-surya-bench/2017/04/20170408_1800.nc,2017-04-08 18:00:00,1
s3://nasa-surya-bench/2017/04/20170409_0000.nc,2017-04-09 00:00:00,1
s3://nasa-surya-bench/2017/04/20170409_0600.nc,2017-04-09 06:00:00,1
s3://nasa-surya-bench/2017/04/20170409_1200.nc,2017-04-09 12:00:00,1
s3://nasa-surya-bench/2017/04/20170409_1800.nc,2017-04-09 18:00:00,1
s3://nasa-surya-bench/2017/04/20170410_0000.nc,2017-04-10 00:00:00,1
s3://nasa-surya-bench/2017/04/20170410_0600.nc,2017-04-10 06:00:00,1
s3://nasa-surya-bench/2017/04/20170410_1200.nc,2017-04-10 12:00:00,1
s3://nasa-surya-bench/2017/04/20170410_1800.nc,2017-04-10 18:00:00,1
s3://nasa-surya-bench/2017/04/20170411_0000.nc,2017-04-11 00:00:00,1
s3://nasa-surya-bench/2017/04/20170411_0600.nc,2017-04-11 06:00:00,1
s3://nasa-surya-bench/2017/04/20170411_1200.nc,2017-04-11 12:00:00,1
s3://nasa-surya-bench/2017/04/20170411_1800.nc,2017-04-11 18:00:00,1
s3://nasa-surya-bench/2017/04/20170412_0000.nc,2017-04-12 00:00:00,1
s3://nasa-surya-bench/2017/04/20170412_0600.nc,2017-04-12 06:00:00,1
s3://nasa-surya-bench/2017/04/20170412_1200.nc,2017-04-12 12:00:00,1
s3://nasa-surya-bench/2017/04/20170413_0000.nc,2017-04-13 00:00:00,1
s3://nasa-surya-bench/2017/04/20170413_0600.nc,2017-04-13 06:00:00,1
s3://nasa-surya-bench/2017/04/20170413_1200.nc,2017-04-13 12:00:00,1
s3://nasa-surya-bench/2017/04/20170413_1800.nc,2017-04-13 18:00:00,1
s3://nasa-surya-bench/2017/04/20170414_0000.nc,2017-04-14 00:00:00,1
s3://nasa-surya-bench/2017/04/20170414_0600.nc,2017-04-14 06:00:00,1
s3://nasa-surya-bench/2017/04/20170414_1200.nc,2017-04-14 12:00:00,1
s3://nasa-surya-bench/2017/04/20170414_1800.nc,2017-04-14 18:00:00,1
s3://nasa-surya-bench/2017/04/20170415_0000.nc,2017-04-15 00:00:00,1
s3://nasa-surya-bench/2017/04/20170415_0600.nc,2017-04-15 06:00:00,1
s3://nasa-surya-bench/2017/04/20170415_1200.nc,2017-04-15 12:00:00,1
s3://nasa-surya-bench/2017/04/20170415_1800.nc,2017-04-15 18:00:00,1
s3://nasa-surya-bench/2017/04/20170416_0000.nc,2017-04-16 00:00:00,1
s3://nasa-surya-bench/2017/04/20170416_0600.nc,2017-04-16 06:00:00,1
s3://nasa-surya-bench/2017/04/20170416_1200.nc,2017-04-16 12:00:00,1
s3://nasa-surya-bench/2017/04/20170416_1800.nc,2017-04-16 18:00:00,1
s3://nasa-surya-bench/2017/04/20170417_0000.nc,2017-04-17 00:00:00,1
s3://nasa-surya-bench/2017/04/20170417_0600.nc,2017-04-17 06:00:00,1
s3://nasa-surya-bench/2017/04/20170417_1200.nc,2017-04-17 12:00:00,1
s3://nasa-surya-bench/2017/04/20170417_1800.nc,2017-04-17 18:00:00,1
s3://nasa-surya-bench/2017/04/20170418_0000.nc,2017-04-18 00:00:00,1
s3://nasa-surya-bench/2017/04/20170418_0600.nc,2017-04-18 06:00:00,1
s3://nasa-surya-bench/2017/04/20170418_1200.nc,2017-04-18 12:00:00,1
s3://nasa-surya-bench/2017/04/20170418_1800.nc,2017-04-18 18:00:00,1
s3://nasa-surya-bench/2017/04/20170419_0000.nc,2017-04-19 00:00:00,1
s3://nasa-surya-bench/2017/04/20170419_0600.nc,2017-04-19 06:00:00,1
s3://nasa-surya-bench/2017/04/20170419_1200.nc,2017-04-19 12:00:00,1
s3://nasa-surya-bench/2017/04/20170420_0000.nc,2017-04-20 00:00:00,1
s3://nasa-surya-bench/2017/04/20170420_0600.nc,2017-04-20 06:00:00,1
s3://nasa-surya-bench/2017/04/20170420_1200.nc,2017-04-20 12:00:00,1
s3://nasa-surya-bench/2017/04/20170420_1800.nc,2017-04-20 18:00:00,1
s3://nasa-surya-bench/2017/04/20170421_0000.nc,2017-04-21 00:00:00,1
s3://nasa-surya-bench/2017/04/20170421_0600.nc,2017-04-21 06:00:00,1
s3://nasa-surya-bench/2017/04/20170421_1200.nc,2017-04-21 12:00:00,1
s3://nasa-surya-bench/2017/04/20170421_1800.nc,2017-04-21 18:00:00,1
s3://nasa-surya-bench/2017/04/20170422_0000.nc,2017-04-22 00:00:00,1
s3://nasa-surya-bench/2017/04/20170422_0600.nc,2017-04-22 06:00:00,1
s3://nasa-surya-bench/2017/04/20170422_1200.nc,2017-04-22 12:00:00,1
s3://nasa-surya-bench/2017/04/20170422_1800.nc,2017-04-22 18:00:00,1
s3://nasa-surya-bench/2017/04/20170423_0000.nc,2017-04-23 00:00:00,1
s3://nasa-surya-bench/2017/04/20170423_0600.nc,2017-04-23 06:00:00,1
s3://nasa-surya-bench/2017/04/20170423_1200.nc,2017-04-23 12:00:00,1
s3://nasa-surya-bench/2017/04/20170423_1800.nc,2017-04-23 18:00:00,1
s3://nasa-surya-bench/2017/04/20170424_0000.nc,2017-04-24 00:00:00,1
s3://nasa-surya-bench/2017/04/20170424_0600.nc,2017-04-24 06:00:00,1
s3://nasa-surya-bench/2017/04/20170424_1200.nc,2017-04-24 12:00:00,1
s3://nasa-surya-bench/2017/04/20170424_1800.nc,2017-04-24 18:00:00,1
s3://nasa-surya-bench/2017/04/20170425_0000.nc,2017-04-25 00:00:00,1
s3://nasa-surya-bench/2017/04/20170425_0600.nc,2017-04-25 06:00:00,1
s3://nasa-surya-bench/2017/04/20170425_1200.nc,2017-04-25 12:00:00,1
s3://nasa-surya-bench/2017/04/20170425_1800.nc,2017-04-25 18:00:00,1
s3://nasa-surya-bench/2017/04/20170426_0000.nc,2017-04-26 00:00:00,1
s3://nasa-surya-bench/2017/04/20170426_0600.nc,2017-04-26 06:00:00,1
s3://nasa-surya-bench/2017/04/20170426_1200.nc,2017-04-26 12:00:00,1
s3://nasa-surya-bench/2017/04/20170426_1800.nc,2017-04-26 18:00:00,1
s3://nasa-surya-bench/2017/04/20170427_0000.nc,2017-04-27 00:00:00,1
s3://nasa-surya-bench/2017/04/20170427_0600.nc,2017-04-27 06:00:00,1
s3://nasa-surya-bench/2017/04/20170427_1200.nc,2017-04-27 12:00:00,1
s3://nasa-surya-bench/2017/04/20170427_1800.nc,2017-04-27 18:00:00,1
s3://nasa-surya-bench/2017/04/20170428_0000.nc,2017-04-28 00:00:00,1
s3://nasa-surya-bench/2017/04/20170428_0600.nc,2017-04-28 06:00:00,1
s3://nasa-surya-bench/2017/04/20170428_1200.nc,2017-04-28 12:00:00,1
s3://nasa-surya-bench/2017/04/20170428_1800.nc,2017-04-28 18:00:00,1
s3://nasa-surya-bench/2017/04/20170429_0000.nc,2017-04-29 00:00:00,1
s3://nasa-surya-bench/2017/04/20170429_0600.nc,2017-04-29 06:00:00,1
s3://nasa-surya-bench/2017/04/20170429_1200.nc,2017-04-29 12:00:00,1
s3://nasa-surya-bench/2017/04/20170429_1800.nc,2017-04-29 18:00:00,1
s3://nasa-surya-bench/2017/04/20170430_0000.nc,2017-04-30 00:00:00,1
s3://nasa-surya-bench/2017/04/20170430_0600.nc,2017-04-30 06:00:00,1
s3://nasa-surya-bench/2017/04/20170430_1200.nc,2017-04-30 12:00:00,1
s3://nasa-surya-bench/2017/04/20170430_1800.nc,2017-04-30 18:00:00,1
s3://nasa-surya-bench/2017/05/20170501_0000.nc,2017-05-01 00:00:00,1
s3://nasa-surya-bench/2017/05/20170501_0600.nc,2017-05-01 06:00:00,1
s3://nasa-surya-bench/2017/05/20170501_1200.nc,2017-05-01 12:00:00,1
s3://nasa-surya-bench/2017/05/20170501_1800.nc,2017-05-01 18:00:00,1
s3://nasa-surya-bench/2017/05/20170502_0000.nc,2017-05-02 00:00:00,1
s3://nasa-surya-bench/2017/05/20170502_0600.nc,2017-05-02 06:00:00,1
s3://nasa-surya-bench/2017/05/20170502_1200.nc,2017-05-02 12:00:00,1
s3://nasa-surya-bench/2017/05/20170502_1800.nc,2017-05-02 18:00:00,1
s3://nasa-surya-bench/2017/05/20170503_0000.nc,2017-05-03 00:00:00,1
s3://nasa-surya-bench/2017/05/20170503_0600.nc,2017-05-03 06:00:00,1
s3://nasa-surya-bench/2017/05/20170503_1200.nc,2017-05-03 12:00:00,1
s3://nasa-surya-bench/2017/05/20170503_1800.nc,2017-05-03 18:00:00,1
s3://nasa-surya-bench/2017/05/20170504_0000.nc,2017-05-04 00:00:00,1
s3://nasa-surya-bench/2017/05/20170504_0600.nc,2017-05-04 06:00:00,1
s3://nasa-surya-bench/2017/05/20170504_1200.nc,2017-05-04 12:00:00,1
s3://nasa-surya-bench/2017/05/20170504_1800.nc,2017-05-04 18:00:00,1
s3://nasa-surya-bench/2017/05/20170505_0000.nc,2017-05-05 00:00:00,1
s3://nasa-surya-bench/2017/05/20170505_0600.nc,2017-05-05 06:00:00,1
s3://nasa-surya-bench/2017/05/20170505_1200.nc,2017-05-05 12:00:00,1
s3://nasa-surya-bench/2017/05/20170505_1800.nc,2017-05-05 18:00:00,1
s3://nasa-surya-bench/2017/05/20170506_0000.nc,2017-05-06 00:00:00,1
s3://nasa-surya-bench/2017/05/20170506_0600.nc,2017-05-06 06:00:00,1
s3://nasa-surya-bench/2017/05/20170506_1200.nc,2017-05-06 12:00:00,1
s3://nasa-surya-bench/2017/05/20170506_1800.nc,2017-05-06 18:00:00,1
s3://nasa-surya-bench/2017/05/20170507_0000.nc,2017-05-07 00:00:00,1
s3://nasa-surya-bench/2017/05/20170507_0600.nc,2017-05-07 06:00:00,1
s3://nasa-surya-bench/2017/05/20170507_1200.nc,2017-05-07 12:00:00,1
s3://nasa-surya-bench/2017/05/20170507_1800.nc,2017-05-07 18:00:00,1
s3://nasa-surya-bench/2017/05/20170508_0000.nc,2017-05-08 00:00:00,1
s3://nasa-surya-bench/2017/05/20170508_0600.nc,2017-05-08 06:00:00,1
s3://nasa-surya-bench/2017/05/20170508_1200.nc,2017-05-08 12:00:00,1
s3://nasa-surya-bench/2017/05/20170508_1800.nc,2017-05-08 18:00:00,1
s3://nasa-surya-bench/2017/05/20170509_0000.nc,2017-05-09 00:00:00,1
s3://nasa-surya-bench/2017/05/20170509_0600.nc,2017-05-09 06:00:00,1
s3://nasa-surya-bench/2017/05/20170509_1200.nc,2017-05-09 12:00:00,1
s3://nasa-surya-bench/2017/05/20170509_1800.nc,2017-05-09 18:00:00,1
s3://nasa-surya-bench/2017/05/20170510_0000.nc,2017-05-10 00:00:00,1
s3://nasa-surya-bench/2017/05/20170510_0600.nc,2017-05-10 06:00:00,1
s3://nasa-surya-bench/2017/05/20170510_1200.nc,2017-05-10 12:00:00,1
s3://nasa-surya-bench/2017/05/20170510_1800.nc,2017-05-10 18:00:00,1
s3://nasa-surya-bench/2017/05/20170511_0000.nc,2017-05-11 00:00:00,1
s3://nasa-surya-bench/2017/05/20170511_0600.nc,2017-05-11 06:00:00,1
s3://nasa-surya-bench/2017/05/20170511_1200.nc,2017-05-11 12:00:00,1
s3://nasa-surya-bench/2017/05/20170511_1800.nc,2017-05-11 18:00:00,1
s3://nasa-surya-bench/2017/05/20170512_0000.nc,2017-05-12 00:00:00,1
s3://nasa-surya-bench/2017/05/20170512_0600.nc,2017-05-12 06:00:00,1
s3://nasa-surya-bench/2017/05/20170512_1200.nc,2017-05-12 12:00:00,1
s3://nasa-surya-bench/2017/05/20170512_1800.nc,2017-05-12 18:00:00,1
s3://nasa-surya-bench/2017/05/20170513_0000.nc,2017-05-13 00:00:00,1
s3://nasa-surya-bench/2017/05/20170513_0600.nc,2017-05-13 06:00:00,1
s3://nasa-surya-bench/2017/05/20170513_1200.nc,2017-05-13 12:00:00,1
s3://nasa-surya-bench/2017/05/20170513_1800.nc,2017-05-13 18:00:00,1
s3://nasa-surya-bench/2017/05/20170514_0000.nc,2017-05-14 00:00:00,1
s3://nasa-surya-bench/2017/05/20170514_0600.nc,2017-05-14 06:00:00,1
s3://nasa-surya-bench/2017/05/20170514_1200.nc,2017-05-14 12:00:00,1
s3://nasa-surya-bench/2017/05/20170514_1800.nc,2017-05-14 18:00:00,1
s3://nasa-surya-bench/2017/05/20170515_0000.nc,2017-05-15 00:00:00,1
s3://nasa-surya-bench/2017/05/20170515_0600.nc,2017-05-15 06:00:00,1
s3://nasa-surya-bench/2017/05/20170515_1200.nc,2017-05-15 12:00:00,1
s3://nasa-surya-bench/2017/05/20170515_1800.nc,2017-05-15 18:00:00,1
s3://nasa-surya-bench/2017/05/20170516_0000.nc,2017-05-16 00:00:00,1
s3://nasa-surya-bench/2017/05/20170516_0600.nc,2017-05-16 06:00:00,1
s3://nasa-surya-bench/2017/05/20170516_1200.nc,2017-05-16 12:00:00,1
s3://nasa-surya-bench/2017/05/20170516_1800.nc,2017-05-16 18:00:00,1
s3://nasa-surya-bench/2017/05/20170517_0000.nc,2017-05-17 00:00:00,1
s3://nasa-surya-bench/2017/05/20170517_0600.nc,2017-05-17 06:00:00,1
s3://nasa-surya-bench/2017/05/20170517_1200.nc,2017-05-17 12:00:00,1
s3://nasa-surya-bench/2017/06/20170618_0600.nc,2017-06-18 06:00:00,1
s3://nasa-surya-bench/2017/06/20170618_1200.nc,2017-06-18 12:00:00,1
s3://nasa-surya-bench/2017/06/20170618_1800.nc,2017-06-18 18:00:00,1
s3://nasa-surya-bench/2017/06/20170619_0000.nc,2017-06-19 00:00:00,1
s3://nasa-surya-bench/2017/06/20170619_0600.nc,2017-06-19 06:00:00,1
s3://nasa-surya-bench/2017/06/20170619_1200.nc,2017-06-19 12:00:00,1
s3://nasa-surya-bench/2017/06/20170619_1800.nc,2017-06-19 18:00:00,1
s3://nasa-surya-bench/2017/06/20170620_0000.nc,2017-06-20 00:00:00,1
s3://nasa-surya-bench/2017/06/20170620_0600.nc,2017-06-20 06:00:00,1
s3://nasa-surya-bench/2017/06/20170620_1200.nc,2017-06-20 12:00:00,1
s3://nasa-surya-bench/2017/06/20170620_1800.nc,2017-06-20 18:00:00,1
s3://nasa-surya-bench/2017/06/20170621_0000.nc,2017-06-21 00:00:00,1
s3://nasa-surya-bench/2017/06/20170621_0600.nc,2017-06-21 06:00:00,1
s3://nasa-surya-bench/2017/06/20170621_1200.nc,2017-06-21 12:00:00,1
s3://nasa-surya-bench/2017/06/20170621_1800.nc,2017-06-21 18:00:00,1
s3://nasa-surya-bench/2017/06/20170622_0000.nc,2017-06-22 00:00:00,1
s3://nasa-surya-bench/2017/06/20170622_0600.nc,2017-06-22 06:00:00,1
s3://nasa-surya-bench/2017/06/20170622_1200.nc,2017-06-22 12:00:00,1
s3://nasa-surya-bench/2017/06/20170622_1800.nc,2017-06-22 18:00:00,1
s3://nasa-surya-bench/2017/06/20170623_0000.nc,2017-06-23 00:00:00,1
s3://nasa-surya-bench/2017/06/20170623_0600.nc,2017-06-23 06:00:00,1
s3://nasa-surya-bench/2017/06/20170623_1200.nc,2017-06-23 12:00:00,1
s3://nasa-surya-bench/2017/06/20170623_1800.nc,2017-06-23 18:00:00,1
s3://nasa-surya-bench/2017/06/20170624_0000.nc,2017-06-24 00:00:00,1
s3://nasa-surya-bench/2017/06/20170624_0600.nc,2017-06-24 06:00:00,1
s3://nasa-surya-bench/2017/06/20170624_1200.nc,2017-06-24 12:00:00,1
s3://nasa-surya-bench/2017/06/20170624_1800.nc,2017-06-24 18:00:00,1
s3://nasa-surya-bench/2017/06/20170625_0000.nc,2017-06-25 00:00:00,1
s3://nasa-surya-bench/2017/06/20170625_0600.nc,2017-06-25 06:00:00,1
s3://nasa-surya-bench/2017/06/20170625_1200.nc,2017-06-25 12:00:00,1
s3://nasa-surya-bench/2017/06/20170625_1800.nc,2017-06-25 18:00:00,1
s3://nasa-surya-bench/2017/06/20170626_0000.nc,2017-06-26 00:00:00,1
s3://nasa-surya-bench/2017/06/20170626_0600.nc,2017-06-26 06:00:00,1
s3://nasa-surya-bench/2017/06/20170626_1200.nc,2017-06-26 12:00:00,1
s3://nasa-surya-bench/2017/06/20170626_1800.nc,2017-06-26 18:00:00,1
s3://nasa-surya-bench/2017/06/20170627_0000.nc,2017-06-27 00:00:00,1
s3://nasa-surya-bench/2017/06/20170627_0600.nc,2017-06-27 06:00:00,1
s3://nasa-surya-bench/2017/06/20170627_1200.nc,2017-06-27 12:00:00,1
s3://nasa-surya-bench/2017/06/20170627_1800.nc,2017-06-27 18:00:00,1
s3://nasa-surya-bench/2017/06/20170628_0000.nc,2017-06-28 00:00:00,1
s3://nasa-surya-bench/2017/06/20170628_0600.nc,2017-06-28 06:00:00,1
s3://nasa-surya-bench/2017/06/20170628_1200.nc,2017-06-28 12:00:00,1
s3://nasa-surya-bench/2017/06/20170628_1800.nc,2017-06-28 18:00:00,1
s3://nasa-surya-bench/2017/06/20170629_0000.nc,2017-06-29 00:00:00,1
s3://nasa-surya-bench/2017/06/20170629_0600.nc,2017-06-29 06:00:00,1
s3://nasa-surya-bench/2017/06/20170629_1200.nc,2017-06-29 12:00:00,1
s3://nasa-surya-bench/2017/06/20170629_1800.nc,2017-06-29 18:00:00,1
s3://nasa-surya-bench/2017/06/20170630_0000.nc,2017-06-30 00:00:00,1
s3://nasa-surya-bench/2017/06/20170630_0600.nc,2017-06-30 06:00:00,1
s3://nasa-surya-bench/2017/06/20170630_1200.nc,2017-06-30 12:00:00,1
s3://nasa-surya-bench/2017/06/20170630_1800.nc,2017-06-30 18:00:00,1
s3://nasa-surya-bench/2017/07/20170701_0000.nc,2017-07-01 00:00:00,1
s3://nasa-surya-bench/2017/07/20170701_0600.nc,2017-07-01 06:00:00,1
s3://nasa-surya-bench/2017/07/20170701_1200.nc,2017-07-01 12:00:00,1
s3://nasa-surya-bench/2017/07/20170701_1800.nc,2017-07-01 18:00:00,1
s3://nasa-surya-bench/2017/07/20170702_0000.nc,2017-07-02 00:00:00,1
s3://nasa-surya-bench/2017/07/20170702_0600.nc,2017-07-02 06:00:00,1
s3://nasa-surya-bench/2017/07/20170702_1200.nc,2017-07-02 12:00:00,1
s3://nasa-surya-bench/2017/07/20170702_1800.nc,2017-07-02 18:00:00,1
s3://nasa-surya-bench/2017/07/20170703_0000.nc,2017-07-03 00:00:00,1
s3://nasa-surya-bench/2017/07/20170703_0600.nc,2017-07-03 06:00:00,1
s3://nasa-surya-bench/2017/07/20170703_1200.nc,2017-07-03 12:00:00,1
s3://nasa-surya-bench/2017/07/20170703_1800.nc,2017-07-03 18:00:00,1
s3://nasa-surya-bench/2017/07/20170704_0000.nc,2017-07-04 00:00:00,1
s3://nasa-surya-bench/2017/07/20170704_0600.nc,2017-07-04 06:00:00,1
s3://nasa-surya-bench/2017/07/20170704_1200.nc,2017-07-04 12:00:00,1
s3://nasa-surya-bench/2017/07/20170704_1800.nc,2017-07-04 18:00:00,1
s3://nasa-surya-bench/2017/07/20170705_0000.nc,2017-07-05 00:00:00,1
s3://nasa-surya-bench/2017/07/20170705_0600.nc,2017-07-05 06:00:00,1
s3://nasa-surya-bench/2017/07/20170705_1200.nc,2017-07-05 12:00:00,1
s3://nasa-surya-bench/2017/07/20170706_0000.nc,2017-07-06 00:00:00,1
s3://nasa-surya-bench/2017/07/20170706_0600.nc,2017-07-06 06:00:00,1
s3://nasa-surya-bench/2017/07/20170706_1200.nc,2017-07-06 12:00:00,1
s3://nasa-surya-bench/2017/07/20170706_1800.nc,2017-07-06 18:00:00,1
s3://nasa-surya-bench/2017/07/20170707_0000.nc,2017-07-07 00:00:00,1
s3://nasa-surya-bench/2017/07/20170707_0600.nc,2017-07-07 06:00:00,1
s3://nasa-surya-bench/2017/07/20170707_1200.nc,2017-07-07 12:00:00,1
s3://nasa-surya-bench/2017/07/20170707_1800.nc,2017-07-07 18:00:00,1
s3://nasa-surya-bench/2017/07/20170708_0000.nc,2017-07-08 00:00:00,1
s3://nasa-surya-bench/2017/07/20170708_0600.nc,2017-07-08 06:00:00,1
s3://nasa-surya-bench/2017/07/20170708_1200.nc,2017-07-08 12:00:00,1
s3://nasa-surya-bench/2017/07/20170708_1800.nc,2017-07-08 18:00:00,1
s3://nasa-surya-bench/2017/07/20170709_0000.nc,2017-07-09 00:00:00,1
s3://nasa-surya-bench/2017/07/20170709_0600.nc,2017-07-09 06:00:00,1
s3://nasa-surya-bench/2017/07/20170709_1200.nc,2017-07-09 12:00:00,1
s3://nasa-surya-bench/2017/07/20170709_1800.nc,2017-07-09 18:00:00,1
s3://nasa-surya-bench/2017/07/20170710_0000.nc,2017-07-10 00:00:00,1
s3://nasa-surya-bench/2017/07/20170710_0600.nc,2017-07-10 06:00:00,1
s3://nasa-surya-bench/2017/07/20170710_1200.nc,2017-07-10 12:00:00,1
s3://nasa-surya-bench/2017/07/20170710_1800.nc,2017-07-10 18:00:00,1
s3://nasa-surya-bench/2017/07/20170711_0000.nc,2017-07-11 00:00:00,1
s3://nasa-surya-bench/2017/07/20170711_0600.nc,2017-07-11 06:00:00,1
s3://nasa-surya-bench/2017/07/20170711_1200.nc,2017-07-11 12:00:00,1
s3://nasa-surya-bench/2017/07/20170711_1800.nc,2017-07-11 18:00:00,1
s3://nasa-surya-bench/2017/07/20170712_0000.nc,2017-07-12 00:00:00,1
s3://nasa-surya-bench/2017/07/20170712_0600.nc,2017-07-12 06:00:00,1
s3://nasa-surya-bench/2017/07/20170712_1200.nc,2017-07-12 12:00:00,1
s3://nasa-surya-bench/2017/07/20170713_0000.nc,2017-07-13 00:00:00,1
s3://nasa-surya-bench/2017/07/20170713_0600.nc,2017-07-13 06:00:00,1
s3://nasa-surya-bench/2017/07/20170713_1200.nc,2017-07-13 12:00:00,1
s3://nasa-surya-bench/2017/07/20170713_1800.nc,2017-07-13 18:00:00,1
s3://nasa-surya-bench/2017/07/20170714_0000.nc,2017-07-14 00:00:00,1
s3://nasa-surya-bench/2017/07/20170714_0600.nc,2017-07-14 06:00:00,1
s3://nasa-surya-bench/2017/07/20170714_1200.nc,2017-07-14 12:00:00,1
s3://nasa-surya-bench/2017/07/20170714_1800.nc,2017-07-14 18:00:00,1
s3://nasa-surya-bench/2017/07/20170715_0000.nc,2017-07-15 00:00:00,1
s3://nasa-surya-bench/2017/07/20170715_0600.nc,2017-07-15 06:00:00,1
s3://nasa-surya-bench/2017/07/20170715_1200.nc,2017-07-15 12:00:00,1
s3://nasa-surya-bench/2017/07/20170715_1800.nc,2017-07-15 18:00:00,1
s3://nasa-surya-bench/2017/07/20170716_0000.nc,2017-07-16 00:00:00,1
s3://nasa-surya-bench/2017/07/20170716_0600.nc,2017-07-16 06:00:00,1
s3://nasa-surya-bench/2017/07/20170716_1200.nc,2017-07-16 12:00:00,1
s3://nasa-surya-bench/2017/07/20170716_1800.nc,2017-07-16 18:00:00,1
s3://nasa-surya-bench/2017/07/20170717_0000.nc,2017-07-17 00:00:00,1
s3://nasa-surya-bench/2017/07/20170717_0600.nc,2017-07-17 06:00:00,1
s3://nasa-surya-bench/2017/07/20170717_1200.nc,2017-07-17 12:00:00,1
s3://nasa-surya-bench/2017/07/20170717_1800.nc,2017-07-17 18:00:00,1
s3://nasa-surya-bench/2017/07/20170718_0000.nc,2017-07-18 00:00:00,1
s3://nasa-surya-bench/2017/07/20170718_0600.nc,2017-07-18 06:00:00,1
s3://nasa-surya-bench/2017/07/20170718_1200.nc,2017-07-18 12:00:00,1
s3://nasa-surya-bench/2017/07/20170718_1800.nc,2017-07-18 18:00:00,1
s3://nasa-surya-bench/2017/07/20170719_0000.nc,2017-07-19 00:00:00,1
s3://nasa-surya-bench/2017/07/20170719_0600.nc,2017-07-19 06:00:00,1
s3://nasa-surya-bench/2017/07/20170719_1200.nc,2017-07-19 12:00:00,1
s3://nasa-surya-bench/2017/07/20170720_0000.nc,2017-07-20 00:00:00,1
s3://nasa-surya-bench/2017/07/20170720_0600.nc,2017-07-20 06:00:00,1
s3://nasa-surya-bench/2017/07/20170720_1200.nc,2017-07-20 12:00:00,1
s3://nasa-surya-bench/2017/07/20170720_1800.nc,2017-07-20 18:00:00,1
s3://nasa-surya-bench/2017/07/20170721_0000.nc,2017-07-21 00:00:00,1
s3://nasa-surya-bench/2017/07/20170721_0600.nc,2017-07-21 06:00:00,1
s3://nasa-surya-bench/2017/07/20170721_1200.nc,2017-07-21 12:00:00,1
s3://nasa-surya-bench/2017/07/20170721_1800.nc,2017-07-21 18:00:00,1
s3://nasa-surya-bench/2017/07/20170722_0000.nc,2017-07-22 00:00:00,1
s3://nasa-surya-bench/2017/07/20170722_0600.nc,2017-07-22 06:00:00,1
s3://nasa-surya-bench/2017/07/20170722_1200.nc,2017-07-22 12:00:00,1
s3://nasa-surya-bench/2017/07/20170722_1800.nc,2017-07-22 18:00:00,1
s3://nasa-surya-bench/2017/07/20170723_0600.nc,2017-07-23 06:00:00,1
s3://nasa-surya-bench/2017/07/20170723_1200.nc,2017-07-23 12:00:00,1
s3://nasa-surya-bench/2017/07/20170723_1800.nc,2017-07-23 18:00:00,1
s3://nasa-surya-bench/2017/07/20170724_0000.nc,2017-07-24 00:00:00,1
s3://nasa-surya-bench/2017/07/20170724_0600.nc,2017-07-24 06:00:00,1
s3://nasa-surya-bench/2017/07/20170724_1200.nc,2017-07-24 12:00:00,1
s3://nasa-surya-bench/2017/07/20170724_1800.nc,2017-07-24 18:00:00,1
s3://nasa-surya-bench/2017/07/20170725_0000.nc,2017-07-25 00:00:00,1
s3://nasa-surya-bench/2017/07/20170725_0600.nc,2017-07-25 06:00:00,1
s3://nasa-surya-bench/2017/07/20170725_1200.nc,2017-07-25 12:00:00,1
s3://nasa-surya-bench/2017/07/20170725_1800.nc,2017-07-25 18:00:00,1
s3://nasa-surya-bench/2017/07/20170726_0000.nc,2017-07-26 00:00:00,1
s3://nasa-surya-bench/2017/07/20170726_0600.nc,2017-07-26 06:00:00,1
s3://nasa-surya-bench/2017/07/20170726_1200.nc,2017-07-26 12:00:00,1
s3://nasa-surya-bench/2017/07/20170726_1800.nc,2017-07-26 18:00:00,1
s3://nasa-surya-bench/2017/07/20170727_0000.nc,2017-07-27 00:00:00,1
s3://nasa-surya-bench/2017/07/20170727_0600.nc,2017-07-27 06:00:00,1
s3://nasa-surya-bench/2017/07/20170727_1200.nc,2017-07-27 12:00:00,1
s3://nasa-surya-bench/2017/07/20170727_1800.nc,2017-07-27 18:00:00,1
s3://nasa-surya-bench/2017/07/20170728_0000.nc,2017-07-28 00:00:00,1
s3://nasa-surya-bench/2017/07/20170728_0600.nc,2017-07-28 06:00:00,1
s3://nasa-surya-bench/2017/07/20170728_1200.nc,2017-07-28 12:00:00,1
s3://nasa-surya-bench/2017/07/20170728_1800.nc,2017-07-28 18:00:00,1
s3://nasa-surya-bench/2017/07/20170729_0000.nc,2017-07-29 00:00:00,1
s3://nasa-surya-bench/2017/07/20170729_0600.nc,2017-07-29 06:00:00,1
s3://nasa-surya-bench/2017/07/20170729_1200.nc,2017-07-29 12:00:00,1
s3://nasa-surya-bench/2017/07/20170729_1800.nc,2017-07-29 18:00:00,1
s3://nasa-surya-bench/2017/07/20170730_0000.nc,2017-07-30 00:00:00,1
s3://nasa-surya-bench/2017/07/20170730_0600.nc,2017-07-30 06:00:00,1
s3://nasa-surya-bench/2017/07/20170730_1200.nc,2017-07-30 12:00:00,1
s3://nasa-surya-bench/2017/07/20170730_1800.nc,2017-07-30 18:00:00,1
s3://nasa-surya-bench/2017/07/20170731_0000.nc,2017-07-31 00:00:00,1
s3://nasa-surya-bench/2017/07/20170731_0600.nc,2017-07-31 06:00:00,1
s3://nasa-surya-bench/2017/07/20170731_1200.nc,2017-07-31 12:00:00,1
s3://nasa-surya-bench/2017/07/20170731_1800.nc,2017-07-31 18:00:00,1
s3://nasa-surya-bench/2017/08/20170801_0000.nc,2017-08-01 00:00:00,1
s3://nasa-surya-bench/2017/08/20170801_0600.nc,2017-08-01 06:00:00,1
s3://nasa-surya-bench/2017/08/20170801_1200.nc,2017-08-01 12:00:00,1
s3://nasa-surya-bench/2017/08/20170801_1800.nc,2017-08-01 18:00:00,1
s3://nasa-surya-bench/2017/08/20170802_0000.nc,2017-08-02 00:00:00,1
s3://nasa-surya-bench/2017/08/20170802_0600.nc,2017-08-02 06:00:00,1
s3://nasa-surya-bench/2017/08/20170802_1200.nc,2017-08-02 12:00:00,1
s3://nasa-surya-bench/2017/08/20170802_1800.nc,2017-08-02 18:00:00,1
s3://nasa-surya-bench/2017/08/20170803_0000.nc,2017-08-03 00:00:00,1
s3://nasa-surya-bench/2017/08/20170803_0600.nc,2017-08-03 06:00:00,1
s3://nasa-surya-bench/2017/08/20170803_1200.nc,2017-08-03 12:00:00,1
s3://nasa-surya-bench/2017/08/20170803_1800.nc,2017-08-03 18:00:00,1
s3://nasa-surya-bench/2017/08/20170804_0000.nc,2017-08-04 00:00:00,1
s3://nasa-surya-bench/2017/08/20170804_0600.nc,2017-08-04 06:00:00,1
s3://nasa-surya-bench/2017/08/20170804_1200.nc,2017-08-04 12:00:00,1
s3://nasa-surya-bench/2017/08/20170804_1800.nc,2017-08-04 18:00:00,1
s3://nasa-surya-bench/2017/08/20170805_0000.nc,2017-08-05 00:00:00,1
s3://nasa-surya-bench/2017/08/20170805_0600.nc,2017-08-05 06:00:00,1
s3://nasa-surya-bench/2017/08/20170805_1200.nc,2017-08-05 12:00:00,1
s3://nasa-surya-bench/2017/08/20170805_1800.nc,2017-08-05 18:00:00,1
s3://nasa-surya-bench/2017/08/20170806_0000.nc,2017-08-06 00:00:00,1
s3://nasa-surya-bench/2017/08/20170806_0600.nc,2017-08-06 06:00:00,1
s3://nasa-surya-bench/2017/08/20170806_1200.nc,2017-08-06 12:00:00,1
s3://nasa-surya-bench/2017/08/20170806_1800.nc,2017-08-06 18:00:00,1
s3://nasa-surya-bench/2017/08/20170807_0000.nc,2017-08-07 00:00:00,1
s3://nasa-surya-bench/2017/08/20170807_0600.nc,2017-08-07 06:00:00,1
s3://nasa-surya-bench/2017/08/20170807_1200.nc,2017-08-07 12:00:00,1
s3://nasa-surya-bench/2017/08/20170807_1800.nc,2017-08-07 18:00:00,1
s3://nasa-surya-bench/2017/08/20170808_0000.nc,2017-08-08 00:00:00,1
s3://nasa-surya-bench/2017/08/20170808_0600.nc,2017-08-08 06:00:00,1
s3://nasa-surya-bench/2017/08/20170808_1200.nc,2017-08-08 12:00:00,1
s3://nasa-surya-bench/2017/08/20170808_1800.nc,2017-08-08 18:00:00,1
s3://nasa-surya-bench/2017/08/20170809_0000.nc,2017-08-09 00:00:00,1
s3://nasa-surya-bench/2017/08/20170809_0600.nc,2017-08-09 06:00:00,1
s3://nasa-surya-bench/2017/08/20170809_1200.nc,2017-08-09 12:00:00,1
s3://nasa-surya-bench/2017/08/20170809_1800.nc,2017-08-09 18:00:00,1
s3://nasa-surya-bench/2017/08/20170810_0000.nc,2017-08-10 00:00:00,1
s3://nasa-surya-bench/2017/08/20170810_0600.nc,2017-08-10 06:00:00,1
s3://nasa-surya-bench/2017/08/20170810_1200.nc,2017-08-10 12:00:00,1
s3://nasa-surya-bench/2017/08/20170810_1800.nc,2017-08-10 18:00:00,1
s3://nasa-surya-bench/2017/08/20170811_0000.nc,2017-08-11 00:00:00,1
s3://nasa-surya-bench/2017/08/20170811_0600.nc,2017-08-11 06:00:00,1
s3://nasa-surya-bench/2017/08/20170811_1200.nc,2017-08-11 12:00:00,1
s3://nasa-surya-bench/2017/08/20170811_1800.nc,2017-08-11 18:00:00,1
s3://nasa-surya-bench/2017/08/20170812_0000.nc,2017-08-12 00:00:00,1
s3://nasa-surya-bench/2017/08/20170812_0600.nc,2017-08-12 06:00:00,1
s3://nasa-surya-bench/2017/08/20170812_1200.nc,2017-08-12 12:00:00,1
s3://nasa-surya-bench/2017/08/20170812_1800.nc,2017-08-12 18:00:00,1
s3://nasa-surya-bench/2017/08/20170813_0000.nc,2017-08-13 00:00:00,1
s3://nasa-surya-bench/2017/08/20170813_0600.nc,2017-08-13 06:00:00,1
s3://nasa-surya-bench/2017/08/20170813_1200.nc,2017-08-13 12:00:00,1
s3://nasa-surya-bench/2017/08/20170813_1800.nc,2017-08-13 18:00:00,1
s3://nasa-surya-bench/2017/08/20170814_0000.nc,2017-08-14 00:00:00,1
s3://nasa-surya-bench/2017/08/20170814_0600.nc,2017-08-14 06:00:00,1
s3://nasa-surya-bench/2017/08/20170814_1200.nc,2017-08-14 12:00:00,1
s3://nasa-surya-bench/2017/08/20170814_1800.nc,2017-08-14 18:00:00,1
s3://nasa-surya-bench/2017/08/20170815_0000.nc,2017-08-15 00:00:00,1
s3://nasa-surya-bench/2017/08/20170815_0600.nc,2017-08-15 06:00:00,1
s3://nasa-surya-bench/2017/08/20170815_1200.nc,2017-08-15 12:00:00,1
s3://nasa-surya-bench/2017/08/20170815_1800.nc,2017-08-15 18:00:00,1
s3://nasa-surya-bench/2017/08/20170816_0000.nc,2017-08-16 00:00:00,1
s3://nasa-surya-bench/2017/08/20170816_0600.nc,2017-08-16 06:00:00,1
s3://nasa-surya-bench/2017/08/20170816_1200.nc,2017-08-16 12:00:00,1
s3://nasa-surya-bench/2017/08/20170816_1800.nc,2017-08-16 18:00:00,1
s3://nasa-surya-bench/2017/08/20170817_0000.nc,2017-08-17 00:00:00,1
s3://nasa-surya-bench/2017/08/20170817_0600.nc,2017-08-17 06:00:00,1
s3://nasa-surya-bench/2017/08/20170817_1200.nc,2017-08-17 12:00:00,1
s3://nasa-surya-bench/2017/08/20170817_1800.nc,2017-08-17 18:00:00,1
s3://nasa-surya-bench/2017/08/20170818_0000.nc,2017-08-18 00:00:00,1
s3://nasa-surya-bench/2017/08/20170818_0600.nc,2017-08-18 06:00:00,1
s3://nasa-surya-bench/2017/08/20170818_1200.nc,2017-08-18 12:00:00,1
s3://nasa-surya-bench/2017/08/20170818_1800.nc,2017-08-18 18:00:00,1
s3://nasa-surya-bench/2017/08/20170819_0000.nc,2017-08-19 00:00:00,1
s3://nasa-surya-bench/2017/08/20170819_0600.nc,2017-08-19 06:00:00,1
s3://nasa-surya-bench/2017/08/20170819_1200.nc,2017-08-19 12:00:00,1
s3://nasa-surya-bench/2017/08/20170819_1800.nc,2017-08-19 18:00:00,1
s3://nasa-surya-bench/2017/08/20170820_0000.nc,2017-08-20 00:00:00,1
s3://nasa-surya-bench/2017/08/20170820_0600.nc,2017-08-20 06:00:00,1
s3://nasa-surya-bench/2017/08/20170820_1200.nc,2017-08-20 12:00:00,1
s3://nasa-surya-bench/2017/08/20170820_1800.nc,2017-08-20 18:00:00,1
s3://nasa-surya-bench/2017/08/20170821_0000.nc,2017-08-21 00:00:00,1
s3://nasa-surya-bench/2017/08/20170821_0600.nc,2017-08-21 06:00:00,1
s3://nasa-surya-bench/2017/08/20170821_1200.nc,2017-08-21 12:00:00,1
s3://nasa-surya-bench/2017/08/20170821_1800.nc,2017-08-21 18:00:00,1
s3://nasa-surya-bench/2017/08/20170822_0000.nc,2017-08-22 00:00:00,1
s3://nasa-surya-bench/2017/08/20170822_0600.nc,2017-08-22 06:00:00,1
s3://nasa-surya-bench/2017/08/20170822_1200.nc,2017-08-22 12:00:00,1
s3://nasa-surya-bench/2017/08/20170822_1800.nc,2017-08-22 18:00:00,1
s3://nasa-surya-bench/2017/08/20170823_0000.nc,2017-08-23 00:00:00,1
s3://nasa-surya-bench/2017/08/20170823_0600.nc,2017-08-23 06:00:00,1
s3://nasa-surya-bench/2017/08/20170823_1200.nc,2017-08-23 12:00:00,1
s3://nasa-surya-bench/2017/08/20170823_1800.nc,2017-08-23 18:00:00,1
s3://nasa-surya-bench/2017/08/20170824_0000.nc,2017-08-24 00:00:00,1
s3://nasa-surya-bench/2017/08/20170824_0600.nc,2017-08-24 06:00:00,1
s3://nasa-surya-bench/2017/08/20170824_1200.nc,2017-08-24 12:00:00,1
s3://nasa-surya-bench/2017/08/20170824_1800.nc,2017-08-24 18:00:00,1
s3://nasa-surya-bench/2017/08/20170825_0000.nc,2017-08-25 00:00:00,1
s3://nasa-surya-bench/2017/08/20170825_0600.nc,2017-08-25 06:00:00,1
s3://nasa-surya-bench/2017/08/20170825_1200.nc,2017-08-25 12:00:00,1
s3://nasa-surya-bench/2017/08/20170825_1800.nc,2017-08-25 18:00:00,1
s3://nasa-surya-bench/2017/08/20170826_0000.nc,2017-08-26 00:00:00,1
s3://nasa-surya-bench/2017/08/20170826_0600.nc,2017-08-26 06:00:00,1
s3://nasa-surya-bench/2017/08/20170826_1200.nc,2017-08-26 12:00:00,1
s3://nasa-surya-bench/2017/08/20170826_1800.nc,2017-08-26 18:00:00,1
s3://nasa-surya-bench/2017/08/20170827_0000.nc,2017-08-27 00:00:00,1
s3://nasa-surya-bench/2017/08/20170827_0600.nc,2017-08-27 06:00:00,1
s3://nasa-surya-bench/2017/08/20170827_1200.nc,2017-08-27 12:00:00,1
s3://nasa-surya-bench/2017/08/20170827_1800.nc,2017-08-27 18:00:00,1
s3://nasa-surya-bench/2017/08/20170828_0000.nc,2017-08-28 00:00:00,1
s3://nasa-surya-bench/2017/08/20170828_0600.nc,2017-08-28 06:00:00,1
s3://nasa-surya-bench/2017/08/20170828_1200.nc,2017-08-28 12:00:00,1
s3://nasa-surya-bench/2017/08/20170828_1800.nc,2017-08-28 18:00:00,1
s3://nasa-surya-bench/2017/08/20170829_0000.nc,2017-08-29 00:00:00,1
s3://nasa-surya-bench/2017/08/20170829_0600.nc,2017-08-29 06:00:00,1
s3://nasa-surya-bench/2017/08/20170829_1200.nc,2017-08-29 12:00:00,1
s3://nasa-surya-bench/2017/08/20170829_1800.nc,2017-08-29 18:00:00,1
s3://nasa-surya-bench/2017/08/20170830_0000.nc,2017-08-30 00:00:00,1
s3://nasa-surya-bench/2017/08/20170830_0600.nc,2017-08-30 06:00:00,1
s3://nasa-surya-bench/2017/08/20170830_1200.nc,2017-08-30 12:00:00,1
s3://nasa-surya-bench/2017/08/20170830_1800.nc,2017-08-30 18:00:00,1
s3://nasa-surya-bench/2017/08/20170831_0000.nc,2017-08-31 00:00:00,1
s3://nasa-surya-bench/2017/08/20170831_0600.nc,2017-08-31 06:00:00,1
s3://nasa-surya-bench/2017/08/20170831_1200.nc,2017-08-31 12:00:00,1
s3://nasa-surya-bench/2017/08/20170831_1800.nc,2017-08-31 18:00:00,1
s3://nasa-surya-bench/2017/09/20170901_0000.nc,2017-09-01 00:00:00,1
s3://nasa-surya-bench/2017/09/20170901_0600.nc,2017-09-01 06:00:00,1
s3://nasa-surya-bench/2017/09/20170901_1200.nc,2017-09-01 12:00:00,1
s3://nasa-surya-bench/2017/09/20170901_1800.nc,2017-09-01 18:00:00,1
s3://nasa-surya-bench/2017/09/20170902_0000.nc,2017-09-02 00:00:00,1
s3://nasa-surya-bench/2017/09/20170902_0600.nc,2017-09-02 06:00:00,1
s3://nasa-surya-bench/2017/09/20170902_1200.nc,2017-09-02 12:00:00,1
s3://nasa-surya-bench/2017/09/20170902_1800.nc,2017-09-02 18:00:00,1
s3://nasa-surya-bench/2017/09/20170903_0000.nc,2017-09-03 00:00:00,1
s3://nasa-surya-bench/2017/09/20170903_0600.nc,2017-09-03 06:00:00,1
s3://nasa-surya-bench/2017/09/20170903_1200.nc,2017-09-03 12:00:00,1
s3://nasa-surya-bench/2017/09/20170903_1800.nc,2017-09-03 18:00:00,1
s3://nasa-surya-bench/2017/09/20170904_0000.nc,2017-09-04 00:00:00,1
s3://nasa-surya-bench/2017/09/20170904_0600.nc,2017-09-04 06:00:00,1
s3://nasa-surya-bench/2017/09/20170904_1200.nc,2017-09-04 12:00:00,1
s3://nasa-surya-bench/2017/09/20170904_1800.nc,2017-09-04 18:00:00,1
s3://nasa-surya-bench/2017/09/20170905_0000.nc,2017-09-05 00:00:00,1
s3://nasa-surya-bench/2017/09/20170905_0600.nc,2017-09-05 06:00:00,1
s3://nasa-surya-bench/2017/09/20170905_1200.nc,2017-09-05 12:00:00,1
s3://nasa-surya-bench/2017/09/20170905_1800.nc,2017-09-05 18:00:00,1
s3://nasa-surya-bench/2017/09/20170906_0000.nc,2017-09-06 00:00:00,1
s3://nasa-surya-bench/2017/09/20170906_0600.nc,2017-09-06 06:00:00,1
s3://nasa-surya-bench/2017/09/20170906_1200.nc,2017-09-06 12:00:00,1
s3://nasa-surya-bench/2017/09/20170906_1800.nc,2017-09-06 18:00:00,1
s3://nasa-surya-bench/2017/09/20170907_0000.nc,2017-09-07 00:00:00,1
s3://nasa-surya-bench/2017/09/20170907_0600.nc,2017-09-07 06:00:00,1
s3://nasa-surya-bench/2017/09/20170907_1200.nc,2017-09-07 12:00:00,1
s3://nasa-surya-bench/2017/09/20170907_1800.nc,2017-09-07 18:00:00,1
s3://nasa-surya-bench/2017/09/20170908_0000.nc,2017-09-08 00:00:00,1
s3://nasa-surya-bench/2017/09/20170908_0600.nc,2017-09-08 06:00:00,1
s3://nasa-surya-bench/2017/09/20170908_1200.nc,2017-09-08 12:00:00,1
s3://nasa-surya-bench/2017/09/20170908_1800.nc,2017-09-08 18:00:00,1
s3://nasa-surya-bench/2017/09/20170909_0000.nc,2017-09-09 00:00:00,1
s3://nasa-surya-bench/2017/09/20170909_0600.nc,2017-09-09 06:00:00,1
s3://nasa-surya-bench/2017/09/20170909_1200.nc,2017-09-09 12:00:00,1
s3://nasa-surya-bench/2017/09/20170909_1800.nc,2017-09-09 18:00:00,1
s3://nasa-surya-bench/2017/09/20170910_0000.nc,2017-09-10 00:00:00,1
s3://nasa-surya-bench/2017/09/20170910_0600.nc,2017-09-10 06:00:00,1
s3://nasa-surya-bench/2017/09/20170910_1200.nc,2017-09-10 12:00:00,1
s3://nasa-surya-bench/2017/09/20170910_1800.nc,2017-09-10 18:00:00,1
s3://nasa-surya-bench/2017/09/20170911_0000.nc,2017-09-11 00:00:00,1
s3://nasa-surya-bench/2017/09/20170911_0600.nc,2017-09-11 06:00:00,1
s3://nasa-surya-bench/2017/09/20170911_1200.nc,2017-09-11 12:00:00,1
s3://nasa-surya-bench/2017/09/20170911_1800.nc,2017-09-11 18:00:00,1
s3://nasa-surya-bench/2017/09/20170912_0000.nc,2017-09-12 00:00:00,1
s3://nasa-surya-bench/2017/09/20170912_0600.nc,2017-09-12 06:00:00,1
s3://nasa-surya-bench/2017/09/20170912_1200.nc,2017-09-12 12:00:00,1
s3://nasa-surya-bench/2017/09/20170912_1800.nc,2017-09-12 18:00:00,1
s3://nasa-surya-bench/2017/09/20170913_0000.nc,2017-09-13 00:00:00,1
s3://nasa-surya-bench/2017/09/20170913_0600.nc,2017-09-13 06:00:00,1
s3://nasa-surya-bench/2017/09/20170913_1200.nc,2017-09-13 12:00:00,1
s3://nasa-surya-bench/2017/09/20170913_1800.nc,2017-09-13 18:00:00,1
s3://nasa-surya-bench/2017/09/20170914_0000.nc,2017-09-14 00:00:00,1
s3://nasa-surya-bench/2017/09/20170914_0600.nc,2017-09-14 06:00:00,1
s3://nasa-surya-bench/2017/09/20170914_1200.nc,2017-09-14 12:00:00,1
s3://nasa-surya-bench/2017/09/20170914_1800.nc,2017-09-14 18:00:00,1
s3://nasa-surya-bench/2017/09/20170915_0000.nc,2017-09-15 00:00:00,1
s3://nasa-surya-bench/2017/09/20170915_0600.nc,2017-09-15 06:00:00,1
s3://nasa-surya-bench/2017/09/20170915_1200.nc,2017-09-15 12:00:00,1
s3://nasa-surya-bench/2017/09/20170915_1800.nc,2017-09-15 18:00:00,1
s3://nasa-surya-bench/2017/09/20170917_0000.nc,2017-09-17 00:00:00,1
s3://nasa-surya-bench/2017/09/20170917_0600.nc,2017-09-17 06:00:00,1
s3://nasa-surya-bench/2017/09/20170917_1200.nc,2017-09-17 12:00:00,1
s3://nasa-surya-bench/2017/09/20170917_1800.nc,2017-09-17 18:00:00,1
s3://nasa-surya-bench/2017/09/20170918_0000.nc,2017-09-18 00:00:00,1
s3://nasa-surya-bench/2017/09/20170918_0600.nc,2017-09-18 06:00:00,1
s3://nasa-surya-bench/2017/09/20170918_1200.nc,2017-09-18 12:00:00,1
s3://nasa-surya-bench/2017/09/20170918_1800.nc,2017-09-18 18:00:00,1
s3://nasa-surya-bench/2017/09/20170919_0000.nc,2017-09-19 00:00:00,1
s3://nasa-surya-bench/2017/09/20170919_0600.nc,2017-09-19 06:00:00,1
s3://nasa-surya-bench/2017/09/20170919_1200.nc,2017-09-19 12:00:00,1
s3://nasa-surya-bench/2017/09/20170919_1800.nc,2017-09-19 18:00:00,1
s3://nasa-surya-bench/2017/09/20170920_0000.nc,2017-09-20 00:00:00,1
s3://nasa-surya-bench/2017/09/20170920_0600.nc,2017-09-20 06:00:00,1
s3://nasa-surya-bench/2017/09/20170920_1200.nc,2017-09-20 12:00:00,1
s3://nasa-surya-bench/2017/09/20170920_1800.nc,2017-09-20 18:00:00,1
s3://nasa-surya-bench/2017/09/20170921_0000.nc,2017-09-21 00:00:00,1
s3://nasa-surya-bench/2017/09/20170921_0600.nc,2017-09-21 06:00:00,1
s3://nasa-surya-bench/2017/09/20170921_1200.nc,2017-09-21 12:00:00,1
s3://nasa-surya-bench/2017/09/20170921_1800.nc,2017-09-21 18:00:00,1
s3://nasa-surya-bench/2017/09/20170922_0000.nc,2017-09-22 00:00:00,1
s3://nasa-surya-bench/2017/09/20170922_0600.nc,2017-09-22 06:00:00,1
s3://nasa-surya-bench/2017/09/20170922_1200.nc,2017-09-22 12:00:00,1
s3://nasa-surya-bench/2017/09/20170922_1800.nc,2017-09-22 18:00:00,1
s3://nasa-surya-bench/2017/09/20170923_0000.nc,2017-09-23 00:00:00,1
s3://nasa-surya-bench/2017/09/20170923_0600.nc,2017-09-23 06:00:00,1
s3://nasa-surya-bench/2017/09/20170923_1200.nc,2017-09-23 12:00:00,1
s3://nasa-surya-bench/2017/09/20170923_1800.nc,2017-09-23 18:00:00,1
s3://nasa-surya-bench/2017/09/20170924_0000.nc,2017-09-24 00:00:00,1
s3://nasa-surya-bench/2017/09/20170924_0600.nc,2017-09-24 06:00:00,1
s3://nasa-surya-bench/2017/09/20170924_1200.nc,2017-09-24 12:00:00,1
s3://nasa-surya-bench/2017/09/20170924_1800.nc,2017-09-24 18:00:00,1
s3://nasa-surya-bench/2017/09/20170925_0000.nc,2017-09-25 00:00:00,1
s3://nasa-surya-bench/2017/09/20170925_0600.nc,2017-09-25 06:00:00,1
s3://nasa-surya-bench/2017/09/20170925_1200.nc,2017-09-25 12:00:00,1
s3://nasa-surya-bench/2017/09/20170925_1800.nc,2017-09-25 18:00:00,1
s3://nasa-surya-bench/2017/09/20170926_0000.nc,2017-09-26 00:00:00,1
s3://nasa-surya-bench/2017/09/20170926_0600.nc,2017-09-26 06:00:00,1
s3://nasa-surya-bench/2017/09/20170926_1200.nc,2017-09-26 12:00:00,1
s3://nasa-surya-bench/2017/09/20170926_1800.nc,2017-09-26 18:00:00,1
s3://nasa-surya-bench/2017/09/20170927_0000.nc,2017-09-27 00:00:00,1
s3://nasa-surya-bench/2017/09/20170927_0600.nc,2017-09-27 06:00:00,1
s3://nasa-surya-bench/2017/09/20170927_1200.nc,2017-09-27 12:00:00,1
s3://nasa-surya-bench/2017/09/20170927_1800.nc,2017-09-27 18:00:00,1
s3://nasa-surya-bench/2017/09/20170928_0000.nc,2017-09-28 00:00:00,1
s3://nasa-surya-bench/2017/09/20170928_0600.nc,2017-09-28 06:00:00,1
s3://nasa-surya-bench/2017/09/20170928_1200.nc,2017-09-28 12:00:00,1
s3://nasa-surya-bench/2017/09/20170928_1800.nc,2017-09-28 18:00:00,1
s3://nasa-surya-bench/2017/09/20170929_0000.nc,2017-09-29 00:00:00,1
s3://nasa-surya-bench/2017/09/20170929_0600.nc,2017-09-29 06:00:00,1
s3://nasa-surya-bench/2017/09/20170929_1200.nc,2017-09-29 12:00:00,1
s3://nasa-surya-bench/2017/09/20170929_1800.nc,2017-09-29 18:00:00,1
s3://nasa-surya-bench/2017/09/20170930_0000.nc,2017-09-30 00:00:00,1
s3://nasa-surya-bench/2017/09/20170930_0600.nc,2017-09-30 06:00:00,1
s3://nasa-surya-bench/2017/09/20170930_1200.nc,2017-09-30 12:00:00,1
s3://nasa-surya-bench/2017/09/20170930_1800.nc,2017-09-30 18:00:00,1
s3://nasa-surya-bench/2017/10/20171001_0000.nc,2017-10-01 00:00:00,1
s3://nasa-surya-bench/2017/10/20171001_0600.nc,2017-10-01 06:00:00,1
s3://nasa-surya-bench/2017/11/20171101_1800.nc,2017-11-01 18:00:00,1
s3://nasa-surya-bench/2017/11/20171102_0000.nc,2017-11-02 00:00:00,1
s3://nasa-surya-bench/2017/11/20171102_0600.nc,2017-11-02 06:00:00,1
s3://nasa-surya-bench/2017/11/20171102_1200.nc,2017-11-02 12:00:00,1
s3://nasa-surya-bench/2017/11/20171102_1800.nc,2017-11-02 18:00:00,1
s3://nasa-surya-bench/2017/11/20171103_0000.nc,2017-11-03 00:00:00,1
s3://nasa-surya-bench/2017/11/20171103_0600.nc,2017-11-03 06:00:00,1
s3://nasa-surya-bench/2017/11/20171103_1200.nc,2017-11-03 12:00:00,1
s3://nasa-surya-bench/2017/11/20171103_1800.nc,2017-11-03 18:00:00,1
s3://nasa-surya-bench/2017/11/20171104_0000.nc,2017-11-04 00:00:00,1
s3://nasa-surya-bench/2017/11/20171104_0600.nc,2017-11-04 06:00:00,1
s3://nasa-surya-bench/2017/11/20171104_1200.nc,2017-11-04 12:00:00,1
s3://nasa-surya-bench/2017/11/20171104_1800.nc,2017-11-04 18:00:00,1
s3://nasa-surya-bench/2017/11/20171105_0000.nc,2017-11-05 00:00:00,1
s3://nasa-surya-bench/2017/11/20171105_0600.nc,2017-11-05 06:00:00,1
s3://nasa-surya-bench/2017/11/20171105_1200.nc,2017-11-05 12:00:00,1
s3://nasa-surya-bench/2017/11/20171105_1800.nc,2017-11-05 18:00:00,1
s3://nasa-surya-bench/2017/11/20171106_0000.nc,2017-11-06 00:00:00,1
s3://nasa-surya-bench/2017/11/20171106_0600.nc,2017-11-06 06:00:00,1
s3://nasa-surya-bench/2017/11/20171106_1200.nc,2017-11-06 12:00:00,1
s3://nasa-surya-bench/2017/11/20171106_1800.nc,2017-11-06 18:00:00,1
s3://nasa-surya-bench/2017/11/20171107_0000.nc,2017-11-07 00:00:00,1
s3://nasa-surya-bench/2017/11/20171107_0600.nc,2017-11-07 06:00:00,1
s3://nasa-surya-bench/2017/11/20171107_1200.nc,2017-11-07 12:00:00,1
s3://nasa-surya-bench/2017/11/20171109_0000.nc,2017-11-09 00:00:00,1
s3://nasa-surya-bench/2017/11/20171109_0600.nc,2017-11-09 06:00:00,1
s3://nasa-surya-bench/2017/11/20171109_1200.nc,2017-11-09 12:00:00,1
s3://nasa-surya-bench/2017/11/20171109_1800.nc,2017-11-09 18:00:00,1
s3://nasa-surya-bench/2017/11/20171110_0000.nc,2017-11-10 00:00:00,1
s3://nasa-surya-bench/2017/11/20171110_0600.nc,2017-11-10 06:00:00,1
s3://nasa-surya-bench/2017/11/20171110_1200.nc,2017-11-10 12:00:00,1
s3://nasa-surya-bench/2017/11/20171110_1800.nc,2017-11-10 18:00:00,1
s3://nasa-surya-bench/2017/11/20171111_0000.nc,2017-11-11 00:00:00,1
s3://nasa-surya-bench/2017/11/20171111_0600.nc,2017-11-11 06:00:00,1
s3://nasa-surya-bench/2017/11/20171111_1200.nc,2017-11-11 12:00:00,1
s3://nasa-surya-bench/2017/11/20171111_1800.nc,2017-11-11 18:00:00,1
s3://nasa-surya-bench/2017/11/20171112_0000.nc,2017-11-12 00:00:00,1
s3://nasa-surya-bench/2017/11/20171112_0600.nc,2017-11-12 06:00:00,1
s3://nasa-surya-bench/2017/11/20171112_1200.nc,2017-11-12 12:00:00,1
s3://nasa-surya-bench/2017/11/20171112_1800.nc,2017-11-12 18:00:00,1
s3://nasa-surya-bench/2017/11/20171113_0000.nc,2017-11-13 00:00:00,1
s3://nasa-surya-bench/2017/11/20171113_0600.nc,2017-11-13 06:00:00,1
s3://nasa-surya-bench/2017/11/20171113_1200.nc,2017-11-13 12:00:00,1
s3://nasa-surya-bench/2017/11/20171113_1800.nc,2017-11-13 18:00:00,1
s3://nasa-surya-bench/2017/11/20171114_0000.nc,2017-11-14 00:00:00,1
s3://nasa-surya-bench/2017/11/20171114_0600.nc,2017-11-14 06:00:00,1
s3://nasa-surya-bench/2017/11/20171114_1200.nc,2017-11-14 12:00:00,1
s3://nasa-surya-bench/2017/11/20171114_1800.nc,2017-11-14 18:00:00,1
s3://nasa-surya-bench/2017/11/20171115_0000.nc,2017-11-15 00:00:00,1
s3://nasa-surya-bench/2017/11/20171115_0600.nc,2017-11-15 06:00:00,1
s3://nasa-surya-bench/2017/11/20171115_1200.nc,2017-11-15 12:00:00,1
s3://nasa-surya-bench/2017/11/20171115_1800.nc,2017-11-15 18:00:00,1
s3://nasa-surya-bench/2017/11/20171116_0000.nc,2017-11-16 00:00:00,1
s3://nasa-surya-bench/2017/11/20171116_0600.nc,2017-11-16 06:00:00,1
s3://nasa-surya-bench/2017/11/20171116_1200.nc,2017-11-16 12:00:00,1
s3://nasa-surya-bench/2017/11/20171116_1800.nc,2017-11-16 18:00:00,1
s3://nasa-surya-bench/2017/11/20171117_0000.nc,2017-11-17 00:00:00,1
s3://nasa-surya-bench/2017/11/20171117_0600.nc,2017-11-17 06:00:00,1
s3://nasa-surya-bench/2017/11/20171117_1200.nc,2017-11-17 12:00:00,1
s3://nasa-surya-bench/2017/11/20171117_1800.nc,2017-11-17 18:00:00,1
s3://nasa-surya-bench/2017/11/20171118_0000.nc,2017-11-18 00:00:00,1
s3://nasa-surya-bench/2017/11/20171118_0600.nc,2017-11-18 06:00:00,1
s3://nasa-surya-bench/2017/11/20171118_1200.nc,2017-11-18 12:00:00,1
s3://nasa-surya-bench/2017/11/20171118_1800.nc,2017-11-18 18:00:00,1
s3://nasa-surya-bench/2017/11/20171119_0000.nc,2017-11-19 00:00:00,1
s3://nasa-surya-bench/2017/11/20171119_0600.nc,2017-11-19 06:00:00,1
s3://nasa-surya-bench/2017/11/20171119_1200.nc,2017-11-19 12:00:00,1
s3://nasa-surya-bench/2017/11/20171119_1800.nc,2017-11-19 18:00:00,1
s3://nasa-surya-bench/2017/11/20171120_0000.nc,2017-11-20 00:00:00,1
s3://nasa-surya-bench/2017/11/20171120_0600.nc,2017-11-20 06:00:00,1
s3://nasa-surya-bench/2017/11/20171120_1200.nc,2017-11-20 12:00:00,1
s3://nasa-surya-bench/2017/11/20171120_1800.nc,2017-11-20 18:00:00,1
s3://nasa-surya-bench/2017/11/20171121_0000.nc,2017-11-21 00:00:00,1
s3://nasa-surya-bench/2017/11/20171121_0600.nc,2017-11-21 06:00:00,1
s3://nasa-surya-bench/2017/11/20171121_1200.nc,2017-11-21 12:00:00,1
s3://nasa-surya-bench/2017/11/20171121_1800.nc,2017-11-21 18:00:00,1
s3://nasa-surya-bench/2017/11/20171122_0000.nc,2017-11-22 00:00:00,1
s3://nasa-surya-bench/2017/11/20171122_0600.nc,2017-11-22 06:00:00,1
s3://nasa-surya-bench/2017/11/20171122_1200.nc,2017-11-22 12:00:00,1
s3://nasa-surya-bench/2017/11/20171122_1800.nc,2017-11-22 18:00:00,1
s3://nasa-surya-bench/2017/11/20171123_0000.nc,2017-11-23 00:00:00,1
s3://nasa-surya-bench/2017/11/20171123_0600.nc,2017-11-23 06:00:00,1
s3://nasa-surya-bench/2017/11/20171123_1200.nc,2017-11-23 12:00:00,1
s3://nasa-surya-bench/2017/11/20171123_1800.nc,2017-11-23 18:00:00,1
s3://nasa-surya-bench/2017/11/20171124_0000.nc,2017-11-24 00:00:00,1
s3://nasa-surya-bench/2017/11/20171124_0600.nc,2017-11-24 06:00:00,1
s3://nasa-surya-bench/2017/11/20171124_1200.nc,2017-11-24 12:00:00,1
s3://nasa-surya-bench/2017/11/20171124_1800.nc,2017-11-24 18:00:00,1
s3://nasa-surya-bench/2017/11/20171125_0000.nc,2017-11-25 00:00:00,1
s3://nasa-surya-bench/2017/11/20171125_0600.nc,2017-11-25 06:00:00,1
s3://nasa-surya-bench/2017/11/20171125_1200.nc,2017-11-25 12:00:00,1
s3://nasa-surya-bench/2017/11/20171125_1800.nc,2017-11-25 18:00:00,1
s3://nasa-surya-bench/2017/11/20171126_0000.nc,2017-11-26 00:00:00,1
s3://nasa-surya-bench/2017/11/20171126_0600.nc,2017-11-26 06:00:00,1
s3://nasa-surya-bench/2017/11/20171126_1200.nc,2017-11-26 12:00:00,1
s3://nasa-surya-bench/2017/11/20171126_1800.nc,2017-11-26 18:00:00,1
s3://nasa-surya-bench/2017/11/20171127_0000.nc,2017-11-27 00:00:00,1
s3://nasa-surya-bench/2017/11/20171127_0600.nc,2017-11-27 06:00:00,1
s3://nasa-surya-bench/2017/11/20171127_1200.nc,2017-11-27 12:00:00,1
s3://nasa-surya-bench/2017/11/20171127_1800.nc,2017-11-27 18:00:00,1
s3://nasa-surya-bench/2017/11/20171128_0000.nc,2017-11-28 00:00:00,1
s3://nasa-surya-bench/2017/11/20171128_0600.nc,2017-11-28 06:00:00,1
s3://nasa-surya-bench/2017/11/20171128_1200.nc,2017-11-28 12:00:00,1
s3://nasa-surya-bench/2017/11/20171128_1800.nc,2017-11-28 18:00:00,1
s3://nasa-surya-bench/2017/11/20171129_0000.nc,2017-11-29 00:00:00,1
s3://nasa-surya-bench/2017/11/20171129_0600.nc,2017-11-29 06:00:00,1
s3://nasa-surya-bench/2017/11/20171129_1200.nc,2017-11-29 12:00:00,1
s3://nasa-surya-bench/2017/11/20171129_1800.nc,2017-11-29 18:00:00,1
s3://nasa-surya-bench/2017/11/20171130_0000.nc,2017-11-30 00:00:00,1
s3://nasa-surya-bench/2017/11/20171130_0600.nc,2017-11-30 06:00:00,1
s3://nasa-surya-bench/2017/11/20171130_1200.nc,2017-11-30 12:00:00,1
s3://nasa-surya-bench/2017/11/20171130_1800.nc,2017-11-30 18:00:00,1
s3://nasa-surya-bench/2017/12/20171201_0000.nc,2017-12-01 00:00:00,1
s3://nasa-surya-bench/2017/12/20171201_0600.nc,2017-12-01 06:00:00,1
s3://nasa-surya-bench/2017/12/20171201_1200.nc,2017-12-01 12:00:00,1
s3://nasa-surya-bench/2017/12/20171201_1800.nc,2017-12-01 18:00:00,1
s3://nasa-surya-bench/2017/12/20171202_0000.nc,2017-12-02 00:00:00,1
s3://nasa-surya-bench/2017/12/20171202_0600.nc,2017-12-02 06:00:00,1
s3://nasa-surya-bench/2017/12/20171202_1200.nc,2017-12-02 12:00:00,1
s3://nasa-surya-bench/2017/12/20171202_1800.nc,2017-12-02 18:00:00,1
s3://nasa-surya-bench/2017/12/20171203_0000.nc,2017-12-03 00:00:00,1
s3://nasa-surya-bench/2017/12/20171203_0600.nc,2017-12-03 06:00:00,1
s3://nasa-surya-bench/2017/12/20171203_1200.nc,2017-12-03 12:00:00,1
s3://nasa-surya-bench/2017/12/20171203_1800.nc,2017-12-03 18:00:00,1
s3://nasa-surya-bench/2017/12/20171204_0000.nc,2017-12-04 00:00:00,1
s3://nasa-surya-bench/2017/12/20171204_0600.nc,2017-12-04 06:00:00,1
s3://nasa-surya-bench/2017/12/20171204_1200.nc,2017-12-04 12:00:00,1
s3://nasa-surya-bench/2017/12/20171204_1800.nc,2017-12-04 18:00:00,1
s3://nasa-surya-bench/2017/12/20171205_0000.nc,2017-12-05 00:00:00,1
s3://nasa-surya-bench/2017/12/20171205_0600.nc,2017-12-05 06:00:00,1
s3://nasa-surya-bench/2017/12/20171205_1200.nc,2017-12-05 12:00:00,1
s3://nasa-surya-bench/2017/12/20171205_1800.nc,2017-12-05 18:00:00,1
s3://nasa-surya-bench/2017/12/20171206_0000.nc,2017-12-06 00:00:00,1
s3://nasa-surya-bench/2017/12/20171206_0600.nc,2017-12-06 06:00:00,1
s3://nasa-surya-bench/2017/12/20171206_1200.nc,2017-12-06 12:00:00,1
s3://nasa-surya-bench/2017/12/20171206_1800.nc,2017-12-06 18:00:00,1
s3://nasa-surya-bench/2017/12/20171207_0000.nc,2017-12-07 00:00:00,1
s3://nasa-surya-bench/2017/12/20171207_0600.nc,2017-12-07 06:00:00,1
s3://nasa-surya-bench/2017/12/20171207_1200.nc,2017-12-07 12:00:00,1
s3://nasa-surya-bench/2017/12/20171207_1800.nc,2017-12-07 18:00:00,1
s3://nasa-surya-bench/2017/12/20171208_0000.nc,2017-12-08 00:00:00,1
s3://nasa-surya-bench/2017/12/20171208_0600.nc,2017-12-08 06:00:00,1
s3://nasa-surya-bench/2017/12/20171208_1200.nc,2017-12-08 12:00:00,1
s3://nasa-surya-bench/2017/12/20171208_1800.nc,2017-12-08 18:00:00,1
s3://nasa-surya-bench/2017/12/20171209_0000.nc,2017-12-09 00:00:00,1
s3://nasa-surya-bench/2017/12/20171209_0600.nc,2017-12-09 06:00:00,1
s3://nasa-surya-bench/2017/12/20171209_1200.nc,2017-12-09 12:00:00,1
s3://nasa-surya-bench/2017/12/20171209_1800.nc,2017-12-09 18:00:00,1
s3://nasa-surya-bench/2017/12/20171210_0000.nc,2017-12-10 00:00:00,1
s3://nasa-surya-bench/2017/12/20171210_0600.nc,2017-12-10 06:00:00,1
s3://nasa-surya-bench/2017/12/20171210_1200.nc,2017-12-10 12:00:00,1
s3://nasa-surya-bench/2017/12/20171210_1800.nc,2017-12-10 18:00:00,1
s3://nasa-surya-bench/2017/12/20171211_0000.nc,2017-12-11 00:00:00,1
s3://nasa-surya-bench/2017/12/20171211_0600.nc,2017-12-11 06:00:00,1
s3://nasa-surya-bench/2017/12/20171211_1200.nc,2017-12-11 12:00:00,1
s3://nasa-surya-bench/2017/12/20171211_1800.nc,2017-12-11 18:00:00,1
s3://nasa-surya-bench/2017/12/20171212_0000.nc,2017-12-12 00:00:00,1
s3://nasa-surya-bench/2017/12/20171212_0600.nc,2017-12-12 06:00:00,1
s3://nasa-surya-bench/2017/12/20171212_1200.nc,2017-12-12 12:00:00,1
s3://nasa-surya-bench/2017/12/20171212_1800.nc,2017-12-12 18:00:00,1
s3://nasa-surya-bench/2017/12/20171213_0000.nc,2017-12-13 00:00:00,1
s3://nasa-surya-bench/2017/12/20171213_0600.nc,2017-12-13 06:00:00,1
s3://nasa-surya-bench/2017/12/20171213_1200.nc,2017-12-13 12:00:00,1
s3://nasa-surya-bench/2017/12/20171213_1800.nc,2017-12-13 18:00:00,1
s3://nasa-surya-bench/2017/12/20171214_0000.nc,2017-12-14 00:00:00,1
s3://nasa-surya-bench/2017/12/20171214_0600.nc,2017-12-14 06:00:00,1
s3://nasa-surya-bench/2017/12/20171214_1200.nc,2017-12-14 12:00:00,1
s3://nasa-surya-bench/2017/12/20171214_1800.nc,2017-12-14 18:00:00,1
s3://nasa-surya-bench/2017/12/20171215_0000.nc,2017-12-15 00:00:00,1
s3://nasa-surya-bench/2017/12/20171215_0600.nc,2017-12-15 06:00:00,1
s3://nasa-surya-bench/2017/12/20171215_1200.nc,2017-12-15 12:00:00,1
s3://nasa-surya-bench/2017/12/20171216_0000.nc,2017-12-16 00:00:00,1
s3://nasa-surya-bench/2017/12/20171216_0600.nc,2017-12-16 06:00:00,1
s3://nasa-surya-bench/2017/12/20171216_1200.nc,2017-12-16 12:00:00,1
s3://nasa-surya-bench/2017/12/20171216_1800.nc,2017-12-16 18:00:00,1
s3://nasa-surya-bench/2017/12/20171217_0000.nc,2017-12-17 00:00:00,1
s3://nasa-surya-bench/2017/12/20171217_0600.nc,2017-12-17 06:00:00,1
s3://nasa-surya-bench/2017/12/20171217_1200.nc,2017-12-17 12:00:00,1
s3://nasa-surya-bench/2017/12/20171217_1800.nc,2017-12-17 18:00:00,1
s3://nasa-surya-bench/2017/12/20171218_0000.nc,2017-12-18 00:00:00,1
s3://nasa-surya-bench/2017/12/20171218_0600.nc,2017-12-18 06:00:00,1
s3://nasa-surya-bench/2017/12/20171218_1200.nc,2017-12-18 12:00:00,1
s3://nasa-surya-bench/2017/12/20171218_1800.nc,2017-12-18 18:00:00,1
s3://nasa-surya-bench/2017/12/20171219_0000.nc,2017-12-19 00:00:00,1
s3://nasa-surya-bench/2017/12/20171219_0600.nc,2017-12-19 06:00:00,1
s3://nasa-surya-bench/2017/12/20171219_1200.nc,2017-12-19 12:00:00,1
s3://nasa-surya-bench/2017/12/20171219_1800.nc,2017-12-19 18:00:00,1
s3://nasa-surya-bench/2017/12/20171220_0000.nc,2017-12-20 00:00:00,1
s3://nasa-surya-bench/2017/12/20171220_0600.nc,2017-12-20 06:00:00,1
s3://nasa-surya-bench/2017/12/20171220_1200.nc,2017-12-20 12:00:00,1
s3://nasa-surya-bench/2017/12/20171220_1800.nc,2017-12-20 18:00:00,1
s3://nasa-surya-bench/2017/12/20171221_0000.nc,2017-12-21 00:00:00,1
s3://nasa-surya-bench/2017/12/20171221_0600.nc,2017-12-21 06:00:00,1
s3://nasa-surya-bench/2017/12/20171221_1200.nc,2017-12-21 12:00:00,1
s3://nasa-surya-bench/2017/12/20171221_1800.nc,2017-12-21 18:00:00,1
s3://nasa-surya-bench/2017/12/20171222_0000.nc,2017-12-22 00:00:00,1
s3://nasa-surya-bench/2017/12/20171222_0600.nc,2017-12-22 06:00:00,1
s3://nasa-surya-bench/2017/12/20171222_1200.nc,2017-12-22 12:00:00,1
s3://nasa-surya-bench/2017/12/20171222_1800.nc,2017-12-22 18:00:00,1
s3://nasa-surya-bench/2017/12/20171223_0000.nc,2017-12-23 00:00:00,1
s3://nasa-surya-bench/2017/12/20171223_0600.nc,2017-12-23 06:00:00,1
s3://nasa-surya-bench/2017/12/20171223_1200.nc,2017-12-23 12:00:00,1
s3://nasa-surya-bench/2017/12/20171223_1800.nc,2017-12-23 18:00:00,1
s3://nasa-surya-bench/2017/12/20171224_0000.nc,2017-12-24 00:00:00,1
s3://nasa-surya-bench/2017/12/20171224_0600.nc,2017-12-24 06:00:00,1
s3://nasa-surya-bench/2017/12/20171224_1200.nc,2017-12-24 12:00:00,1
s3://nasa-surya-bench/2017/12/20171224_1800.nc,2017-12-24 18:00:00,1
s3://nasa-surya-bench/2017/12/20171225_0000.nc,2017-12-25 00:00:00,1
s3://nasa-surya-bench/2017/12/20171225_0600.nc,2017-12-25 06:00:00,1
s3://nasa-surya-bench/2017/12/20171225_1200.nc,2017-12-25 12:00:00,1
s3://nasa-surya-bench/2017/12/20171225_1800.nc,2017-12-25 18:00:00,1
s3://nasa-surya-bench/2017/12/20171226_0000.nc,2017-12-26 00:00:00,1
s3://nasa-surya-bench/2017/12/20171226_0600.nc,2017-12-26 06:00:00,1
s3://nasa-surya-bench/2017/12/20171226_1200.nc,2017-12-26 12:00:00,1
s3://nasa-surya-bench/2017/12/20171226_1800.nc,2017-12-26 18:00:00,1
s3://nasa-surya-bench/2017/12/20171227_0000.nc,2017-12-27 00:00:00,1
s3://nasa-surya-bench/2017/12/20171227_0600.nc,2017-12-27 06:00:00,1
s3://nasa-surya-bench/2017/12/20171227_1200.nc,2017-12-27 12:00:00,1
s3://nasa-surya-bench/2017/12/20171227_1800.nc,2017-12-27 18:00:00,1
s3://nasa-surya-bench/2017/12/20171228_0000.nc,2017-12-28 00:00:00,1
s3://nasa-surya-bench/2017/12/20171228_0600.nc,2017-12-28 06:00:00,1
s3://nasa-surya-bench/2017/12/20171228_1200.nc,2017-12-28 12:00:00,1
s3://nasa-surya-bench/2017/12/20171228_1800.nc,2017-12-28 18:00:00,1
s3://nasa-surya-bench/2017/12/20171229_0000.nc,2017-12-29 00:00:00,1
s3://nasa-surya-bench/2017/12/20171229_0600.nc,2017-12-29 06:00:00,1
s3://nasa-surya-bench/2017/12/20171229_1200.nc,2017-12-29 12:00:00,1
s3://nasa-surya-bench/2017/12/20171229_1800.nc,2017-12-29 18:00:00,1
s3://nasa-surya-bench/2017/12/20171230_0000.nc,2017-12-30 00:00:00,1
s3://nasa-surya-bench/2017/12/20171230_0600.nc,2017-12-30 06:00:00,1
s3://nasa-surya-bench/2017/12/20171230_1200.nc,2017-12-30 12:00:00,1
s3://nasa-surya-bench/2017/12/20171230_1800.nc,2017-12-30 18:00:00,1
s3://nasa-surya-bench/2017/12/20171231_0000.nc,2017-12-31 00:00:00,1
s3://nasa-surya-bench/2017/12/20171231_0600.nc,2017-12-31 06:00:00,1
s3://nasa-surya-bench/2017/12/20171231_1200.nc,2017-12-31 12:00:00,1
s3://nasa-surya-bench/2017/12/20171231_1800.nc,2017-12-31 18:00:00,1
s3://nasa-surya-bench/2018/01/20180101_0000.nc,2018-01-01 00:00:00,1
s3://nasa-surya-bench/2018/01/20180101_0600.nc,2018-01-01 06:00:00,1
s3://nasa-surya-bench/2018/01/20180101_1200.nc,2018-01-01 12:00:00,1
s3://nasa-surya-bench/2018/01/20180101_1800.nc,2018-01-01 18:00:00,1
s3://nasa-surya-bench/2018/01/20180102_0000.nc,2018-01-02 00:00:00,1
s3://nasa-surya-bench/2018/01/20180102_0600.nc,2018-01-02 06:00:00,1
s3://nasa-surya-bench/2018/01/20180102_1200.nc,2018-01-02 12:00:00,1
s3://nasa-surya-bench/2018/01/20180102_1800.nc,2018-01-02 18:00:00,1
s3://nasa-surya-bench/2018/01/20180103_0000.nc,2018-01-03 00:00:00,1
s3://nasa-surya-bench/2018/01/20180103_0600.nc,2018-01-03 06:00:00,1
s3://nasa-surya-bench/2018/01/20180103_1200.nc,2018-01-03 12:00:00,1
s3://nasa-surya-bench/2018/01/20180103_1800.nc,2018-01-03 18:00:00,1
s3://nasa-surya-bench/2018/01/20180104_0000.nc,2018-01-04 00:00:00,1
s3://nasa-surya-bench/2018/01/20180104_0600.nc,2018-01-04 06:00:00,1
s3://nasa-surya-bench/2018/01/20180104_1200.nc,2018-01-04 12:00:00,1
s3://nasa-surya-bench/2018/01/20180104_1800.nc,2018-01-04 18:00:00,1
s3://nasa-surya-bench/2018/01/20180105_0000.nc,2018-01-05 00:00:00,1
s3://nasa-surya-bench/2018/01/20180105_0600.nc,2018-01-05 06:00:00,1
s3://nasa-surya-bench/2018/01/20180105_1200.nc,2018-01-05 12:00:00,1
s3://nasa-surya-bench/2018/01/20180105_1800.nc,2018-01-05 18:00:00,1
s3://nasa-surya-bench/2018/01/20180106_0000.nc,2018-01-06 00:00:00,1
s3://nasa-surya-bench/2018/01/20180106_0600.nc,2018-01-06 06:00:00,1
s3://nasa-surya-bench/2018/01/20180106_1200.nc,2018-01-06 12:00:00,1
s3://nasa-surya-bench/2018/01/20180106_1800.nc,2018-01-06 18:00:00,1
s3://nasa-surya-bench/2018/01/20180107_0000.nc,2018-01-07 00:00:00,1
s3://nasa-surya-bench/2018/01/20180107_0600.nc,2018-01-07 06:00:00,1
s3://nasa-surya-bench/2018/01/20180107_1200.nc,2018-01-07 12:00:00,1
s3://nasa-surya-bench/2018/01/20180107_1800.nc,2018-01-07 18:00:00,1
s3://nasa-surya-bench/2018/01/20180108_0000.nc,2018-01-08 00:00:00,1
s3://nasa-surya-bench/2018/01/20180108_0600.nc,2018-01-08 06:00:00,1
s3://nasa-surya-bench/2018/01/20180108_1200.nc,2018-01-08 12:00:00,1
s3://nasa-surya-bench/2018/01/20180108_1800.nc,2018-01-08 18:00:00,1
s3://nasa-surya-bench/2018/01/20180109_0000.nc,2018-01-09 00:00:00,1
s3://nasa-surya-bench/2018/01/20180109_0600.nc,2018-01-09 06:00:00,1
s3://nasa-surya-bench/2018/01/20180109_1200.nc,2018-01-09 12:00:00,1
s3://nasa-surya-bench/2018/01/20180109_1800.nc,2018-01-09 18:00:00,1
s3://nasa-surya-bench/2018/01/20180110_0000.nc,2018-01-10 00:00:00,1
s3://nasa-surya-bench/2018/01/20180110_0600.nc,2018-01-10 06:00:00,1
s3://nasa-surya-bench/2018/01/20180110_1200.nc,2018-01-10 12:00:00,1
s3://nasa-surya-bench/2018/01/20180111_0000.nc,2018-01-11 00:00:00,1
s3://nasa-surya-bench/2018/01/20180111_0600.nc,2018-01-11 06:00:00,1
s3://nasa-surya-bench/2018/01/20180111_1200.nc,2018-01-11 12:00:00,1
s3://nasa-surya-bench/2018/01/20180111_1800.nc,2018-01-11 18:00:00,1
s3://nasa-surya-bench/2018/01/20180112_0000.nc,2018-01-12 00:00:00,1
s3://nasa-surya-bench/2018/01/20180112_0600.nc,2018-01-12 06:00:00,1
s3://nasa-surya-bench/2018/01/20180112_1200.nc,2018-01-12 12:00:00,1
s3://nasa-surya-bench/2018/01/20180112_1800.nc,2018-01-12 18:00:00,1
s3://nasa-surya-bench/2018/01/20180113_0000.nc,2018-01-13 00:00:00,1
s3://nasa-surya-bench/2018/01/20180113_0600.nc,2018-01-13 06:00:00,1
s3://nasa-surya-bench/2018/01/20180113_1200.nc,2018-01-13 12:00:00,1
s3://nasa-surya-bench/2018/01/20180113_1800.nc,2018-01-13 18:00:00,1
s3://nasa-surya-bench/2018/01/20180114_0000.nc,2018-01-14 00:00:00,1
s3://nasa-surya-bench/2018/01/20180114_0600.nc,2018-01-14 06:00:00,1
s3://nasa-surya-bench/2018/01/20180114_1200.nc,2018-01-14 12:00:00,1
s3://nasa-surya-bench/2018/01/20180114_1800.nc,2018-01-14 18:00:00,1
s3://nasa-surya-bench/2018/01/20180115_0000.nc,2018-01-15 00:00:00,1
s3://nasa-surya-bench/2018/01/20180115_0600.nc,2018-01-15 06:00:00,1
s3://nasa-surya-bench/2018/01/20180115_1200.nc,2018-01-15 12:00:00,1
s3://nasa-surya-bench/2018/01/20180115_1800.nc,2018-01-15 18:00:00,1
s3://nasa-surya-bench/2018/01/20180116_0000.nc,2018-01-16 00:00:00,1
s3://nasa-surya-bench/2018/01/20180116_0600.nc,2018-01-16 06:00:00,1
s3://nasa-surya-bench/2018/01/20180116_1200.nc,2018-01-16 12:00:00,1
s3://nasa-surya-bench/2018/01/20180116_1800.nc,2018-01-16 18:00:00,1
s3://nasa-surya-bench/2018/01/20180117_0000.nc,2018-01-17 00:00:00,1
s3://nasa-surya-bench/2018/01/20180117_0600.nc,2018-01-17 06:00:00,1
s3://nasa-surya-bench/2018/01/20180117_1200.nc,2018-01-17 12:00:00,1
s3://nasa-surya-bench/2018/01/20180118_0000.nc,2018-01-18 00:00:00,1
s3://nasa-surya-bench/2018/01/20180118_0600.nc,2018-01-18 06:00:00,1
s3://nasa-surya-bench/2018/01/20180118_1200.nc,2018-01-18 12:00:00,1
s3://nasa-surya-bench/2018/01/20180118_1800.nc,2018-01-18 18:00:00,1
s3://nasa-surya-bench/2018/01/20180119_0000.nc,2018-01-19 00:00:00,1
s3://nasa-surya-bench/2018/01/20180119_0600.nc,2018-01-19 06:00:00,1
s3://nasa-surya-bench/2018/01/20180119_1200.nc,2018-01-19 12:00:00,1
s3://nasa-surya-bench/2018/01/20180119_1800.nc,2018-01-19 18:00:00,1
s3://nasa-surya-bench/2018/01/20180120_0000.nc,2018-01-20 00:00:00,1
s3://nasa-surya-bench/2018/01/20180120_0600.nc,2018-01-20 06:00:00,1
s3://nasa-surya-bench/2018/01/20180120_1200.nc,2018-01-20 12:00:00,1
s3://nasa-surya-bench/2018/01/20180120_1800.nc,2018-01-20 18:00:00,1
s3://nasa-surya-bench/2018/01/20180121_0000.nc,2018-01-21 00:00:00,1
s3://nasa-surya-bench/2018/01/20180121_0600.nc,2018-01-21 06:00:00,1
s3://nasa-surya-bench/2018/01/20180121_1200.nc,2018-01-21 12:00:00,1
s3://nasa-surya-bench/2018/01/20180121_1800.nc,2018-01-21 18:00:00,1
s3://nasa-surya-bench/2018/01/20180122_0000.nc,2018-01-22 00:00:00,1
s3://nasa-surya-bench/2018/01/20180122_0600.nc,2018-01-22 06:00:00,1
s3://nasa-surya-bench/2018/01/20180122_1200.nc,2018-01-22 12:00:00,1
s3://nasa-surya-bench/2018/01/20180122_1800.nc,2018-01-22 18:00:00,1
s3://nasa-surya-bench/2018/01/20180123_0000.nc,2018-01-23 00:00:00,1
s3://nasa-surya-bench/2018/01/20180123_0600.nc,2018-01-23 06:00:00,1
s3://nasa-surya-bench/2018/01/20180123_1200.nc,2018-01-23 12:00:00,1
s3://nasa-surya-bench/2018/01/20180123_1800.nc,2018-01-23 18:00:00,1
s3://nasa-surya-bench/2018/01/20180124_0600.nc,2018-01-24 06:00:00,1
s3://nasa-surya-bench/2018/01/20180124_1200.nc,2018-01-24 12:00:00,1
s3://nasa-surya-bench/2018/01/20180125_0000.nc,2018-01-25 00:00:00,1
s3://nasa-surya-bench/2018/01/20180125_0600.nc,2018-01-25 06:00:00,1
s3://nasa-surya-bench/2018/01/20180125_1200.nc,2018-01-25 12:00:00,1
s3://nasa-surya-bench/2018/01/20180125_1800.nc,2018-01-25 18:00:00,1
s3://nasa-surya-bench/2018/01/20180126_0000.nc,2018-01-26 00:00:00,1
s3://nasa-surya-bench/2018/01/20180126_0600.nc,2018-01-26 06:00:00,1
s3://nasa-surya-bench/2018/01/20180126_1200.nc,2018-01-26 12:00:00,1
s3://nasa-surya-bench/2018/01/20180126_1800.nc,2018-01-26 18:00:00,1
s3://nasa-surya-bench/2018/01/20180127_0000.nc,2018-01-27 00:00:00,1
s3://nasa-surya-bench/2018/01/20180127_0600.nc,2018-01-27 06:00:00,1
s3://nasa-surya-bench/2018/01/20180127_1200.nc,2018-01-27 12:00:00,1
s3://nasa-surya-bench/2018/01/20180127_1800.nc,2018-01-27 18:00:00,1
s3://nasa-surya-bench/2018/01/20180128_0000.nc,2018-01-28 00:00:00,1
s3://nasa-surya-bench/2018/01/20180128_0600.nc,2018-01-28 06:00:00,1
s3://nasa-surya-bench/2018/01/20180128_1200.nc,2018-01-28 12:00:00,1
s3://nasa-surya-bench/2018/01/20180128_1800.nc,2018-01-28 18:00:00,1
s3://nasa-surya-bench/2018/01/20180129_0000.nc,2018-01-29 00:00:00,1
s3://nasa-surya-bench/2018/01/20180129_0600.nc,2018-01-29 06:00:00,1
s3://nasa-surya-bench/2018/01/20180129_1200.nc,2018-01-29 12:00:00,1
s3://nasa-surya-bench/2018/01/20180129_1800.nc,2018-01-29 18:00:00,1
s3://nasa-surya-bench/2018/01/20180130_0000.nc,2018-01-30 00:00:00,1
s3://nasa-surya-bench/2018/01/20180130_0600.nc,2018-01-30 06:00:00,1
s3://nasa-surya-bench/2018/01/20180130_1200.nc,2018-01-30 12:00:00,1
s3://nasa-surya-bench/2018/01/20180130_1800.nc,2018-01-30 18:00:00,1
s3://nasa-surya-bench/2018/01/20180131_0000.nc,2018-01-31 00:00:00,1
s3://nasa-surya-bench/2018/01/20180131_0600.nc,2018-01-31 06:00:00,1
s3://nasa-surya-bench/2018/01/20180131_1200.nc,2018-01-31 12:00:00,1
s3://nasa-surya-bench/2018/01/20180131_1800.nc,2018-01-31 18:00:00,1
s3://nasa-surya-bench/2018/02/20180201_0000.nc,2018-02-01 00:00:00,1
s3://nasa-surya-bench/2018/02/20180201_0600.nc,2018-02-01 06:00:00,1
s3://nasa-surya-bench/2018/02/20180201_1200.nc,2018-02-01 12:00:00,1
s3://nasa-surya-bench/2018/02/20180201_1800.nc,2018-02-01 18:00:00,1
s3://nasa-surya-bench/2018/02/20180202_0000.nc,2018-02-02 00:00:00,1
s3://nasa-surya-bench/2018/02/20180202_0600.nc,2018-02-02 06:00:00,1
s3://nasa-surya-bench/2018/02/20180202_1200.nc,2018-02-02 12:00:00,1
s3://nasa-surya-bench/2018/02/20180202_1800.nc,2018-02-02 18:00:00,1
s3://nasa-surya-bench/2018/02/20180203_0000.nc,2018-02-03 00:00:00,1
s3://nasa-surya-bench/2018/02/20180203_0600.nc,2018-02-03 06:00:00,1
s3://nasa-surya-bench/2018/02/20180203_1200.nc,2018-02-03 12:00:00,1
s3://nasa-surya-bench/2018/02/20180203_1800.nc,2018-02-03 18:00:00,1
s3://nasa-surya-bench/2018/02/20180204_0000.nc,2018-02-04 00:00:00,1
s3://nasa-surya-bench/2018/02/20180204_0600.nc,2018-02-04 06:00:00,1
s3://nasa-surya-bench/2018/02/20180204_1200.nc,2018-02-04 12:00:00,1
s3://nasa-surya-bench/2018/02/20180204_1800.nc,2018-02-04 18:00:00,1
s3://nasa-surya-bench/2018/02/20180205_0000.nc,2018-02-05 00:00:00,1
s3://nasa-surya-bench/2018/02/20180205_0600.nc,2018-02-05 06:00:00,1
s3://nasa-surya-bench/2018/02/20180205_1200.nc,2018-02-05 12:00:00,1
s3://nasa-surya-bench/2018/02/20180205_1800.nc,2018-02-05 18:00:00,1
s3://nasa-surya-bench/2018/02/20180206_0000.nc,2018-02-06 00:00:00,1
s3://nasa-surya-bench/2018/02/20180206_0600.nc,2018-02-06 06:00:00,1
s3://nasa-surya-bench/2018/02/20180206_1200.nc,2018-02-06 12:00:00,1
s3://nasa-surya-bench/2018/02/20180206_1800.nc,2018-02-06 18:00:00,1
s3://nasa-surya-bench/2018/02/20180207_0000.nc,2018-02-07 00:00:00,1
s3://nasa-surya-bench/2018/02/20180207_0600.nc,2018-02-07 06:00:00,1
s3://nasa-surya-bench/2018/02/20180207_1200.nc,2018-02-07 12:00:00,1
s3://nasa-surya-bench/2018/02/20180207_1800.nc,2018-02-07 18:00:00,1
s3://nasa-surya-bench/2018/02/20180208_0000.nc,2018-02-08 00:00:00,1
s3://nasa-surya-bench/2018/02/20180208_0600.nc,2018-02-08 06:00:00,1
s3://nasa-surya-bench/2018/02/20180208_1200.nc,2018-02-08 12:00:00,1
s3://nasa-surya-bench/2018/02/20180208_1800.nc,2018-02-08 18:00:00,1
s3://nasa-surya-bench/2018/02/20180209_0000.nc,2018-02-09 00:00:00,1
s3://nasa-surya-bench/2018/02/20180209_0600.nc,2018-02-09 06:00:00,1
s3://nasa-surya-bench/2018/02/20180209_1200.nc,2018-02-09 12:00:00,1
s3://nasa-surya-bench/2018/02/20180209_1800.nc,2018-02-09 18:00:00,1
s3://nasa-surya-bench/2018/02/20180210_0000.nc,2018-02-10 00:00:00,1
s3://nasa-surya-bench/2018/02/20180210_0600.nc,2018-02-10 06:00:00,1
s3://nasa-surya-bench/2018/02/20180210_1200.nc,2018-02-10 12:00:00,1
s3://nasa-surya-bench/2018/02/20180210_1800.nc,2018-02-10 18:00:00,1
s3://nasa-surya-bench/2018/02/20180211_0000.nc,2018-02-11 00:00:00,1
s3://nasa-surya-bench/2018/02/20180211_0600.nc,2018-02-11 06:00:00,1
s3://nasa-surya-bench/2018/02/20180211_1200.nc,2018-02-11 12:00:00,1
s3://nasa-surya-bench/2018/02/20180211_1800.nc,2018-02-11 18:00:00,1
s3://nasa-surya-bench/2018/02/20180212_0000.nc,2018-02-12 00:00:00,1
s3://nasa-surya-bench/2018/02/20180212_0600.nc,2018-02-12 06:00:00,1
s3://nasa-surya-bench/2018/02/20180212_1200.nc,2018-02-12 12:00:00,1
s3://nasa-surya-bench/2018/02/20180212_1800.nc,2018-02-12 18:00:00,1
s3://nasa-surya-bench/2018/02/20180213_0000.nc,2018-02-13 00:00:00,1
s3://nasa-surya-bench/2018/02/20180213_0600.nc,2018-02-13 06:00:00,1
s3://nasa-surya-bench/2018/02/20180213_1200.nc,2018-02-13 12:00:00,1
s3://nasa-surya-bench/2018/02/20180213_1800.nc,2018-02-13 18:00:00,1
s3://nasa-surya-bench/2018/02/20180214_0000.nc,2018-02-14 00:00:00,1
s3://nasa-surya-bench/2018/02/20180214_0600.nc,2018-02-14 06:00:00,1
s3://nasa-surya-bench/2018/02/20180214_1200.nc,2018-02-14 12:00:00,1
s3://nasa-surya-bench/2018/03/20180318_0000.nc,2018-03-18 00:00:00,1
s3://nasa-surya-bench/2018/03/20180318_0600.nc,2018-03-18 06:00:00,1
s3://nasa-surya-bench/2018/03/20180318_1200.nc,2018-03-18 12:00:00,1
s3://nasa-surya-bench/2018/03/20180318_1800.nc,2018-03-18 18:00:00,1
s3://nasa-surya-bench/2018/03/20180319_0000.nc,2018-03-19 00:00:00,1
s3://nasa-surya-bench/2018/03/20180319_0600.nc,2018-03-19 06:00:00,1
s3://nasa-surya-bench/2018/03/20180319_1200.nc,2018-03-19 12:00:00,1
s3://nasa-surya-bench/2018/03/20180319_1800.nc,2018-03-19 18:00:00,1
s3://nasa-surya-bench/2018/03/20180320_0000.nc,2018-03-20 00:00:00,1
s3://nasa-surya-bench/2018/03/20180320_0600.nc,2018-03-20 06:00:00,1
s3://nasa-surya-bench/2018/03/20180320_1200.nc,2018-03-20 12:00:00,1
s3://nasa-surya-bench/2018/03/20180320_1800.nc,2018-03-20 18:00:00,1
s3://nasa-surya-bench/2018/03/20180321_0000.nc,2018-03-21 00:00:00,1
s3://nasa-surya-bench/2018/03/20180321_0600.nc,2018-03-21 06:00:00,1
s3://nasa-surya-bench/2018/03/20180321_1200.nc,2018-03-21 12:00:00,1
s3://nasa-surya-bench/2018/03/20180322_0000.nc,2018-03-22 00:00:00,1
s3://nasa-surya-bench/2018/03/20180322_0600.nc,2018-03-22 06:00:00,1
s3://nasa-surya-bench/2018/03/20180322_1200.nc,2018-03-22 12:00:00,1
s3://nasa-surya-bench/2018/03/20180322_1800.nc,2018-03-22 18:00:00,1
s3://nasa-surya-bench/2018/03/20180323_0000.nc,2018-03-23 00:00:00,1
s3://nasa-surya-bench/2018/03/20180323_0600.nc,2018-03-23 06:00:00,1
s3://nasa-surya-bench/2018/03/20180323_1200.nc,2018-03-23 12:00:00,1
s3://nasa-surya-bench/2018/03/20180323_1800.nc,2018-03-23 18:00:00,1
s3://nasa-surya-bench/2018/03/20180324_0000.nc,2018-03-24 00:00:00,1
s3://nasa-surya-bench/2018/03/20180324_0600.nc,2018-03-24 06:00:00,1
s3://nasa-surya-bench/2018/03/20180324_1200.nc,2018-03-24 12:00:00,1
s3://nasa-surya-bench/2018/03/20180324_1800.nc,2018-03-24 18:00:00,1
s3://nasa-surya-bench/2018/03/20180325_0000.nc,2018-03-25 00:00:00,1
s3://nasa-surya-bench/2018/03/20180325_0600.nc,2018-03-25 06:00:00,1
s3://nasa-surya-bench/2018/03/20180325_1200.nc,2018-03-25 12:00:00,1
s3://nasa-surya-bench/2018/03/20180325_1800.nc,2018-03-25 18:00:00,1
s3://nasa-surya-bench/2018/03/20180326_0000.nc,2018-03-26 00:00:00,1
s3://nasa-surya-bench/2018/03/20180326_0600.nc,2018-03-26 06:00:00,1
s3://nasa-surya-bench/2018/03/20180326_1200.nc,2018-03-26 12:00:00,1
s3://nasa-surya-bench/2018/03/20180326_1800.nc,2018-03-26 18:00:00,1
s3://nasa-surya-bench/2018/03/20180327_0000.nc,2018-03-27 00:00:00,1
s3://nasa-surya-bench/2018/03/20180327_0600.nc,2018-03-27 06:00:00,1
s3://nasa-surya-bench/2018/03/20180327_1200.nc,2018-03-27 12:00:00,1
s3://nasa-surya-bench/2018/03/20180327_1800.nc,2018-03-27 18:00:00,1
s3://nasa-surya-bench/2018/03/20180328_0000.nc,2018-03-28 00:00:00,1
s3://nasa-surya-bench/2018/03/20180328_0600.nc,2018-03-28 06:00:00,1
s3://nasa-surya-bench/2018/03/20180328_1200.nc,2018-03-28 12:00:00,1
s3://nasa-surya-bench/2018/03/20180329_0000.nc,2018-03-29 00:00:00,1
s3://nasa-surya-bench/2018/03/20180329_0600.nc,2018-03-29 06:00:00,1
s3://nasa-surya-bench/2018/03/20180329_1200.nc,2018-03-29 12:00:00,1
s3://nasa-surya-bench/2018/03/20180329_1800.nc,2018-03-29 18:00:00,1
s3://nasa-surya-bench/2018/03/20180330_0000.nc,2018-03-30 00:00:00,1
s3://nasa-surya-bench/2018/03/20180330_0600.nc,2018-03-30 06:00:00,1
s3://nasa-surya-bench/2018/03/20180330_1200.nc,2018-03-30 12:00:00,1
s3://nasa-surya-bench/2018/03/20180330_1800.nc,2018-03-30 18:00:00,1
s3://nasa-surya-bench/2018/03/20180331_0000.nc,2018-03-31 00:00:00,1
s3://nasa-surya-bench/2018/03/20180331_0600.nc,2018-03-31 06:00:00,1
s3://nasa-surya-bench/2018/03/20180331_1200.nc,2018-03-31 12:00:00,1
s3://nasa-surya-bench/2018/03/20180331_1800.nc,2018-03-31 18:00:00,1
s3://nasa-surya-bench/2018/04/20180401_0000.nc,2018-04-01 00:00:00,1
s3://nasa-surya-bench/2018/04/20180401_0600.nc,2018-04-01 06:00:00,1
s3://nasa-surya-bench/2018/04/20180401_1200.nc,2018-04-01 12:00:00,1
s3://nasa-surya-bench/2018/04/20180401_1800.nc,2018-04-01 18:00:00,1
s3://nasa-surya-bench/2018/04/20180402_0000.nc,2018-04-02 00:00:00,1
s3://nasa-surya-bench/2018/04/20180402_0600.nc,2018-04-02 06:00:00,1
s3://nasa-surya-bench/2018/04/20180402_1200.nc,2018-04-02 12:00:00,1
s3://nasa-surya-bench/2018/04/20180402_1800.nc,2018-04-02 18:00:00,1
s3://nasa-surya-bench/2018/04/20180403_0000.nc,2018-04-03 00:00:00,1
s3://nasa-surya-bench/2018/04/20180403_0600.nc,2018-04-03 06:00:00,1
s3://nasa-surya-bench/2018/04/20180403_1200.nc,2018-04-03 12:00:00,1
s3://nasa-surya-bench/2018/04/20180403_1800.nc,2018-04-03 18:00:00,1
s3://nasa-surya-bench/2018/04/20180404_0000.nc,2018-04-04 00:00:00,1
s3://nasa-surya-bench/2018/04/20180404_0600.nc,2018-04-04 06:00:00,1
s3://nasa-surya-bench/2018/04/20180404_1200.nc,2018-04-04 12:00:00,1
s3://nasa-surya-bench/2018/04/20180404_1800.nc,2018-04-04 18:00:00,1
s3://nasa-surya-bench/2018/04/20180405_0000.nc,2018-04-05 00:00:00,1
s3://nasa-surya-bench/2018/04/20180405_0600.nc,2018-04-05 06:00:00,1
s3://nasa-surya-bench/2018/04/20180405_1200.nc,2018-04-05 12:00:00,1
s3://nasa-surya-bench/2018/04/20180405_1800.nc,2018-04-05 18:00:00,1
s3://nasa-surya-bench/2018/04/20180406_0000.nc,2018-04-06 00:00:00,1
s3://nasa-surya-bench/2018/04/20180406_0600.nc,2018-04-06 06:00:00,1
s3://nasa-surya-bench/2018/04/20180406_1200.nc,2018-04-06 12:00:00,1
s3://nasa-surya-bench/2018/04/20180406_1800.nc,2018-04-06 18:00:00,1
s3://nasa-surya-bench/2018/04/20180407_0000.nc,2018-04-07 00:00:00,1
s3://nasa-surya-bench/2018/04/20180407_0600.nc,2018-04-07 06:00:00,1
s3://nasa-surya-bench/2018/04/20180407_1200.nc,2018-04-07 12:00:00,1
s3://nasa-surya-bench/2018/04/20180407_1800.nc,2018-04-07 18:00:00,1
s3://nasa-surya-bench/2018/04/20180408_0000.nc,2018-04-08 00:00:00,1
s3://nasa-surya-bench/2018/04/20180408_0600.nc,2018-04-08 06:00:00,1
s3://nasa-surya-bench/2018/04/20180408_1200.nc,2018-04-08 12:00:00,1
s3://nasa-surya-bench/2018/04/20180408_1800.nc,2018-04-08 18:00:00,1
s3://nasa-surya-bench/2018/04/20180409_0000.nc,2018-04-09 00:00:00,1
s3://nasa-surya-bench/2018/04/20180409_0600.nc,2018-04-09 06:00:00,1
s3://nasa-surya-bench/2018/04/20180409_1200.nc,2018-04-09 12:00:00,1
s3://nasa-surya-bench/2018/04/20180409_1800.nc,2018-04-09 18:00:00,1
s3://nasa-surya-bench/2018/04/20180410_0000.nc,2018-04-10 00:00:00,1
s3://nasa-surya-bench/2018/04/20180410_0600.nc,2018-04-10 06:00:00,1
s3://nasa-surya-bench/2018/04/20180410_1200.nc,2018-04-10 12:00:00,1
s3://nasa-surya-bench/2018/04/20180410_1800.nc,2018-04-10 18:00:00,1
s3://nasa-surya-bench/2018/04/20180411_0000.nc,2018-04-11 00:00:00,1
s3://nasa-surya-bench/2018/04/20180411_0600.nc,2018-04-11 06:00:00,1
s3://nasa-surya-bench/2018/04/20180411_1200.nc,2018-04-11 12:00:00,1
s3://nasa-surya-bench/2018/04/20180412_0000.nc,2018-04-12 00:00:00,1
s3://nasa-surya-bench/2018/04/20180412_0600.nc,2018-04-12 06:00:00,1
s3://nasa-surya-bench/2018/04/20180412_1200.nc,2018-04-12 12:00:00,1
s3://nasa-surya-bench/2018/04/20180412_1800.nc,2018-04-12 18:00:00,1
s3://nasa-surya-bench/2018/04/20180413_0000.nc,2018-04-13 00:00:00,1
s3://nasa-surya-bench/2018/04/20180413_0600.nc,2018-04-13 06:00:00,1
s3://nasa-surya-bench/2018/04/20180413_1200.nc,2018-04-13 12:00:00,1
s3://nasa-surya-bench/2018/04/20180413_1800.nc,2018-04-13 18:00:00,1
s3://nasa-surya-bench/2018/04/20180414_0000.nc,2018-04-14 00:00:00,1
s3://nasa-surya-bench/2018/04/20180414_0600.nc,2018-04-14 06:00:00,1
s3://nasa-surya-bench/2018/04/20180414_1200.nc,2018-04-14 12:00:00,1
s3://nasa-surya-bench/2018/04/20180414_1800.nc,2018-04-14 18:00:00,1
s3://nasa-surya-bench/2018/04/20180415_0000.nc,2018-04-15 00:00:00,1
s3://nasa-surya-bench/2018/04/20180415_0600.nc,2018-04-15 06:00:00,1
s3://nasa-surya-bench/2018/04/20180415_1200.nc,2018-04-15 12:00:00,1
s3://nasa-surya-bench/2018/04/20180415_1800.nc,2018-04-15 18:00:00,1
s3://nasa-surya-bench/2018/04/20180416_0000.nc,2018-04-16 00:00:00,1
s3://nasa-surya-bench/2018/04/20180416_0600.nc,2018-04-16 06:00:00,1
s3://nasa-surya-bench/2018/04/20180416_1200.nc,2018-04-16 12:00:00,1
s3://nasa-surya-bench/2018/04/20180416_1800.nc,2018-04-16 18:00:00,1
s3://nasa-surya-bench/2018/04/20180417_0000.nc,2018-04-17 00:00:00,1
s3://nasa-surya-bench/2018/04/20180417_0600.nc,2018-04-17 06:00:00,1
s3://nasa-surya-bench/2018/04/20180417_1200.nc,2018-04-17 12:00:00,1
s3://nasa-surya-bench/2018/04/20180417_1800.nc,2018-04-17 18:00:00,1
s3://nasa-surya-bench/2018/04/20180418_0000.nc,2018-04-18 00:00:00,1
s3://nasa-surya-bench/2018/04/20180418_0600.nc,2018-04-18 06:00:00,1
s3://nasa-surya-bench/2018/04/20180418_1200.nc,2018-04-18 12:00:00,1
s3://nasa-surya-bench/2018/04/20180419_0000.nc,2018-04-19 00:00:00,1
s3://nasa-surya-bench/2018/04/20180419_0600.nc,2018-04-19 06:00:00,1
s3://nasa-surya-bench/2018/04/20180419_1800.nc,2018-04-19 18:00:00,1
s3://nasa-surya-bench/2018/04/20180420_0000.nc,2018-04-20 00:00:00,1
s3://nasa-surya-bench/2018/04/20180420_0600.nc,2018-04-20 06:00:00,1
s3://nasa-surya-bench/2018/04/20180420_1200.nc,2018-04-20 12:00:00,1
s3://nasa-surya-bench/2018/04/20180420_1800.nc,2018-04-20 18:00:00,1
s3://nasa-surya-bench/2018/04/20180421_0000.nc,2018-04-21 00:00:00,1
s3://nasa-surya-bench/2018/04/20180421_0600.nc,2018-04-21 06:00:00,1
s3://nasa-surya-bench/2018/04/20180421_1200.nc,2018-04-21 12:00:00,1
s3://nasa-surya-bench/2018/04/20180421_1800.nc,2018-04-21 18:00:00,1
s3://nasa-surya-bench/2018/04/20180422_0000.nc,2018-04-22 00:00:00,1
s3://nasa-surya-bench/2018/04/20180422_0600.nc,2018-04-22 06:00:00,1
s3://nasa-surya-bench/2018/04/20180422_1200.nc,2018-04-22 12:00:00,1
s3://nasa-surya-bench/2018/04/20180422_1800.nc,2018-04-22 18:00:00,1
s3://nasa-surya-bench/2018/04/20180423_0000.nc,2018-04-23 00:00:00,1
s3://nasa-surya-bench/2018/04/20180423_0600.nc,2018-04-23 06:00:00,1
s3://nasa-surya-bench/2018/04/20180423_1200.nc,2018-04-23 12:00:00,1
s3://nasa-surya-bench/2018/04/20180423_1800.nc,2018-04-23 18:00:00,1
s3://nasa-surya-bench/2018/04/20180424_0000.nc,2018-04-24 00:00:00,1
s3://nasa-surya-bench/2018/04/20180424_0600.nc,2018-04-24 06:00:00,1
s3://nasa-surya-bench/2018/04/20180424_1200.nc,2018-04-24 12:00:00,1
s3://nasa-surya-bench/2018/04/20180424_1800.nc,2018-04-24 18:00:00,1
s3://nasa-surya-bench/2018/04/20180425_0000.nc,2018-04-25 00:00:00,1
s3://nasa-surya-bench/2018/04/20180425_0600.nc,2018-04-25 06:00:00,1
s3://nasa-surya-bench/2018/04/20180425_1200.nc,2018-04-25 12:00:00,1
s3://nasa-surya-bench/2018/04/20180425_1800.nc,2018-04-25 18:00:00,1
s3://nasa-surya-bench/2018/04/20180426_0000.nc,2018-04-26 00:00:00,1
s3://nasa-surya-bench/2018/04/20180426_0600.nc,2018-04-26 06:00:00,1
s3://nasa-surya-bench/2018/04/20180426_1200.nc,2018-04-26 12:00:00,1
s3://nasa-surya-bench/2018/04/20180426_1800.nc,2018-04-26 18:00:00,1
s3://nasa-surya-bench/2018/04/20180427_0000.nc,2018-04-27 00:00:00,1
s3://nasa-surya-bench/2018/04/20180427_0600.nc,2018-04-27 06:00:00,1
s3://nasa-surya-bench/2018/04/20180427_1200.nc,2018-04-27 12:00:00,1
s3://nasa-surya-bench/2018/04/20180427_1800.nc,2018-04-27 18:00:00,1
s3://nasa-surya-bench/2018/04/20180428_0000.nc,2018-04-28 00:00:00,1
s3://nasa-surya-bench/2018/04/20180428_0600.nc,2018-04-28 06:00:00,1
s3://nasa-surya-bench/2018/04/20180428_1200.nc,2018-04-28 12:00:00,1
s3://nasa-surya-bench/2018/04/20180428_1800.nc,2018-04-28 18:00:00,1
s3://nasa-surya-bench/2018/04/20180429_0000.nc,2018-04-29 00:00:00,1
s3://nasa-surya-bench/2018/04/20180429_0600.nc,2018-04-29 06:00:00,1
s3://nasa-surya-bench/2018/04/20180429_1200.nc,2018-04-29 12:00:00,1
s3://nasa-surya-bench/2018/04/20180429_1800.nc,2018-04-29 18:00:00,1
s3://nasa-surya-bench/2018/04/20180430_0000.nc,2018-04-30 00:00:00,1
s3://nasa-surya-bench/2018/04/20180430_0600.nc,2018-04-30 06:00:00,1
s3://nasa-surya-bench/2018/04/20180430_1200.nc,2018-04-30 12:00:00,1
s3://nasa-surya-bench/2018/04/20180430_1800.nc,2018-04-30 18:00:00,1
s3://nasa-surya-bench/2018/05/20180501_0000.nc,2018-05-01 00:00:00,1
s3://nasa-surya-bench/2018/05/20180501_0600.nc,2018-05-01 06:00:00,1
s3://nasa-surya-bench/2018/05/20180501_1200.nc,2018-05-01 12:00:00,1
s3://nasa-surya-bench/2018/05/20180501_1800.nc,2018-05-01 18:00:00,1
s3://nasa-surya-bench/2018/05/20180502_0000.nc,2018-05-02 00:00:00,1
s3://nasa-surya-bench/2018/05/20180502_0600.nc,2018-05-02 06:00:00,1
s3://nasa-surya-bench/2018/05/20180502_1200.nc,2018-05-02 12:00:00,1
s3://nasa-surya-bench/2018/05/20180502_1800.nc,2018-05-02 18:00:00,1
s3://nasa-surya-bench/2018/05/20180503_0000.nc,2018-05-03 00:00:00,1
s3://nasa-surya-bench/2018/05/20180503_0600.nc,2018-05-03 06:00:00,1
s3://nasa-surya-bench/2018/05/20180503_1200.nc,2018-05-03 12:00:00,1
s3://nasa-surya-bench/2018/05/20180503_1800.nc,2018-05-03 18:00:00,1
s3://nasa-surya-bench/2018/05/20180504_0000.nc,2018-05-04 00:00:00,1
s3://nasa-surya-bench/2018/05/20180504_0600.nc,2018-05-04 06:00:00,1
s3://nasa-surya-bench/2018/05/20180504_1200.nc,2018-05-04 12:00:00,1
s3://nasa-surya-bench/2018/05/20180504_1800.nc,2018-05-04 18:00:00,1
s3://nasa-surya-bench/2018/05/20180505_0000.nc,2018-05-05 00:00:00,1
s3://nasa-surya-bench/2018/05/20180505_0600.nc,2018-05-05 06:00:00,1
s3://nasa-surya-bench/2018/05/20180505_1200.nc,2018-05-05 12:00:00,1
s3://nasa-surya-bench/2018/05/20180505_1800.nc,2018-05-05 18:00:00,1
s3://nasa-surya-bench/2018/05/20180506_0000.nc,2018-05-06 00:00:00,1
s3://nasa-surya-bench/2018/05/20180506_0600.nc,2018-05-06 06:00:00,1
s3://nasa-surya-bench/2018/05/20180506_1200.nc,2018-05-06 12:00:00,1
s3://nasa-surya-bench/2018/05/20180506_1800.nc,2018-05-06 18:00:00,1
s3://nasa-surya-bench/2018/05/20180507_0000.nc,2018-05-07 00:00:00,1
s3://nasa-surya-bench/2018/05/20180507_0600.nc,2018-05-07 06:00:00,1
s3://nasa-surya-bench/2018/05/20180507_1200.nc,2018-05-07 12:00:00,1
s3://nasa-surya-bench/2018/05/20180507_1800.nc,2018-05-07 18:00:00,1
s3://nasa-surya-bench/2018/05/20180508_0000.nc,2018-05-08 00:00:00,1
s3://nasa-surya-bench/2018/05/20180508_0600.nc,2018-05-08 06:00:00,1
s3://nasa-surya-bench/2018/05/20180508_1200.nc,2018-05-08 12:00:00,1
s3://nasa-surya-bench/2018/05/20180508_1800.nc,2018-05-08 18:00:00,1
s3://nasa-surya-bench/2018/05/20180509_0000.nc,2018-05-09 00:00:00,1
s3://nasa-surya-bench/2018/05/20180509_0600.nc,2018-05-09 06:00:00,1
s3://nasa-surya-bench/2018/05/20180509_1200.nc,2018-05-09 12:00:00,1
s3://nasa-surya-bench/2018/05/20180509_1800.nc,2018-05-09 18:00:00,1
s3://nasa-surya-bench/2018/05/20180510_0000.nc,2018-05-10 00:00:00,1
s3://nasa-surya-bench/2018/05/20180510_0600.nc,2018-05-10 06:00:00,1
s3://nasa-surya-bench/2018/05/20180510_1200.nc,2018-05-10 12:00:00,1
s3://nasa-surya-bench/2018/05/20180510_1800.nc,2018-05-10 18:00:00,1
s3://nasa-surya-bench/2018/05/20180511_0000.nc,2018-05-11 00:00:00,1
s3://nasa-surya-bench/2018/05/20180511_0600.nc,2018-05-11 06:00:00,1
s3://nasa-surya-bench/2018/05/20180511_1200.nc,2018-05-11 12:00:00,1
s3://nasa-surya-bench/2018/05/20180511_1800.nc,2018-05-11 18:00:00,1
s3://nasa-surya-bench/2018/05/20180512_0000.nc,2018-05-12 00:00:00,1
s3://nasa-surya-bench/2018/05/20180512_0600.nc,2018-05-12 06:00:00,1
s3://nasa-surya-bench/2018/05/20180512_1200.nc,2018-05-12 12:00:00,1
s3://nasa-surya-bench/2018/05/20180512_1800.nc,2018-05-12 18:00:00,1
s3://nasa-surya-bench/2018/05/20180513_0000.nc,2018-05-13 00:00:00,1
s3://nasa-surya-bench/2018/05/20180513_0600.nc,2018-05-13 06:00:00,1
s3://nasa-surya-bench/2018/05/20180513_1200.nc,2018-05-13 12:00:00,1
s3://nasa-surya-bench/2018/05/20180513_1800.nc,2018-05-13 18:00:00,1
s3://nasa-surya-bench/2018/05/20180514_0000.nc,2018-05-14 00:00:00,1
s3://nasa-surya-bench/2018/05/20180514_0600.nc,2018-05-14 06:00:00,1
s3://nasa-surya-bench/2018/05/20180514_1200.nc,2018-05-14 12:00:00,1
s3://nasa-surya-bench/2018/05/20180514_1800.nc,2018-05-14 18:00:00,1
s3://nasa-surya-bench/2018/05/20180515_0000.nc,2018-05-15 00:00:00,1
s3://nasa-surya-bench/2018/05/20180515_0600.nc,2018-05-15 06:00:00,1
s3://nasa-surya-bench/2018/05/20180515_1200.nc,2018-05-15 12:00:00,1
s3://nasa-surya-bench/2018/05/20180515_1800.nc,2018-05-15 18:00:00,1
s3://nasa-surya-bench/2018/05/20180516_0000.nc,2018-05-16 00:00:00,1
s3://nasa-surya-bench/2018/05/20180516_0600.nc,2018-05-16 06:00:00,1
s3://nasa-surya-bench/2018/05/20180516_1200.nc,2018-05-16 12:00:00,1
s3://nasa-surya-bench/2018/05/20180516_1800.nc,2018-05-16 18:00:00,1
s3://nasa-surya-bench/2018/05/20180517_0000.nc,2018-05-17 00:00:00,1
s3://nasa-surya-bench/2018/05/20180517_0600.nc,2018-05-17 06:00:00,1
s3://nasa-surya-bench/2018/05/20180517_1200.nc,2018-05-17 12:00:00,1
s3://nasa-surya-bench/2018/05/20180517_1800.nc,2018-05-17 18:00:00,1
s3://nasa-surya-bench/2018/05/20180518_0000.nc,2018-05-18 00:00:00,1
s3://nasa-surya-bench/2018/05/20180518_0600.nc,2018-05-18 06:00:00,1
s3://nasa-surya-bench/2018/05/20180518_1200.nc,2018-05-18 12:00:00,1
s3://nasa-surya-bench/2018/05/20180518_1800.nc,2018-05-18 18:00:00,1
s3://nasa-surya-bench/2018/05/20180519_0000.nc,2018-05-19 00:00:00,1
s3://nasa-surya-bench/2018/05/20180519_0600.nc,2018-05-19 06:00:00,1
s3://nasa-surya-bench/2018/05/20180519_1200.nc,2018-05-19 12:00:00,1
s3://nasa-surya-bench/2018/05/20180519_1800.nc,2018-05-19 18:00:00,1
s3://nasa-surya-bench/2018/05/20180520_0000.nc,2018-05-20 00:00:00,1
s3://nasa-surya-bench/2018/05/20180520_0600.nc,2018-05-20 06:00:00,1
s3://nasa-surya-bench/2018/05/20180520_1200.nc,2018-05-20 12:00:00,1
s3://nasa-surya-bench/2018/05/20180520_1800.nc,2018-05-20 18:00:00,1
s3://nasa-surya-bench/2018/05/20180521_0000.nc,2018-05-21 00:00:00,1
s3://nasa-surya-bench/2018/05/20180521_0600.nc,2018-05-21 06:00:00,1
s3://nasa-surya-bench/2018/05/20180521_1200.nc,2018-05-21 12:00:00,1
s3://nasa-surya-bench/2018/05/20180521_1800.nc,2018-05-21 18:00:00,1
s3://nasa-surya-bench/2018/05/20180522_0000.nc,2018-05-22 00:00:00,1
s3://nasa-surya-bench/2018/05/20180522_0600.nc,2018-05-22 06:00:00,1
s3://nasa-surya-bench/2018/05/20180522_1200.nc,2018-05-22 12:00:00,1
s3://nasa-surya-bench/2018/05/20180522_1800.nc,2018-05-22 18:00:00,1
s3://nasa-surya-bench/2018/05/20180523_0000.nc,2018-05-23 00:00:00,1
s3://nasa-surya-bench/2018/05/20180523_0600.nc,2018-05-23 06:00:00,1
s3://nasa-surya-bench/2018/05/20180523_1200.nc,2018-05-23 12:00:00,1
s3://nasa-surya-bench/2018/05/20180523_1800.nc,2018-05-23 18:00:00,1
s3://nasa-surya-bench/2018/05/20180524_0000.nc,2018-05-24 00:00:00,1
s3://nasa-surya-bench/2018/05/20180524_0600.nc,2018-05-24 06:00:00,1
s3://nasa-surya-bench/2018/05/20180524_1200.nc,2018-05-24 12:00:00,1
s3://nasa-surya-bench/2018/05/20180524_1800.nc,2018-05-24 18:00:00,1
s3://nasa-surya-bench/2018/05/20180525_0000.nc,2018-05-25 00:00:00,1
s3://nasa-surya-bench/2018/05/20180525_0600.nc,2018-05-25 06:00:00,1
s3://nasa-surya-bench/2018/05/20180525_1200.nc,2018-05-25 12:00:00,1
s3://nasa-surya-bench/2018/05/20180525_1800.nc,2018-05-25 18:00:00,1
s3://nasa-surya-bench/2018/05/20180526_0000.nc,2018-05-26 00:00:00,1
s3://nasa-surya-bench/2018/05/20180526_0600.nc,2018-05-26 06:00:00,1
s3://nasa-surya-bench/2018/05/20180526_1200.nc,2018-05-26 12:00:00,1
s3://nasa-surya-bench/2018/05/20180526_1800.nc,2018-05-26 18:00:00,1
s3://nasa-surya-bench/2018/05/20180527_0000.nc,2018-05-27 00:00:00,1
s3://nasa-surya-bench/2018/05/20180527_0600.nc,2018-05-27 06:00:00,1
s3://nasa-surya-bench/2018/05/20180527_1200.nc,2018-05-27 12:00:00,1
s3://nasa-surya-bench/2018/05/20180527_1800.nc,2018-05-27 18:00:00,1
s3://nasa-surya-bench/2018/05/20180528_0000.nc,2018-05-28 00:00:00,1
s3://nasa-surya-bench/2018/05/20180528_0600.nc,2018-05-28 06:00:00,1
s3://nasa-surya-bench/2018/05/20180528_1200.nc,2018-05-28 12:00:00,1
s3://nasa-surya-bench/2018/05/20180528_1800.nc,2018-05-28 18:00:00,1
s3://nasa-surya-bench/2018/05/20180529_0000.nc,2018-05-29 00:00:00,1
s3://nasa-surya-bench/2018/05/20180529_0600.nc,2018-05-29 06:00:00,1
s3://nasa-surya-bench/2018/05/20180529_1200.nc,2018-05-29 12:00:00,1
s3://nasa-surya-bench/2018/05/20180529_1800.nc,2018-05-29 18:00:00,1
s3://nasa-surya-bench/2018/05/20180530_0000.nc,2018-05-30 00:00:00,1
s3://nasa-surya-bench/2018/05/20180530_0600.nc,2018-05-30 06:00:00,1
s3://nasa-surya-bench/2018/05/20180530_1200.nc,2018-05-30 12:00:00,1
s3://nasa-surya-bench/2018/05/20180530_1800.nc,2018-05-30 18:00:00,1
s3://nasa-surya-bench/2018/05/20180531_0000.nc,2018-05-31 00:00:00,1
s3://nasa-surya-bench/2018/05/20180531_0600.nc,2018-05-31 06:00:00,1
s3://nasa-surya-bench/2018/05/20180531_1200.nc,2018-05-31 12:00:00,1
s3://nasa-surya-bench/2018/05/20180531_1800.nc,2018-05-31 18:00:00,1
s3://nasa-surya-bench/2018/06/20180601_0000.nc,2018-06-01 00:00:00,1
s3://nasa-surya-bench/2018/06/20180601_0600.nc,2018-06-01 06:00:00,1
s3://nasa-surya-bench/2018/06/20180601_1200.nc,2018-06-01 12:00:00,1
s3://nasa-surya-bench/2018/06/20180601_1800.nc,2018-06-01 18:00:00,1
s3://nasa-surya-bench/2018/06/20180602_0000.nc,2018-06-02 00:00:00,1
s3://nasa-surya-bench/2018/06/20180602_0600.nc,2018-06-02 06:00:00,1
s3://nasa-surya-bench/2018/06/20180602_1200.nc,2018-06-02 12:00:00,1
s3://nasa-surya-bench/2018/06/20180602_1800.nc,2018-06-02 18:00:00,1
s3://nasa-surya-bench/2018/06/20180603_0000.nc,2018-06-03 00:00:00,1
s3://nasa-surya-bench/2018/06/20180603_0600.nc,2018-06-03 06:00:00,1
s3://nasa-surya-bench/2018/06/20180603_1200.nc,2018-06-03 12:00:00,1
s3://nasa-surya-bench/2018/06/20180603_1800.nc,2018-06-03 18:00:00,1
s3://nasa-surya-bench/2018/06/20180604_0000.nc,2018-06-04 00:00:00,1
s3://nasa-surya-bench/2018/06/20180604_0600.nc,2018-06-04 06:00:00,1
s3://nasa-surya-bench/2018/06/20180604_1200.nc,2018-06-04 12:00:00,1
s3://nasa-surya-bench/2018/06/20180604_1800.nc,2018-06-04 18:00:00,1
s3://nasa-surya-bench/2018/06/20180605_0000.nc,2018-06-05 00:00:00,1
s3://nasa-surya-bench/2018/06/20180605_0600.nc,2018-06-05 06:00:00,1
s3://nasa-surya-bench/2018/06/20180605_1200.nc,2018-06-05 12:00:00,1
s3://nasa-surya-bench/2018/06/20180605_1800.nc,2018-06-05 18:00:00,1
s3://nasa-surya-bench/2018/06/20180606_0000.nc,2018-06-06 00:00:00,1
s3://nasa-surya-bench/2018/06/20180606_0600.nc,2018-06-06 06:00:00,1
s3://nasa-surya-bench/2018/06/20180606_1200.nc,2018-06-06 12:00:00,1
s3://nasa-surya-bench/2018/06/20180606_1800.nc,2018-06-06 18:00:00,1
s3://nasa-surya-bench/2018/06/20180607_0000.nc,2018-06-07 00:00:00,1
s3://nasa-surya-bench/2018/06/20180607_0600.nc,2018-06-07 06:00:00,1
s3://nasa-surya-bench/2018/06/20180607_1200.nc,2018-06-07 12:00:00,1
s3://nasa-surya-bench/2018/06/20180607_1800.nc,2018-06-07 18:00:00,1
s3://nasa-surya-bench/2018/06/20180608_0000.nc,2018-06-08 00:00:00,1
s3://nasa-surya-bench/2018/06/20180608_0600.nc,2018-06-08 06:00:00,1
s3://nasa-surya-bench/2018/06/20180608_1200.nc,2018-06-08 12:00:00,1
s3://nasa-surya-bench/2018/06/20180608_1800.nc,2018-06-08 18:00:00,1
s3://nasa-surya-bench/2018/06/20180609_0000.nc,2018-06-09 00:00:00,1
s3://nasa-surya-bench/2018/06/20180609_0600.nc,2018-06-09 06:00:00,1
s3://nasa-surya-bench/2018/06/20180609_1200.nc,2018-06-09 12:00:00,1
s3://nasa-surya-bench/2018/06/20180609_1800.nc,2018-06-09 18:00:00,1
s3://nasa-surya-bench/2018/06/20180610_0000.nc,2018-06-10 00:00:00,1
s3://nasa-surya-bench/2018/06/20180610_0600.nc,2018-06-10 06:00:00,1
s3://nasa-surya-bench/2018/06/20180610_1200.nc,2018-06-10 12:00:00,1
s3://nasa-surya-bench/2018/06/20180610_1800.nc,2018-06-10 18:00:00,1
s3://nasa-surya-bench/2018/06/20180611_0000.nc,2018-06-11 00:00:00,1
s3://nasa-surya-bench/2018/06/20180611_0600.nc,2018-06-11 06:00:00,1
s3://nasa-surya-bench/2018/06/20180611_1200.nc,2018-06-11 12:00:00,1
s3://nasa-surya-bench/2018/06/20180611_1800.nc,2018-06-11 18:00:00,1
s3://nasa-surya-bench/2018/06/20180612_0000.nc,2018-06-12 00:00:00,1
s3://nasa-surya-bench/2018/06/20180612_0600.nc,2018-06-12 06:00:00,1
s3://nasa-surya-bench/2018/06/20180612_1200.nc,2018-06-12 12:00:00,1
s3://nasa-surya-bench/2018/06/20180612_1800.nc,2018-06-12 18:00:00,1
s3://nasa-surya-bench/2018/06/20180613_0000.nc,2018-06-13 00:00:00,1
s3://nasa-surya-bench/2018/06/20180613_0600.nc,2018-06-13 06:00:00,1
s3://nasa-surya-bench/2018/06/20180613_1200.nc,2018-06-13 12:00:00,1
s3://nasa-surya-bench/2018/06/20180613_1800.nc,2018-06-13 18:00:00,1
s3://nasa-surya-bench/2018/06/20180614_0000.nc,2018-06-14 00:00:00,1
s3://nasa-surya-bench/2018/06/20180614_0600.nc,2018-06-14 06:00:00,1
s3://nasa-surya-bench/2018/06/20180614_1200.nc,2018-06-14 12:00:00,1
s3://nasa-surya-bench/2018/06/20180614_1800.nc,2018-06-14 18:00:00,1
s3://nasa-surya-bench/2018/06/20180615_0000.nc,2018-06-15 00:00:00,1
s3://nasa-surya-bench/2018/06/20180615_0600.nc,2018-06-15 06:00:00,1
s3://nasa-surya-bench/2018/06/20180615_1200.nc,2018-06-15 12:00:00,1
s3://nasa-surya-bench/2018/06/20180615_1800.nc,2018-06-15 18:00:00,1
s3://nasa-surya-bench/2018/06/20180616_0000.nc,2018-06-16 00:00:00,1
s3://nasa-surya-bench/2018/06/20180616_0600.nc,2018-06-16 06:00:00,1
s3://nasa-surya-bench/2018/06/20180616_1200.nc,2018-06-16 12:00:00,1
s3://nasa-surya-bench/2018/06/20180616_1800.nc,2018-06-16 18:00:00,1
s3://nasa-surya-bench/2018/06/20180617_0000.nc,2018-06-17 00:00:00,1
s3://nasa-surya-bench/2018/06/20180617_0600.nc,2018-06-17 06:00:00,1
s3://nasa-surya-bench/2018/06/20180617_1200.nc,2018-06-17 12:00:00,1
s3://nasa-surya-bench/2018/06/20180617_1800.nc,2018-06-17 18:00:00,1
s3://nasa-surya-bench/2018/06/20180618_0000.nc,2018-06-18 00:00:00,1
s3://nasa-surya-bench/2018/06/20180618_0600.nc,2018-06-18 06:00:00,1
s3://nasa-surya-bench/2018/06/20180618_1200.nc,2018-06-18 12:00:00,1
s3://nasa-surya-bench/2018/06/20180618_1800.nc,2018-06-18 18:00:00,1
s3://nasa-surya-bench/2018/06/20180619_0000.nc,2018-06-19 00:00:00,1
s3://nasa-surya-bench/2018/06/20180619_0600.nc,2018-06-19 06:00:00,1
s3://nasa-surya-bench/2018/06/20180619_1200.nc,2018-06-19 12:00:00,1
s3://nasa-surya-bench/2018/06/20180619_1800.nc,2018-06-19 18:00:00,1
s3://nasa-surya-bench/2018/06/20180620_0000.nc,2018-06-20 00:00:00,1
s3://nasa-surya-bench/2018/06/20180620_0600.nc,2018-06-20 06:00:00,1
s3://nasa-surya-bench/2018/06/20180620_1200.nc,2018-06-20 12:00:00,1
s3://nasa-surya-bench/2018/06/20180620_1800.nc,2018-06-20 18:00:00,1
s3://nasa-surya-bench/2018/06/20180621_0000.nc,2018-06-21 00:00:00,1
s3://nasa-surya-bench/2018/06/20180621_0600.nc,2018-06-21 06:00:00,1
s3://nasa-surya-bench/2018/06/20180621_1200.nc,2018-06-21 12:00:00,1
s3://nasa-surya-bench/2018/06/20180621_1800.nc,2018-06-21 18:00:00,1
s3://nasa-surya-bench/2018/06/20180622_0000.nc,2018-06-22 00:00:00,1
s3://nasa-surya-bench/2018/06/20180622_0600.nc,2018-06-22 06:00:00,1
s3://nasa-surya-bench/2018/06/20180622_1200.nc,2018-06-22 12:00:00,1
s3://nasa-surya-bench/2018/06/20180622_1800.nc,2018-06-22 18:00:00,1
s3://nasa-surya-bench/2018/06/20180623_0000.nc,2018-06-23 00:00:00,1
s3://nasa-surya-bench/2018/06/20180623_0600.nc,2018-06-23 06:00:00,1
s3://nasa-surya-bench/2018/06/20180623_1200.nc,2018-06-23 12:00:00,1
s3://nasa-surya-bench/2018/06/20180623_1800.nc,2018-06-23 18:00:00,1
s3://nasa-surya-bench/2018/06/20180624_0000.nc,2018-06-24 00:00:00,1
s3://nasa-surya-bench/2018/06/20180624_0600.nc,2018-06-24 06:00:00,1
s3://nasa-surya-bench/2018/06/20180624_1200.nc,2018-06-24 12:00:00,1
s3://nasa-surya-bench/2018/06/20180624_1800.nc,2018-06-24 18:00:00,1
s3://nasa-surya-bench/2018/06/20180625_0000.nc,2018-06-25 00:00:00,1
s3://nasa-surya-bench/2018/06/20180625_0600.nc,2018-06-25 06:00:00,1
s3://nasa-surya-bench/2018/06/20180625_1200.nc,2018-06-25 12:00:00,1
s3://nasa-surya-bench/2018/06/20180625_1800.nc,2018-06-25 18:00:00,1
s3://nasa-surya-bench/2018/06/20180626_0000.nc,2018-06-26 00:00:00,1
s3://nasa-surya-bench/2018/06/20180626_0600.nc,2018-06-26 06:00:00,1
s3://nasa-surya-bench/2018/06/20180626_1200.nc,2018-06-26 12:00:00,1
s3://nasa-surya-bench/2018/06/20180626_1800.nc,2018-06-26 18:00:00,1
s3://nasa-surya-bench/2018/06/20180627_0000.nc,2018-06-27 00:00:00,1
s3://nasa-surya-bench/2018/06/20180627_0600.nc,2018-06-27 06:00:00,1
s3://nasa-surya-bench/2018/06/20180627_1200.nc,2018-06-27 12:00:00,1
s3://nasa-surya-bench/2018/06/20180629_0000.nc,2018-06-29 00:00:00,1
s3://nasa-surya-bench/2018/06/20180629_0600.nc,2018-06-29 06:00:00,1
s3://nasa-surya-bench/2018/06/20180629_1200.nc,2018-06-29 12:00:00,1
s3://nasa-surya-bench/2018/06/20180629_1800.nc,2018-06-29 18:00:00,1
s3://nasa-surya-bench/2018/06/20180630_0000.nc,2018-06-30 00:00:00,1
s3://nasa-surya-bench/2018/06/20180630_0600.nc,2018-06-30 06:00:00,1
s3://nasa-surya-bench/2018/06/20180630_1200.nc,2018-06-30 12:00:00,1
s3://nasa-surya-bench/2018/06/20180630_1800.nc,2018-06-30 18:00:00,1
s3://nasa-surya-bench/2018/07/20180701_0000.nc,2018-07-01 00:00:00,1
s3://nasa-surya-bench/2018/08/20180801_1200.nc,2018-08-01 12:00:00,1
s3://nasa-surya-bench/2018/08/20180801_1800.nc,2018-08-01 18:00:00,1
s3://nasa-surya-bench/2018/08/20180802_0000.nc,2018-08-02 00:00:00,1
s3://nasa-surya-bench/2018/08/20180802_0600.nc,2018-08-02 06:00:00,1
s3://nasa-surya-bench/2018/08/20180802_1200.nc,2018-08-02 12:00:00,1
s3://nasa-surya-bench/2018/08/20180802_1800.nc,2018-08-02 18:00:00,1
s3://nasa-surya-bench/2018/08/20180803_0000.nc,2018-08-03 00:00:00,1
s3://nasa-surya-bench/2018/08/20180803_0600.nc,2018-08-03 06:00:00,1
s3://nasa-surya-bench/2018/08/20180803_1200.nc,2018-08-03 12:00:00,1
s3://nasa-surya-bench/2018/08/20180803_1800.nc,2018-08-03 18:00:00,1
s3://nasa-surya-bench/2018/08/20180804_0000.nc,2018-08-04 00:00:00,1
s3://nasa-surya-bench/2018/08/20180804_0600.nc,2018-08-04 06:00:00,1
s3://nasa-surya-bench/2018/08/20180804_1200.nc,2018-08-04 12:00:00,1
s3://nasa-surya-bench/2018/08/20180804_1800.nc,2018-08-04 18:00:00,1
s3://nasa-surya-bench/2018/08/20180805_0000.nc,2018-08-05 00:00:00,1
s3://nasa-surya-bench/2018/08/20180805_0600.nc,2018-08-05 06:00:00,1
s3://nasa-surya-bench/2018/08/20180805_1200.nc,2018-08-05 12:00:00,1
s3://nasa-surya-bench/2018/08/20180805_1800.nc,2018-08-05 18:00:00,1
s3://nasa-surya-bench/2018/08/20180806_0000.nc,2018-08-06 00:00:00,1
s3://nasa-surya-bench/2018/08/20180806_0600.nc,2018-08-06 06:00:00,1
s3://nasa-surya-bench/2018/08/20180806_1200.nc,2018-08-06 12:00:00,1
s3://nasa-surya-bench/2018/08/20180806_1800.nc,2018-08-06 18:00:00,1
s3://nasa-surya-bench/2018/08/20180807_0000.nc,2018-08-07 00:00:00,1
s3://nasa-surya-bench/2018/08/20180807_0600.nc,2018-08-07 06:00:00,1
s3://nasa-surya-bench/2018/08/20180807_1200.nc,2018-08-07 12:00:00,1
s3://nasa-surya-bench/2018/08/20180807_1800.nc,2018-08-07 18:00:00,1
s3://nasa-surya-bench/2018/08/20180808_0000.nc,2018-08-08 00:00:00,1
s3://nasa-surya-bench/2018/08/20180808_0600.nc,2018-08-08 06:00:00,1
s3://nasa-surya-bench/2018/08/20180808_1200.nc,2018-08-08 12:00:00,1
s3://nasa-surya-bench/2018/08/20180808_1800.nc,2018-08-08 18:00:00,1
s3://nasa-surya-bench/2018/08/20180809_0000.nc,2018-08-09 00:00:00,1
s3://nasa-surya-bench/2018/08/20180809_0600.nc,2018-08-09 06:00:00,1
s3://nasa-surya-bench/2018/08/20180809_1200.nc,2018-08-09 12:00:00,1
s3://nasa-surya-bench/2018/08/20180809_1800.nc,2018-08-09 18:00:00,1
s3://nasa-surya-bench/2018/08/20180810_0000.nc,2018-08-10 00:00:00,1
s3://nasa-surya-bench/2018/08/20180810_0600.nc,2018-08-10 06:00:00,1
s3://nasa-surya-bench/2018/08/20180810_1200.nc,2018-08-10 12:00:00,1
s3://nasa-surya-bench/2018/08/20180810_1800.nc,2018-08-10 18:00:00,1
s3://nasa-surya-bench/2018/08/20180811_0000.nc,2018-08-11 00:00:00,1
s3://nasa-surya-bench/2018/08/20180811_0600.nc,2018-08-11 06:00:00,1
s3://nasa-surya-bench/2018/08/20180811_1200.nc,2018-08-11 12:00:00,1
s3://nasa-surya-bench/2018/08/20180811_1800.nc,2018-08-11 18:00:00,1
s3://nasa-surya-bench/2018/08/20180812_0000.nc,2018-08-12 00:00:00,1
s3://nasa-surya-bench/2018/08/20180812_0600.nc,2018-08-12 06:00:00,1
s3://nasa-surya-bench/2018/08/20180812_1200.nc,2018-08-12 12:00:00,1
s3://nasa-surya-bench/2018/08/20180812_1800.nc,2018-08-12 18:00:00,1
s3://nasa-surya-bench/2018/08/20180813_0000.nc,2018-08-13 00:00:00,1
s3://nasa-surya-bench/2018/08/20180813_0600.nc,2018-08-13 06:00:00,1
s3://nasa-surya-bench/2018/08/20180813_1200.nc,2018-08-13 12:00:00,1
s3://nasa-surya-bench/2018/08/20180813_1800.nc,2018-08-13 18:00:00,1
s3://nasa-surya-bench/2018/08/20180814_0000.nc,2018-08-14 00:00:00,1
s3://nasa-surya-bench/2018/08/20180814_0600.nc,2018-08-14 06:00:00,1
s3://nasa-surya-bench/2018/08/20180814_1200.nc,2018-08-14 12:00:00,1
s3://nasa-surya-bench/2018/08/20180814_1800.nc,2018-08-14 18:00:00,1
s3://nasa-surya-bench/2018/08/20180815_0000.nc,2018-08-15 00:00:00,1
s3://nasa-surya-bench/2018/08/20180815_0600.nc,2018-08-15 06:00:00,1
s3://nasa-surya-bench/2018/08/20180815_1200.nc,2018-08-15 12:00:00,1
s3://nasa-surya-bench/2018/08/20180815_1800.nc,2018-08-15 18:00:00,1
s3://nasa-surya-bench/2018/08/20180816_0000.nc,2018-08-16 00:00:00,1
s3://nasa-surya-bench/2018/08/20180816_0600.nc,2018-08-16 06:00:00,1
s3://nasa-surya-bench/2018/08/20180816_1200.nc,2018-08-16 12:00:00,1
s3://nasa-surya-bench/2018/08/20180816_1800.nc,2018-08-16 18:00:00,1
s3://nasa-surya-bench/2018/08/20180817_0000.nc,2018-08-17 00:00:00,1
s3://nasa-surya-bench/2018/08/20180817_0600.nc,2018-08-17 06:00:00,1
s3://nasa-surya-bench/2018/08/20180817_1200.nc,2018-08-17 12:00:00,1
s3://nasa-surya-bench/2018/08/20180817_1800.nc,2018-08-17 18:00:00,1
s3://nasa-surya-bench/2018/08/20180818_0000.nc,2018-08-18 00:00:00,1
s3://nasa-surya-bench/2018/08/20180818_0600.nc,2018-08-18 06:00:00,1
s3://nasa-surya-bench/2018/08/20180818_1200.nc,2018-08-18 12:00:00,1
s3://nasa-surya-bench/2018/08/20180818_1800.nc,2018-08-18 18:00:00,1
s3://nasa-surya-bench/2018/08/20180819_0000.nc,2018-08-19 00:00:00,1
s3://nasa-surya-bench/2018/08/20180819_0600.nc,2018-08-19 06:00:00,1
s3://nasa-surya-bench/2018/08/20180819_1200.nc,2018-08-19 12:00:00,1
s3://nasa-surya-bench/2018/08/20180819_1800.nc,2018-08-19 18:00:00,1
s3://nasa-surya-bench/2018/08/20180820_0000.nc,2018-08-20 00:00:00,1
s3://nasa-surya-bench/2018/08/20180820_0600.nc,2018-08-20 06:00:00,1
s3://nasa-surya-bench/2018/08/20180820_1200.nc,2018-08-20 12:00:00,1
s3://nasa-surya-bench/2018/08/20180820_1800.nc,2018-08-20 18:00:00,1
s3://nasa-surya-bench/2018/08/20180821_0000.nc,2018-08-21 00:00:00,1
s3://nasa-surya-bench/2018/08/20180821_0600.nc,2018-08-21 06:00:00,1
s3://nasa-surya-bench/2018/08/20180821_1200.nc,2018-08-21 12:00:00,1
s3://nasa-surya-bench/2018/08/20180821_1800.nc,2018-08-21 18:00:00,1
s3://nasa-surya-bench/2018/08/20180822_0000.nc,2018-08-22 00:00:00,1
s3://nasa-surya-bench/2018/08/20180822_0600.nc,2018-08-22 06:00:00,1
s3://nasa-surya-bench/2018/08/20180822_1200.nc,2018-08-22 12:00:00,1
s3://nasa-surya-bench/2018/08/20180822_1800.nc,2018-08-22 18:00:00,1
s3://nasa-surya-bench/2018/08/20180823_0000.nc,2018-08-23 00:00:00,1
s3://nasa-surya-bench/2018/08/20180823_0600.nc,2018-08-23 06:00:00,1
s3://nasa-surya-bench/2018/08/20180823_1200.nc,2018-08-23 12:00:00,1
s3://nasa-surya-bench/2018/08/20180823_1800.nc,2018-08-23 18:00:00,1
s3://nasa-surya-bench/2018/08/20180824_0000.nc,2018-08-24 00:00:00,1
s3://nasa-surya-bench/2018/08/20180824_0600.nc,2018-08-24 06:00:00,1
s3://nasa-surya-bench/2018/08/20180824_1200.nc,2018-08-24 12:00:00,1
s3://nasa-surya-bench/2018/08/20180824_1800.nc,2018-08-24 18:00:00,1
s3://nasa-surya-bench/2018/08/20180825_0000.nc,2018-08-25 00:00:00,1
s3://nasa-surya-bench/2018/08/20180825_0600.nc,2018-08-25 06:00:00,1
s3://nasa-surya-bench/2018/08/20180825_1200.nc,2018-08-25 12:00:00,1
s3://nasa-surya-bench/2018/08/20180825_1800.nc,2018-08-25 18:00:00,1
s3://nasa-surya-bench/2018/08/20180826_0000.nc,2018-08-26 00:00:00,1
s3://nasa-surya-bench/2018/08/20180826_0600.nc,2018-08-26 06:00:00,1
s3://nasa-surya-bench/2018/08/20180826_1200.nc,2018-08-26 12:00:00,1
s3://nasa-surya-bench/2018/08/20180826_1800.nc,2018-08-26 18:00:00,1
s3://nasa-surya-bench/2018/08/20180827_0000.nc,2018-08-27 00:00:00,1
s3://nasa-surya-bench/2018/08/20180827_0600.nc,2018-08-27 06:00:00,1
s3://nasa-surya-bench/2018/08/20180827_1200.nc,2018-08-27 12:00:00,1
s3://nasa-surya-bench/2018/08/20180827_1800.nc,2018-08-27 18:00:00,1
s3://nasa-surya-bench/2018/08/20180828_0000.nc,2018-08-28 00:00:00,1
s3://nasa-surya-bench/2018/08/20180828_0600.nc,2018-08-28 06:00:00,1
s3://nasa-surya-bench/2018/08/20180828_1200.nc,2018-08-28 12:00:00,1
s3://nasa-surya-bench/2018/08/20180828_1800.nc,2018-08-28 18:00:00,1
s3://nasa-surya-bench/2018/08/20180829_0000.nc,2018-08-29 00:00:00,1
s3://nasa-surya-bench/2018/08/20180829_0600.nc,2018-08-29 06:00:00,1
s3://nasa-surya-bench/2018/08/20180829_1200.nc,2018-08-29 12:00:00,1
s3://nasa-surya-bench/2018/08/20180829_1800.nc,2018-08-29 18:00:00,1
s3://nasa-surya-bench/2018/08/20180830_0000.nc,2018-08-30 00:00:00,1
s3://nasa-surya-bench/2018/08/20180830_0600.nc,2018-08-30 06:00:00,1
s3://nasa-surya-bench/2018/08/20180830_1200.nc,2018-08-30 12:00:00,1
s3://nasa-surya-bench/2018/08/20180830_1800.nc,2018-08-30 18:00:00,1
s3://nasa-surya-bench/2018/08/20180831_0000.nc,2018-08-31 00:00:00,1
s3://nasa-surya-bench/2018/08/20180831_0600.nc,2018-08-31 06:00:00,1
s3://nasa-surya-bench/2018/08/20180831_1200.nc,2018-08-31 12:00:00,1
s3://nasa-surya-bench/2018/08/20180831_1800.nc,2018-08-31 18:00:00,1
s3://nasa-surya-bench/2018/09/20180901_0000.nc,2018-09-01 00:00:00,1
s3://nasa-surya-bench/2018/09/20180901_0600.nc,2018-09-01 06:00:00,1
s3://nasa-surya-bench/2018/09/20180901_1200.nc,2018-09-01 12:00:00,1
s3://nasa-surya-bench/2018/09/20180901_1800.nc,2018-09-01 18:00:00,1
s3://nasa-surya-bench/2018/09/20180902_0000.nc,2018-09-02 00:00:00,1
s3://nasa-surya-bench/2018/09/20180902_0600.nc,2018-09-02 06:00:00,1
s3://nasa-surya-bench/2018/09/20180902_1200.nc,2018-09-02 12:00:00,1
s3://nasa-surya-bench/2018/09/20180902_1800.nc,2018-09-02 18:00:00,1
s3://nasa-surya-bench/2018/09/20180903_0000.nc,2018-09-03 00:00:00,1
s3://nasa-surya-bench/2018/09/20180903_0600.nc,2018-09-03 06:00:00,1
s3://nasa-surya-bench/2018/09/20180903_1200.nc,2018-09-03 12:00:00,1
s3://nasa-surya-bench/2018/09/20180903_1800.nc,2018-09-03 18:00:00,1
s3://nasa-surya-bench/2018/09/20180904_0000.nc,2018-09-04 00:00:00,1
s3://nasa-surya-bench/2018/09/20180904_0600.nc,2018-09-04 06:00:00,1
s3://nasa-surya-bench/2018/09/20180904_1200.nc,2018-09-04 12:00:00,1
s3://nasa-surya-bench/2018/09/20180904_1800.nc,2018-09-04 18:00:00,1
s3://nasa-surya-bench/2018/09/20180905_0000.nc,2018-09-05 00:00:00,1
s3://nasa-surya-bench/2018/09/20180905_0600.nc,2018-09-05 06:00:00,1
s3://nasa-surya-bench/2018/09/20180905_1200.nc,2018-09-05 12:00:00,1
s3://nasa-surya-bench/2018/09/20180905_1800.nc,2018-09-05 18:00:00,1
s3://nasa-surya-bench/2018/09/20180906_0000.nc,2018-09-06 00:00:00,1
s3://nasa-surya-bench/2018/09/20180906_0600.nc,2018-09-06 06:00:00,1
s3://nasa-surya-bench/2018/09/20180906_1200.nc,2018-09-06 12:00:00,1
s3://nasa-surya-bench/2018/09/20180906_1800.nc,2018-09-06 18:00:00,1
s3://nasa-surya-bench/2018/09/20180907_0000.nc,2018-09-07 00:00:00,1
s3://nasa-surya-bench/2018/09/20180907_0600.nc,2018-09-07 06:00:00,1
s3://nasa-surya-bench/2018/09/20180907_1200.nc,2018-09-07 12:00:00,1
s3://nasa-surya-bench/2018/09/20180907_1800.nc,2018-09-07 18:00:00,1
s3://nasa-surya-bench/2018/09/20180908_0000.nc,2018-09-08 00:00:00,1
s3://nasa-surya-bench/2018/09/20180908_0600.nc,2018-09-08 06:00:00,1
s3://nasa-surya-bench/2018/09/20180908_1200.nc,2018-09-08 12:00:00,1
s3://nasa-surya-bench/2018/09/20180908_1800.nc,2018-09-08 18:00:00,1
s3://nasa-surya-bench/2018/09/20180909_0000.nc,2018-09-09 00:00:00,1
s3://nasa-surya-bench/2018/09/20180909_0600.nc,2018-09-09 06:00:00,1
s3://nasa-surya-bench/2018/09/20180909_1200.nc,2018-09-09 12:00:00,1
s3://nasa-surya-bench/2018/09/20180909_1800.nc,2018-09-09 18:00:00,1
s3://nasa-surya-bench/2018/09/20180910_0000.nc,2018-09-10 00:00:00,1
s3://nasa-surya-bench/2018/09/20180910_0600.nc,2018-09-10 06:00:00,1
s3://nasa-surya-bench/2018/09/20180910_1200.nc,2018-09-10 12:00:00,1
s3://nasa-surya-bench/2018/09/20180910_1800.nc,2018-09-10 18:00:00,1
s3://nasa-surya-bench/2018/09/20180911_0000.nc,2018-09-11 00:00:00,1
s3://nasa-surya-bench/2018/09/20180911_0600.nc,2018-09-11 06:00:00,1
s3://nasa-surya-bench/2018/09/20180911_1200.nc,2018-09-11 12:00:00,1
s3://nasa-surya-bench/2018/09/20180911_1800.nc,2018-09-11 18:00:00,1
s3://nasa-surya-bench/2018/09/20180912_0000.nc,2018-09-12 00:00:00,1
s3://nasa-surya-bench/2018/09/20180912_0600.nc,2018-09-12 06:00:00,1
s3://nasa-surya-bench/2018/09/20180912_1200.nc,2018-09-12 12:00:00,1
s3://nasa-surya-bench/2018/09/20180913_0000.nc,2018-09-13 00:00:00,1
s3://nasa-surya-bench/2018/09/20180913_0600.nc,2018-09-13 06:00:00,1
s3://nasa-surya-bench/2018/09/20180913_1200.nc,2018-09-13 12:00:00,1
s3://nasa-surya-bench/2018/09/20180913_1800.nc,2018-09-13 18:00:00,1
s3://nasa-surya-bench/2018/09/20180914_0000.nc,2018-09-14 00:00:00,1
s3://nasa-surya-bench/2018/09/20180914_0600.nc,2018-09-14 06:00:00,1
s3://nasa-surya-bench/2018/09/20180914_1200.nc,2018-09-14 12:00:00,1
s3://nasa-surya-bench/2018/09/20180914_1800.nc,2018-09-14 18:00:00,1
s3://nasa-surya-bench/2018/09/20180915_0000.nc,2018-09-15 00:00:00,1
s3://nasa-surya-bench/2018/09/20180915_0600.nc,2018-09-15 06:00:00,1
s3://nasa-surya-bench/2018/09/20180915_1200.nc,2018-09-15 12:00:00,1
s3://nasa-surya-bench/2018/09/20180915_1800.nc,2018-09-15 18:00:00,1
s3://nasa-surya-bench/2018/09/20180916_0000.nc,2018-09-16 00:00:00,1
s3://nasa-surya-bench/2018/09/20180916_0600.nc,2018-09-16 06:00:00,1
s3://nasa-surya-bench/2018/09/20180916_1200.nc,2018-09-16 12:00:00,1
s3://nasa-surya-bench/2018/09/20180916_1800.nc,2018-09-16 18:00:00,1
s3://nasa-surya-bench/2018/09/20180917_0000.nc,2018-09-17 00:00:00,1
s3://nasa-surya-bench/2018/09/20180917_0600.nc,2018-09-17 06:00:00,1
s3://nasa-surya-bench/2018/09/20180917_1200.nc,2018-09-17 12:00:00,1
s3://nasa-surya-bench/2018/09/20180917_1800.nc,2018-09-17 18:00:00,1
s3://nasa-surya-bench/2018/09/20180918_0000.nc,2018-09-18 00:00:00,1
s3://nasa-surya-bench/2018/09/20180918_0600.nc,2018-09-18 06:00:00,1
s3://nasa-surya-bench/2018/09/20180918_1200.nc,2018-09-18 12:00:00,1
s3://nasa-surya-bench/2018/09/20180918_1800.nc,2018-09-18 18:00:00,1
s3://nasa-surya-bench/2018/09/20180919_0000.nc,2018-09-19 00:00:00,1
s3://nasa-surya-bench/2018/09/20180919_0600.nc,2018-09-19 06:00:00,1
s3://nasa-surya-bench/2018/09/20180919_1200.nc,2018-09-19 12:00:00,1
s3://nasa-surya-bench/2018/09/20180919_1800.nc,2018-09-19 18:00:00,1
s3://nasa-surya-bench/2018/09/20180920_0000.nc,2018-09-20 00:00:00,1
s3://nasa-surya-bench/2018/09/20180920_0600.nc,2018-09-20 06:00:00,1
s3://nasa-surya-bench/2018/09/20180920_1200.nc,2018-09-20 12:00:00,1
s3://nasa-surya-bench/2018/09/20180920_1800.nc,2018-09-20 18:00:00,1
s3://nasa-surya-bench/2018/09/20180921_0000.nc,2018-09-21 00:00:00,1
s3://nasa-surya-bench/2018/09/20180921_0600.nc,2018-09-21 06:00:00,1
s3://nasa-surya-bench/2018/09/20180921_1200.nc,2018-09-21 12:00:00,1
s3://nasa-surya-bench/2018/09/20180921_1800.nc,2018-09-21 18:00:00,1
s3://nasa-surya-bench/2018/09/20180922_0000.nc,2018-09-22 00:00:00,1
s3://nasa-surya-bench/2018/09/20180922_0600.nc,2018-09-22 06:00:00,1
s3://nasa-surya-bench/2018/09/20180922_1200.nc,2018-09-22 12:00:00,1
s3://nasa-surya-bench/2018/09/20180922_1800.nc,2018-09-22 18:00:00,1
s3://nasa-surya-bench/2018/09/20180923_0000.nc,2018-09-23 00:00:00,1
s3://nasa-surya-bench/2018/09/20180923_0600.nc,2018-09-23 06:00:00,1
s3://nasa-surya-bench/2018/09/20180923_1200.nc,2018-09-23 12:00:00,1
s3://nasa-surya-bench/2018/09/20180923_1800.nc,2018-09-23 18:00:00,1
s3://nasa-surya-bench/2018/09/20180924_0000.nc,2018-09-24 00:00:00,1
s3://nasa-surya-bench/2018/09/20180924_0600.nc,2018-09-24 06:00:00,1
s3://nasa-surya-bench/2018/09/20180924_1200.nc,2018-09-24 12:00:00,1
s3://nasa-surya-bench/2018/09/20180924_1800.nc,2018-09-24 18:00:00,1
s3://nasa-surya-bench/2018/09/20180925_0000.nc,2018-09-25 00:00:00,1
s3://nasa-surya-bench/2018/09/20180925_0600.nc,2018-09-25 06:00:00,1
s3://nasa-surya-bench/2018/09/20180925_1200.nc,2018-09-25 12:00:00,1
s3://nasa-surya-bench/2018/09/20180925_1800.nc,2018-09-25 18:00:00,1
s3://nasa-surya-bench/2018/09/20180926_0000.nc,2018-09-26 00:00:00,1
s3://nasa-surya-bench/2018/09/20180926_0600.nc,2018-09-26 06:00:00,1
s3://nasa-surya-bench/2018/09/20180926_1200.nc,2018-09-26 12:00:00,1
s3://nasa-surya-bench/2018/09/20180926_1800.nc,2018-09-26 18:00:00,1
s3://nasa-surya-bench/2018/09/20180927_0000.nc,2018-09-27 00:00:00,1
s3://nasa-surya-bench/2018/09/20180927_0600.nc,2018-09-27 06:00:00,1
s3://nasa-surya-bench/2018/09/20180927_1200.nc,2018-09-27 12:00:00,1
s3://nasa-surya-bench/2018/09/20180927_1800.nc,2018-09-27 18:00:00,1
s3://nasa-surya-bench/2018/09/20180928_0000.nc,2018-09-28 00:00:00,1
s3://nasa-surya-bench/2018/09/20180928_0600.nc,2018-09-28 06:00:00,1
s3://nasa-surya-bench/2018/09/20180928_1200.nc,2018-09-28 12:00:00,1
s3://nasa-surya-bench/2018/09/20180928_1800.nc,2018-09-28 18:00:00,1
s3://nasa-surya-bench/2018/09/20180929_0000.nc,2018-09-29 00:00:00,1
s3://nasa-surya-bench/2018/09/20180929_0600.nc,2018-09-29 06:00:00,1
s3://nasa-surya-bench/2018/09/20180929_1200.nc,2018-09-29 12:00:00,1
s3://nasa-surya-bench/2018/09/20180929_1800.nc,2018-09-29 18:00:00,1
s3://nasa-surya-bench/2018/09/20180930_0000.nc,2018-09-30 00:00:00,1
s3://nasa-surya-bench/2018/09/20180930_0600.nc,2018-09-30 06:00:00,1
s3://nasa-surya-bench/2018/09/20180930_1200.nc,2018-09-30 12:00:00,1
s3://nasa-surya-bench/2018/09/20180930_1800.nc,2018-09-30 18:00:00,1
s3://nasa-surya-bench/2018/10/20181001_0000.nc,2018-10-01 00:00:00,1
s3://nasa-surya-bench/2018/10/20181001_0600.nc,2018-10-01 06:00:00,1
s3://nasa-surya-bench/2018/10/20181001_1200.nc,2018-10-01 12:00:00,1
s3://nasa-surya-bench/2018/10/20181001_1800.nc,2018-10-01 18:00:00,1
s3://nasa-surya-bench/2018/10/20181002_0000.nc,2018-10-02 00:00:00,1
s3://nasa-surya-bench/2018/10/20181002_0600.nc,2018-10-02 06:00:00,1
s3://nasa-surya-bench/2018/10/20181002_1800.nc,2018-10-02 18:00:00,1
s3://nasa-surya-bench/2018/10/20181003_0000.nc,2018-10-03 00:00:00,1
s3://nasa-surya-bench/2018/10/20181003_0600.nc,2018-10-03 06:00:00,1
s3://nasa-surya-bench/2018/10/20181003_1200.nc,2018-10-03 12:00:00,1
s3://nasa-surya-bench/2018/10/20181004_0000.nc,2018-10-04 00:00:00,1
s3://nasa-surya-bench/2018/10/20181004_0600.nc,2018-10-04 06:00:00,1
s3://nasa-surya-bench/2018/10/20181004_1200.nc,2018-10-04 12:00:00,1
s3://nasa-surya-bench/2018/10/20181004_1800.nc,2018-10-04 18:00:00,1
s3://nasa-surya-bench/2018/10/20181005_0000.nc,2018-10-05 00:00:00,1
s3://nasa-surya-bench/2018/10/20181005_0600.nc,2018-10-05 06:00:00,1
s3://nasa-surya-bench/2018/10/20181005_1200.nc,2018-10-05 12:00:00,1
s3://nasa-surya-bench/2018/10/20181005_1800.nc,2018-10-05 18:00:00,1
s3://nasa-surya-bench/2018/10/20181006_0000.nc,2018-10-06 00:00:00,1
s3://nasa-surya-bench/2018/10/20181006_0600.nc,2018-10-06 06:00:00,1
s3://nasa-surya-bench/2018/10/20181006_1200.nc,2018-10-06 12:00:00,1
s3://nasa-surya-bench/2018/10/20181006_1800.nc,2018-10-06 18:00:00,1
s3://nasa-surya-bench/2018/10/20181007_0000.nc,2018-10-07 00:00:00,1
s3://nasa-surya-bench/2018/10/20181007_0600.nc,2018-10-07 06:00:00,1
s3://nasa-surya-bench/2018/10/20181007_1200.nc,2018-10-07 12:00:00,1
s3://nasa-surya-bench/2018/10/20181007_1800.nc,2018-10-07 18:00:00,1
s3://nasa-surya-bench/2018/10/20181008_0000.nc,2018-10-08 00:00:00,1
s3://nasa-surya-bench/2018/10/20181008_0600.nc,2018-10-08 06:00:00,1
s3://nasa-surya-bench/2018/10/20181008_1200.nc,2018-10-08 12:00:00,1
s3://nasa-surya-bench/2018/10/20181008_1800.nc,2018-10-08 18:00:00,1
s3://nasa-surya-bench/2018/10/20181009_0000.nc,2018-10-09 00:00:00,1
s3://nasa-surya-bench/2018/10/20181009_0600.nc,2018-10-09 06:00:00,1
s3://nasa-surya-bench/2018/10/20181009_1200.nc,2018-10-09 12:00:00,1
s3://nasa-surya-bench/2018/10/20181009_1800.nc,2018-10-09 18:00:00,1
s3://nasa-surya-bench/2018/10/20181010_0000.nc,2018-10-10 00:00:00,1
s3://nasa-surya-bench/2018/10/20181010_0600.nc,2018-10-10 06:00:00,1
s3://nasa-surya-bench/2018/10/20181010_1200.nc,2018-10-10 12:00:00,1
s3://nasa-surya-bench/2018/10/20181010_1800.nc,2018-10-10 18:00:00,1
s3://nasa-surya-bench/2018/10/20181011_0000.nc,2018-10-11 00:00:00,1
s3://nasa-surya-bench/2018/10/20181011_0600.nc,2018-10-11 06:00:00,1
s3://nasa-surya-bench/2018/10/20181011_1200.nc,2018-10-11 12:00:00,1
s3://nasa-surya-bench/2018/10/20181011_1800.nc,2018-10-11 18:00:00,1
s3://nasa-surya-bench/2018/10/20181012_0000.nc,2018-10-12 00:00:00,1
s3://nasa-surya-bench/2018/10/20181012_0600.nc,2018-10-12 06:00:00,1
s3://nasa-surya-bench/2018/10/20181012_1200.nc,2018-10-12 12:00:00,1
s3://nasa-surya-bench/2018/10/20181012_1800.nc,2018-10-12 18:00:00,1
s3://nasa-surya-bench/2018/10/20181014_0000.nc,2018-10-14 00:00:00,1
s3://nasa-surya-bench/2018/10/20181014_0600.nc,2018-10-14 06:00:00,1
s3://nasa-surya-bench/2018/10/20181014_1200.nc,2018-10-14 12:00:00,1
s3://nasa-surya-bench/2018/10/20181014_1800.nc,2018-10-14 18:00:00,1
s3://nasa-surya-bench/2018/10/20181015_0000.nc,2018-10-15 00:00:00,1
s3://nasa-surya-bench/2018/10/20181015_0600.nc,2018-10-15 06:00:00,1
s3://nasa-surya-bench/2018/10/20181015_1200.nc,2018-10-15 12:00:00,1
s3://nasa-surya-bench/2018/10/20181015_1800.nc,2018-10-15 18:00:00,1
s3://nasa-surya-bench/2018/10/20181016_0000.nc,2018-10-16 00:00:00,1
s3://nasa-surya-bench/2018/10/20181016_0600.nc,2018-10-16 06:00:00,1
s3://nasa-surya-bench/2018/10/20181017_0000.nc,2018-10-17 00:00:00,1
s3://nasa-surya-bench/2018/10/20181017_0600.nc,2018-10-17 06:00:00,1
s3://nasa-surya-bench/2018/10/20181017_1200.nc,2018-10-17 12:00:00,1
s3://nasa-surya-bench/2018/10/20181018_0000.nc,2018-10-18 00:00:00,1
s3://nasa-surya-bench/2018/10/20181018_0600.nc,2018-10-18 06:00:00,1
s3://nasa-surya-bench/2018/10/20181018_1200.nc,2018-10-18 12:00:00,1
s3://nasa-surya-bench/2018/10/20181018_1800.nc,2018-10-18 18:00:00,1
s3://nasa-surya-bench/2018/10/20181019_0000.nc,2018-10-19 00:00:00,1
s3://nasa-surya-bench/2018/10/20181019_0600.nc,2018-10-19 06:00:00,1
s3://nasa-surya-bench/2018/10/20181019_1200.nc,2018-10-19 12:00:00,1
s3://nasa-surya-bench/2018/10/20181019_1800.nc,2018-10-19 18:00:00,1
s3://nasa-surya-bench/2018/10/20181020_0000.nc,2018-10-20 00:00:00,1
s3://nasa-surya-bench/2018/10/20181020_0600.nc,2018-10-20 06:00:00,1
s3://nasa-surya-bench/2018/10/20181020_1200.nc,2018-10-20 12:00:00,1
s3://nasa-surya-bench/2018/10/20181020_1800.nc,2018-10-20 18:00:00,1
s3://nasa-surya-bench/2018/10/20181021_0000.nc,2018-10-21 00:00:00,1
s3://nasa-surya-bench/2018/10/20181021_0600.nc,2018-10-21 06:00:00,1
s3://nasa-surya-bench/2018/10/20181021_1200.nc,2018-10-21 12:00:00,1
s3://nasa-surya-bench/2018/10/20181021_1800.nc,2018-10-21 18:00:00,1
s3://nasa-surya-bench/2018/10/20181022_0000.nc,2018-10-22 00:00:00,1
s3://nasa-surya-bench/2018/10/20181022_0600.nc,2018-10-22 06:00:00,1
s3://nasa-surya-bench/2018/10/20181022_1200.nc,2018-10-22 12:00:00,1
s3://nasa-surya-bench/2018/10/20181022_1800.nc,2018-10-22 18:00:00,1
s3://nasa-surya-bench/2018/10/20181023_0000.nc,2018-10-23 00:00:00,1
s3://nasa-surya-bench/2018/10/20181023_0600.nc,2018-10-23 06:00:00,1
s3://nasa-surya-bench/2018/10/20181023_1200.nc,2018-10-23 12:00:00,1
s3://nasa-surya-bench/2018/10/20181023_1800.nc,2018-10-23 18:00:00,1
s3://nasa-surya-bench/2018/10/20181024_0000.nc,2018-10-24 00:00:00,1
s3://nasa-surya-bench/2018/10/20181024_0600.nc,2018-10-24 06:00:00,1
s3://nasa-surya-bench/2018/10/20181024_1200.nc,2018-10-24 12:00:00,1
s3://nasa-surya-bench/2018/10/20181024_1800.nc,2018-10-24 18:00:00,1
s3://nasa-surya-bench/2018/10/20181025_0000.nc,2018-10-25 00:00:00,1
s3://nasa-surya-bench/2018/10/20181025_0600.nc,2018-10-25 06:00:00,1
s3://nasa-surya-bench/2018/10/20181025_1200.nc,2018-10-25 12:00:00,1
s3://nasa-surya-bench/2018/10/20181025_1800.nc,2018-10-25 18:00:00,1
s3://nasa-surya-bench/2018/10/20181026_0000.nc,2018-10-26 00:00:00,1
s3://nasa-surya-bench/2018/10/20181026_0600.nc,2018-10-26 06:00:00,1
s3://nasa-surya-bench/2018/10/20181026_1200.nc,2018-10-26 12:00:00,1
s3://nasa-surya-bench/2018/10/20181026_1800.nc,2018-10-26 18:00:00,1
s3://nasa-surya-bench/2018/10/20181027_0000.nc,2018-10-27 00:00:00,1
s3://nasa-surya-bench/2018/10/20181027_0600.nc,2018-10-27 06:00:00,1
s3://nasa-surya-bench/2018/10/20181027_1200.nc,2018-10-27 12:00:00,1
s3://nasa-surya-bench/2018/10/20181027_1800.nc,2018-10-27 18:00:00,1
s3://nasa-surya-bench/2018/10/20181028_0000.nc,2018-10-28 00:00:00,1
s3://nasa-surya-bench/2018/10/20181028_0600.nc,2018-10-28 06:00:00,1
s3://nasa-surya-bench/2018/10/20181028_1200.nc,2018-10-28 12:00:00,1
s3://nasa-surya-bench/2018/10/20181028_1800.nc,2018-10-28 18:00:00,1
s3://nasa-surya-bench/2018/10/20181029_0000.nc,2018-10-29 00:00:00,1
s3://nasa-surya-bench/2018/10/20181029_0600.nc,2018-10-29 06:00:00,1
s3://nasa-surya-bench/2018/10/20181029_1200.nc,2018-10-29 12:00:00,1
s3://nasa-surya-bench/2018/10/20181029_1800.nc,2018-10-29 18:00:00,1
s3://nasa-surya-bench/2018/10/20181030_0000.nc,2018-10-30 00:00:00,1
s3://nasa-surya-bench/2018/10/20181030_0600.nc,2018-10-30 06:00:00,1
s3://nasa-surya-bench/2018/10/20181030_1200.nc,2018-10-30 12:00:00,1
s3://nasa-surya-bench/2018/10/20181030_1800.nc,2018-10-30 18:00:00,1
s3://nasa-surya-bench/2018/10/20181031_0000.nc,2018-10-31 00:00:00,1
s3://nasa-surya-bench/2018/10/20181031_0600.nc,2018-10-31 06:00:00,1
s3://nasa-surya-bench/2018/10/20181031_1200.nc,2018-10-31 12:00:00,1
s3://nasa-surya-bench/2018/10/20181031_1800.nc,2018-10-31 18:00:00,1
s3://nasa-surya-bench/2018/11/20181101_0000.nc,2018-11-01 00:00:00,1
s3://nasa-surya-bench/2018/11/20181101_0600.nc,2018-11-01 06:00:00,1
s3://nasa-surya-bench/2018/11/20181101_1200.nc,2018-11-01 12:00:00,1
s3://nasa-surya-bench/2018/11/20181101_1800.nc,2018-11-01 18:00:00,1
s3://nasa-surya-bench/2018/11/20181102_0000.nc,2018-11-02 00:00:00,1
s3://nasa-surya-bench/2018/11/20181102_0600.nc,2018-11-02 06:00:00,1
s3://nasa-surya-bench/2018/11/20181102_1200.nc,2018-11-02 12:00:00,1
s3://nasa-surya-bench/2018/11/20181102_1800.nc,2018-11-02 18:00:00,1
s3://nasa-surya-bench/2018/11/20181103_0000.nc,2018-11-03 00:00:00,1
s3://nasa-surya-bench/2018/11/20181103_0600.nc,2018-11-03 06:00:00,1
s3://nasa-surya-bench/2018/11/20181103_1200.nc,2018-11-03 12:00:00,1
s3://nasa-surya-bench/2018/11/20181103_1800.nc,2018-11-03 18:00:00,1
s3://nasa-surya-bench/2018/11/20181104_0000.nc,2018-11-04 00:00:00,1
s3://nasa-surya-bench/2018/11/20181104_0600.nc,2018-11-04 06:00:00,1
s3://nasa-surya-bench/2018/11/20181104_1200.nc,2018-11-04 12:00:00,1
s3://nasa-surya-bench/2018/11/20181104_1800.nc,2018-11-04 18:00:00,1
s3://nasa-surya-bench/2018/11/20181105_0000.nc,2018-11-05 00:00:00,1
s3://nasa-surya-bench/2018/11/20181105_0600.nc,2018-11-05 06:00:00,1
s3://nasa-surya-bench/2018/11/20181105_1200.nc,2018-11-05 12:00:00,1
s3://nasa-surya-bench/2018/11/20181105_1800.nc,2018-11-05 18:00:00,1
s3://nasa-surya-bench/2018/11/20181106_0000.nc,2018-11-06 00:00:00,1
s3://nasa-surya-bench/2018/11/20181106_0600.nc,2018-11-06 06:00:00,1
s3://nasa-surya-bench/2018/11/20181106_1200.nc,2018-11-06 12:00:00,1
s3://nasa-surya-bench/2018/11/20181106_1800.nc,2018-11-06 18:00:00,1
s3://nasa-surya-bench/2018/11/20181107_0000.nc,2018-11-07 00:00:00,1
s3://nasa-surya-bench/2018/11/20181107_0600.nc,2018-11-07 06:00:00,1
s3://nasa-surya-bench/2018/11/20181107_1200.nc,2018-11-07 12:00:00,1
s3://nasa-surya-bench/2018/11/20181107_1800.nc,2018-11-07 18:00:00,1
s3://nasa-surya-bench/2018/11/20181108_0000.nc,2018-11-08 00:00:00,1
s3://nasa-surya-bench/2018/11/20181108_0600.nc,2018-11-08 06:00:00,1
s3://nasa-surya-bench/2018/11/20181108_1200.nc,2018-11-08 12:00:00,1
s3://nasa-surya-bench/2018/11/20181108_1800.nc,2018-11-08 18:00:00,1
s3://nasa-surya-bench/2018/11/20181109_0000.nc,2018-11-09 00:00:00,1
s3://nasa-surya-bench/2018/11/20181109_0600.nc,2018-11-09 06:00:00,1
s3://nasa-surya-bench/2018/11/20181109_1200.nc,2018-11-09 12:00:00,1
s3://nasa-surya-bench/2018/11/20181109_1800.nc,2018-11-09 18:00:00,1
s3://nasa-surya-bench/2018/11/20181110_0000.nc,2018-11-10 00:00:00,1
s3://nasa-surya-bench/2018/11/20181110_0600.nc,2018-11-10 06:00:00,1
s3://nasa-surya-bench/2018/11/20181110_1200.nc,2018-11-10 12:00:00,1
s3://nasa-surya-bench/2018/11/20181110_1800.nc,2018-11-10 18:00:00,1
s3://nasa-surya-bench/2018/11/20181111_0000.nc,2018-11-11 00:00:00,1
s3://nasa-surya-bench/2018/11/20181111_0600.nc,2018-11-11 06:00:00,1
s3://nasa-surya-bench/2018/11/20181111_1200.nc,2018-11-11 12:00:00,1
s3://nasa-surya-bench/2018/11/20181111_1800.nc,2018-11-11 18:00:00,1
s3://nasa-surya-bench/2018/11/20181112_0000.nc,2018-11-12 00:00:00,1
s3://nasa-surya-bench/2018/11/20181112_0600.nc,2018-11-12 06:00:00,1
s3://nasa-surya-bench/2018/11/20181112_1200.nc,2018-11-12 12:00:00,1
s3://nasa-surya-bench/2018/11/20181112_1800.nc,2018-11-12 18:00:00,1
s3://nasa-surya-bench/2018/11/20181113_0000.nc,2018-11-13 00:00:00,1
s3://nasa-surya-bench/2018/11/20181113_0600.nc,2018-11-13 06:00:00,1
s3://nasa-surya-bench/2018/11/20181113_1200.nc,2018-11-13 12:00:00,1
s3://nasa-surya-bench/2018/11/20181113_1800.nc,2018-11-13 18:00:00,1
s3://nasa-surya-bench/2018/11/20181114_0000.nc,2018-11-14 00:00:00,1
s3://nasa-surya-bench/2018/11/20181114_0600.nc,2018-11-14 06:00:00,1
s3://nasa-surya-bench/2018/12/20181215_1800.nc,2018-12-15 18:00:00,1
s3://nasa-surya-bench/2018/12/20181216_0000.nc,2018-12-16 00:00:00,1
s3://nasa-surya-bench/2018/12/20181216_0600.nc,2018-12-16 06:00:00,1
s3://nasa-surya-bench/2018/12/20181216_1200.nc,2018-12-16 12:00:00,1
s3://nasa-surya-bench/2018/12/20181216_1800.nc,2018-12-16 18:00:00,1
s3://nasa-surya-bench/2018/12/20181217_0000.nc,2018-12-17 00:00:00,1
s3://nasa-surya-bench/2018/12/20181217_0600.nc,2018-12-17 06:00:00,1
s3://nasa-surya-bench/2018/12/20181217_1200.nc,2018-12-17 12:00:00,1
s3://nasa-surya-bench/2018/12/20181217_1800.nc,2018-12-17 18:00:00,1
s3://nasa-surya-bench/2018/12/20181218_0000.nc,2018-12-18 00:00:00,1
s3://nasa-surya-bench/2018/12/20181218_0600.nc,2018-12-18 06:00:00,1
s3://nasa-surya-bench/2018/12/20181218_1200.nc,2018-12-18 12:00:00,1
s3://nasa-surya-bench/2018/12/20181218_1800.nc,2018-12-18 18:00:00,1
s3://nasa-surya-bench/2018/12/20181219_0000.nc,2018-12-19 00:00:00,1
s3://nasa-surya-bench/2018/12/20181219_0600.nc,2018-12-19 06:00:00,1
s3://nasa-surya-bench/2018/12/20181219_1200.nc,2018-12-19 12:00:00,1
s3://nasa-surya-bench/2018/12/20181219_1800.nc,2018-12-19 18:00:00,1
s3://nasa-surya-bench/2018/12/20181220_0000.nc,2018-12-20 00:00:00,1
s3://nasa-surya-bench/2018/12/20181220_0600.nc,2018-12-20 06:00:00,1
s3://nasa-surya-bench/2018/12/20181220_1200.nc,2018-12-20 12:00:00,1
s3://nasa-surya-bench/2018/12/20181220_1800.nc,2018-12-20 18:00:00,1
s3://nasa-surya-bench/2018/12/20181221_0000.nc,2018-12-21 00:00:00,1
s3://nasa-surya-bench/2018/12/20181221_0600.nc,2018-12-21 06:00:00,1
s3://nasa-surya-bench/2018/12/20181221_1200.nc,2018-12-21 12:00:00,1
s3://nasa-surya-bench/2018/12/20181221_1800.nc,2018-12-21 18:00:00,1
s3://nasa-surya-bench/2018/12/20181222_0000.nc,2018-12-22 00:00:00,1
s3://nasa-surya-bench/2018/12/20181222_0600.nc,2018-12-22 06:00:00,1
s3://nasa-surya-bench/2018/12/20181222_1200.nc,2018-12-22 12:00:00,1
s3://nasa-surya-bench/2018/12/20181222_1800.nc,2018-12-22 18:00:00,1
s3://nasa-surya-bench/2018/12/20181223_0000.nc,2018-12-23 00:00:00,1
s3://nasa-surya-bench/2018/12/20181223_0600.nc,2018-12-23 06:00:00,1
s3://nasa-surya-bench/2018/12/20181223_1200.nc,2018-12-23 12:00:00,1
s3://nasa-surya-bench/2018/12/20181223_1800.nc,2018-12-23 18:00:00,1
s3://nasa-surya-bench/2018/12/20181224_0000.nc,2018-12-24 00:00:00,1
s3://nasa-surya-bench/2018/12/20181224_0600.nc,2018-12-24 06:00:00,1
s3://nasa-surya-bench/2018/12/20181224_1200.nc,2018-12-24 12:00:00,1
s3://nasa-surya-bench/2018/12/20181224_1800.nc,2018-12-24 18:00:00,1
s3://nasa-surya-bench/2018/12/20181225_0000.nc,2018-12-25 00:00:00,1
s3://nasa-surya-bench/2018/12/20181225_0600.nc,2018-12-25 06:00:00,1
s3://nasa-surya-bench/2018/12/20181225_1200.nc,2018-12-25 12:00:00,1
s3://nasa-surya-bench/2018/12/20181225_1800.nc,2018-12-25 18:00:00,1
s3://nasa-surya-bench/2018/12/20181226_0000.nc,2018-12-26 00:00:00,1
s3://nasa-surya-bench/2018/12/20181226_0600.nc,2018-12-26 06:00:00,1
s3://nasa-surya-bench/2018/12/20181226_1200.nc,2018-12-26 12:00:00,1
s3://nasa-surya-bench/2018/12/20181226_1800.nc,2018-12-26 18:00:00,1
s3://nasa-surya-bench/2018/12/20181227_0000.nc,2018-12-27 00:00:00,1
s3://nasa-surya-bench/2018/12/20181227_0600.nc,2018-12-27 06:00:00,1
s3://nasa-surya-bench/2018/12/20181227_1200.nc,2018-12-27 12:00:00,1
s3://nasa-surya-bench/2018/12/20181227_1800.nc,2018-12-27 18:00:00,1
s3://nasa-surya-bench/2018/12/20181228_0000.nc,2018-12-28 00:00:00,1
s3://nasa-surya-bench/2018/12/20181228_0600.nc,2018-12-28 06:00:00,1
s3://nasa-surya-bench/2018/12/20181228_1200.nc,2018-12-28 12:00:00,1
s3://nasa-surya-bench/2018/12/20181228_1800.nc,2018-12-28 18:00:00,1
s3://nasa-surya-bench/2018/12/20181229_0000.nc,2018-12-29 00:00:00,1
s3://nasa-surya-bench/2018/12/20181229_0600.nc,2018-12-29 06:00:00,1
s3://nasa-surya-bench/2018/12/20181229_1200.nc,2018-12-29 12:00:00,1
s3://nasa-surya-bench/2018/12/20181229_1800.nc,2018-12-29 18:00:00,1
s3://nasa-surya-bench/2018/12/20181230_0000.nc,2018-12-30 00:00:00,1
s3://nasa-surya-bench/2018/12/20181230_0600.nc,2018-12-30 06:00:00,1
s3://nasa-surya-bench/2018/12/20181230_1200.nc,2018-12-30 12:00:00,1
s3://nasa-surya-bench/2018/12/20181230_1800.nc,2018-12-30 18:00:00,1
s3://nasa-surya-bench/2018/12/20181231_0000.nc,2018-12-31 00:00:00,1
s3://nasa-surya-bench/2018/12/20181231_0600.nc,2018-12-31 06:00:00,1
s3://nasa-surya-bench/2018/12/20181231_1200.nc,2018-12-31 12:00:00,1
s3://nasa-surya-bench/2018/12/20181231_1800.nc,2018-12-31 18:00:00,1
s3://nasa-surya-bench/2019/01/20190101_0000.nc,2019-01-01 00:00:00,1
s3://nasa-surya-bench/2019/01/20190101_0600.nc,2019-01-01 06:00:00,1
s3://nasa-surya-bench/2019/01/20190101_1200.nc,2019-01-01 12:00:00,1
s3://nasa-surya-bench/2019/01/20190101_1800.nc,2019-01-01 18:00:00,1
s3://nasa-surya-bench/2019/01/20190102_0000.nc,2019-01-02 00:00:00,1
s3://nasa-surya-bench/2019/01/20190102_0600.nc,2019-01-02 06:00:00,1
s3://nasa-surya-bench/2019/01/20190102_1200.nc,2019-01-02 12:00:00,1
s3://nasa-surya-bench/2019/01/20190103_0000.nc,2019-01-03 00:00:00,1
s3://nasa-surya-bench/2019/01/20190103_0600.nc,2019-01-03 06:00:00,1
s3://nasa-surya-bench/2019/01/20190103_1200.nc,2019-01-03 12:00:00,1
s3://nasa-surya-bench/2019/01/20190103_1800.nc,2019-01-03 18:00:00,1
s3://nasa-surya-bench/2019/01/20190104_0000.nc,2019-01-04 00:00:00,1
s3://nasa-surya-bench/2019/01/20190104_0600.nc,2019-01-04 06:00:00,1
s3://nasa-surya-bench/2019/01/20190104_1800.nc,2019-01-04 18:00:00,1
s3://nasa-surya-bench/2019/01/20190105_0000.nc,2019-01-05 00:00:00,1
s3://nasa-surya-bench/2019/01/20190105_0600.nc,2019-01-05 06:00:00,1
s3://nasa-surya-bench/2019/01/20190105_1200.nc,2019-01-05 12:00:00,1
s3://nasa-surya-bench/2019/01/20190105_1800.nc,2019-01-05 18:00:00,1
s3://nasa-surya-bench/2019/01/20190106_0000.nc,2019-01-06 00:00:00,1
s3://nasa-surya-bench/2019/01/20190106_0600.nc,2019-01-06 06:00:00,1
s3://nasa-surya-bench/2019/01/20190106_1200.nc,2019-01-06 12:00:00,1
s3://nasa-surya-bench/2019/01/20190106_1800.nc,2019-01-06 18:00:00,1
s3://nasa-surya-bench/2019/01/20190107_0000.nc,2019-01-07 00:00:00,1
s3://nasa-surya-bench/2019/01/20190107_0600.nc,2019-01-07 06:00:00,1
s3://nasa-surya-bench/2019/01/20190107_1200.nc,2019-01-07 12:00:00,1
s3://nasa-surya-bench/2019/01/20190107_1800.nc,2019-01-07 18:00:00,1
s3://nasa-surya-bench/2019/01/20190108_0000.nc,2019-01-08 00:00:00,1
s3://nasa-surya-bench/2019/01/20190108_0600.nc,2019-01-08 06:00:00,1
s3://nasa-surya-bench/2019/01/20190108_1200.nc,2019-01-08 12:00:00,1
s3://nasa-surya-bench/2019/01/20190108_1800.nc,2019-01-08 18:00:00,1
s3://nasa-surya-bench/2019/01/20190109_0000.nc,2019-01-09 00:00:00,1
s3://nasa-surya-bench/2019/01/20190109_0600.nc,2019-01-09 06:00:00,1
s3://nasa-surya-bench/2019/01/20190109_1200.nc,2019-01-09 12:00:00,1
s3://nasa-surya-bench/2019/01/20190109_1800.nc,2019-01-09 18:00:00,1
s3://nasa-surya-bench/2019/01/20190110_0000.nc,2019-01-10 00:00:00,1
s3://nasa-surya-bench/2019/01/20190110_0600.nc,2019-01-10 06:00:00,1
s3://nasa-surya-bench/2019/01/20190110_1200.nc,2019-01-10 12:00:00,1
s3://nasa-surya-bench/2019/01/20190110_1800.nc,2019-01-10 18:00:00,1
s3://nasa-surya-bench/2019/01/20190111_0000.nc,2019-01-11 00:00:00,1
s3://nasa-surya-bench/2019/01/20190111_0600.nc,2019-01-11 06:00:00,1
s3://nasa-surya-bench/2019/01/20190111_1200.nc,2019-01-11 12:00:00,1
s3://nasa-surya-bench/2019/01/20190111_1800.nc,2019-01-11 18:00:00,1
s3://nasa-surya-bench/2019/01/20190112_0000.nc,2019-01-12 00:00:00,1
s3://nasa-surya-bench/2019/01/20190112_0600.nc,2019-01-12 06:00:00,1
s3://nasa-surya-bench/2019/01/20190112_1200.nc,2019-01-12 12:00:00,1
s3://nasa-surya-bench/2019/01/20190112_1800.nc,2019-01-12 18:00:00,1
s3://nasa-surya-bench/2019/01/20190113_0000.nc,2019-01-13 00:00:00,1
s3://nasa-surya-bench/2019/01/20190113_0600.nc,2019-01-13 06:00:00,1
s3://nasa-surya-bench/2019/01/20190113_1200.nc,2019-01-13 12:00:00,1
s3://nasa-surya-bench/2019/01/20190113_1800.nc,2019-01-13 18:00:00,1
s3://nasa-surya-bench/2019/01/20190114_0000.nc,2019-01-14 00:00:00,1
s3://nasa-surya-bench/2019/01/20190114_0600.nc,2019-01-14 06:00:00,1
s3://nasa-surya-bench/2019/01/20190114_1200.nc,2019-01-14 12:00:00,1
s3://nasa-surya-bench/2019/01/20190114_1800.nc,2019-01-14 18:00:00,1
s3://nasa-surya-bench/2019/01/20190115_0000.nc,2019-01-15 00:00:00,1
s3://nasa-surya-bench/2019/01/20190115_0600.nc,2019-01-15 06:00:00,1
s3://nasa-surya-bench/2019/01/20190115_1200.nc,2019-01-15 12:00:00,1
s3://nasa-surya-bench/2019/01/20190115_1800.nc,2019-01-15 18:00:00,1
s3://nasa-surya-bench/2019/01/20190116_0000.nc,2019-01-16 00:00:00,1
s3://nasa-surya-bench/2019/01/20190116_0600.nc,2019-01-16 06:00:00,1
s3://nasa-surya-bench/2019/01/20190116_1200.nc,2019-01-16 12:00:00,1
s3://nasa-surya-bench/2019/01/20190116_1800.nc,2019-01-16 18:00:00,1
s3://nasa-surya-bench/2019/01/20190117_0000.nc,2019-01-17 00:00:00,1
s3://nasa-surya-bench/2019/01/20190117_0600.nc,2019-01-17 06:00:00,1
s3://nasa-surya-bench/2019/01/20190117_1200.nc,2019-01-17 12:00:00,1
s3://nasa-surya-bench/2019/01/20190118_0000.nc,2019-01-18 00:00:00,1
s3://nasa-surya-bench/2019/01/20190118_0600.nc,2019-01-18 06:00:00,1
s3://nasa-surya-bench/2019/01/20190118_1200.nc,2019-01-18 12:00:00,1
s3://nasa-surya-bench/2019/01/20190118_1800.nc,2019-01-18 18:00:00,1
s3://nasa-surya-bench/2019/01/20190119_0000.nc,2019-01-19 00:00:00,1
s3://nasa-surya-bench/2019/01/20190119_0600.nc,2019-01-19 06:00:00,1
s3://nasa-surya-bench/2019/01/20190119_1200.nc,2019-01-19 12:00:00,1
s3://nasa-surya-bench/2019/01/20190119_1800.nc,2019-01-19 18:00:00,1
s3://nasa-surya-bench/2019/01/20190120_0000.nc,2019-01-20 00:00:00,1
s3://nasa-surya-bench/2019/01/20190120_0600.nc,2019-01-20 06:00:00,1
s3://nasa-surya-bench/2019/01/20190120_1200.nc,2019-01-20 12:00:00,1
s3://nasa-surya-bench/2019/01/20190120_1800.nc,2019-01-20 18:00:00,1
s3://nasa-surya-bench/2019/01/20190121_0000.nc,2019-01-21 00:00:00,1
s3://nasa-surya-bench/2019/01/20190121_0600.nc,2019-01-21 06:00:00,1
s3://nasa-surya-bench/2019/01/20190121_1200.nc,2019-01-21 12:00:00,1
s3://nasa-surya-bench/2019/01/20190121_1800.nc,2019-01-21 18:00:00,1
s3://nasa-surya-bench/2019/01/20190122_0000.nc,2019-01-22 00:00:00,1
s3://nasa-surya-bench/2019/01/20190122_0600.nc,2019-01-22 06:00:00,1
s3://nasa-surya-bench/2019/01/20190122_1200.nc,2019-01-22 12:00:00,1
s3://nasa-surya-bench/2019/01/20190122_1800.nc,2019-01-22 18:00:00,1
s3://nasa-surya-bench/2019/01/20190123_0000.nc,2019-01-23 00:00:00,1
s3://nasa-surya-bench/2019/01/20190123_0600.nc,2019-01-23 06:00:00,1
s3://nasa-surya-bench/2019/01/20190123_1200.nc,2019-01-23 12:00:00,1
s3://nasa-surya-bench/2019/01/20190124_0000.nc,2019-01-24 00:00:00,1
s3://nasa-surya-bench/2019/01/20190124_0600.nc,2019-01-24 06:00:00,1
s3://nasa-surya-bench/2019/01/20190124_1200.nc,2019-01-24 12:00:00,1
s3://nasa-surya-bench/2019/01/20190124_1800.nc,2019-01-24 18:00:00,1
s3://nasa-surya-bench/2019/01/20190125_0000.nc,2019-01-25 00:00:00,1
s3://nasa-surya-bench/2019/01/20190125_0600.nc,2019-01-25 06:00:00,1
s3://nasa-surya-bench/2019/01/20190125_1200.nc,2019-01-25 12:00:00,1
s3://nasa-surya-bench/2019/01/20190125_1800.nc,2019-01-25 18:00:00,1
s3://nasa-surya-bench/2019/01/20190126_0000.nc,2019-01-26 00:00:00,1
s3://nasa-surya-bench/2019/01/20190126_0600.nc,2019-01-26 06:00:00,1
s3://nasa-surya-bench/2019/01/20190126_1200.nc,2019-01-26 12:00:00,1
s3://nasa-surya-bench/2019/01/20190126_1800.nc,2019-01-26 18:00:00,1
s3://nasa-surya-bench/2019/01/20190127_0000.nc,2019-01-27 00:00:00,1
s3://nasa-surya-bench/2019/01/20190127_0600.nc,2019-01-27 06:00:00,1
s3://nasa-surya-bench/2019/01/20190127_1200.nc,2019-01-27 12:00:00,1
s3://nasa-surya-bench/2019/01/20190127_1800.nc,2019-01-27 18:00:00,1
s3://nasa-surya-bench/2019/01/20190128_0000.nc,2019-01-28 00:00:00,1
s3://nasa-surya-bench/2019/01/20190128_0600.nc,2019-01-28 06:00:00,1
s3://nasa-surya-bench/2019/01/20190128_1200.nc,2019-01-28 12:00:00,1
s3://nasa-surya-bench/2019/01/20190128_1800.nc,2019-01-28 18:00:00,1
s3://nasa-surya-bench/2019/01/20190129_0000.nc,2019-01-29 00:00:00,1
s3://nasa-surya-bench/2019/01/20190129_0600.nc,2019-01-29 06:00:00,1
s3://nasa-surya-bench/2019/01/20190129_1200.nc,2019-01-29 12:00:00,1
s3://nasa-surya-bench/2019/01/20190129_1800.nc,2019-01-29 18:00:00,1
s3://nasa-surya-bench/2019/01/20190130_0000.nc,2019-01-30 00:00:00,1
s3://nasa-surya-bench/2019/01/20190130_0600.nc,2019-01-30 06:00:00,1
s3://nasa-surya-bench/2019/01/20190130_1200.nc,2019-01-30 12:00:00,1
s3://nasa-surya-bench/2019/01/20190130_1800.nc,2019-01-30 18:00:00,1
s3://nasa-surya-bench/2019/01/20190131_0000.nc,2019-01-31 00:00:00,1
s3://nasa-surya-bench/2019/01/20190131_0600.nc,2019-01-31 06:00:00,1
s3://nasa-surya-bench/2019/01/20190131_1800.nc,2019-01-31 18:00:00,1
s3://nasa-surya-bench/2019/02/20190201_0000.nc,2019-02-01 00:00:00,1
s3://nasa-surya-bench/2019/02/20190201_0600.nc,2019-02-01 06:00:00,1
s3://nasa-surya-bench/2019/02/20190201_1200.nc,2019-02-01 12:00:00,1
s3://nasa-surya-bench/2019/02/20190201_1800.nc,2019-02-01 18:00:00,1
s3://nasa-surya-bench/2019/02/20190202_0000.nc,2019-02-02 00:00:00,1
s3://nasa-surya-bench/2019/02/20190202_0600.nc,2019-02-02 06:00:00,1
s3://nasa-surya-bench/2019/02/20190202_1200.nc,2019-02-02 12:00:00,1
s3://nasa-surya-bench/2019/02/20190202_1800.nc,2019-02-02 18:00:00,1
s3://nasa-surya-bench/2019/02/20190203_0000.nc,2019-02-03 00:00:00,1
s3://nasa-surya-bench/2019/02/20190203_0600.nc,2019-02-03 06:00:00,1
s3://nasa-surya-bench/2019/02/20190203_1200.nc,2019-02-03 12:00:00,1
s3://nasa-surya-bench/2019/02/20190203_1800.nc,2019-02-03 18:00:00,1
s3://nasa-surya-bench/2019/02/20190204_0000.nc,2019-02-04 00:00:00,1
s3://nasa-surya-bench/2019/02/20190204_0600.nc,2019-02-04 06:00:00,1
s3://nasa-surya-bench/2019/02/20190204_1200.nc,2019-02-04 12:00:00,1
s3://nasa-surya-bench/2019/02/20190204_1800.nc,2019-02-04 18:00:00,1
s3://nasa-surya-bench/2019/02/20190205_0000.nc,2019-02-05 00:00:00,1
s3://nasa-surya-bench/2019/02/20190205_0600.nc,2019-02-05 06:00:00,1
s3://nasa-surya-bench/2019/02/20190205_1200.nc,2019-02-05 12:00:00,1
s3://nasa-surya-bench/2019/02/20190205_1800.nc,2019-02-05 18:00:00,1
s3://nasa-surya-bench/2019/02/20190206_0000.nc,2019-02-06 00:00:00,1
s3://nasa-surya-bench/2019/02/20190206_0600.nc,2019-02-06 06:00:00,1
s3://nasa-surya-bench/2019/02/20190207_0000.nc,2019-02-07 00:00:00,1
s3://nasa-surya-bench/2019/02/20190207_0600.nc,2019-02-07 06:00:00,1
s3://nasa-surya-bench/2019/02/20190207_1200.nc,2019-02-07 12:00:00,1
s3://nasa-surya-bench/2019/02/20190207_1800.nc,2019-02-07 18:00:00,1
s3://nasa-surya-bench/2019/02/20190208_0000.nc,2019-02-08 00:00:00,1
s3://nasa-surya-bench/2019/02/20190208_0600.nc,2019-02-08 06:00:00,1
s3://nasa-surya-bench/2019/02/20190208_1200.nc,2019-02-08 12:00:00,1
s3://nasa-surya-bench/2019/02/20190208_1800.nc,2019-02-08 18:00:00,1
s3://nasa-surya-bench/2019/02/20190209_0000.nc,2019-02-09 00:00:00,1
s3://nasa-surya-bench/2019/02/20190209_0600.nc,2019-02-09 06:00:00,1
s3://nasa-surya-bench/2019/02/20190209_1200.nc,2019-02-09 12:00:00,1
s3://nasa-surya-bench/2019/02/20190209_1800.nc,2019-02-09 18:00:00,1
s3://nasa-surya-bench/2019/02/20190210_0000.nc,2019-02-10 00:00:00,1
s3://nasa-surya-bench/2019/02/20190210_0600.nc,2019-02-10 06:00:00,1
s3://nasa-surya-bench/2019/02/20190210_1200.nc,2019-02-10 12:00:00,1
s3://nasa-surya-bench/2019/02/20190210_1800.nc,2019-02-10 18:00:00,1
s3://nasa-surya-bench/2019/02/20190211_0000.nc,2019-02-11 00:00:00,1
s3://nasa-surya-bench/2019/02/20190211_0600.nc,2019-02-11 06:00:00,1
s3://nasa-surya-bench/2019/02/20190211_1200.nc,2019-02-11 12:00:00,1
s3://nasa-surya-bench/2019/02/20190211_1800.nc,2019-02-11 18:00:00,1
s3://nasa-surya-bench/2019/02/20190212_0000.nc,2019-02-12 00:00:00,1
s3://nasa-surya-bench/2019/02/20190212_0600.nc,2019-02-12 06:00:00,1
s3://nasa-surya-bench/2019/02/20190212_1200.nc,2019-02-12 12:00:00,1
s3://nasa-surya-bench/2019/02/20190212_1800.nc,2019-02-12 18:00:00,1
s3://nasa-surya-bench/2019/02/20190213_0000.nc,2019-02-13 00:00:00,1
s3://nasa-surya-bench/2019/02/20190213_0600.nc,2019-02-13 06:00:00,1
s3://nasa-surya-bench/2019/02/20190213_1200.nc,2019-02-13 12:00:00,1
s3://nasa-surya-bench/2019/02/20190213_1800.nc,2019-02-13 18:00:00,1
s3://nasa-surya-bench/2019/02/20190214_0000.nc,2019-02-14 00:00:00,1
s3://nasa-surya-bench/2019/02/20190214_0600.nc,2019-02-14 06:00:00,1
s3://nasa-surya-bench/2019/02/20190214_1200.nc,2019-02-14 12:00:00,1
s3://nasa-surya-bench/2019/02/20190214_1800.nc,2019-02-14 18:00:00,1
s3://nasa-surya-bench/2019/02/20190215_0000.nc,2019-02-15 00:00:00,1
s3://nasa-surya-bench/2019/02/20190215_0600.nc,2019-02-15 06:00:00,1
s3://nasa-surya-bench/2019/02/20190215_1200.nc,2019-02-15 12:00:00,1
s3://nasa-surya-bench/2019/02/20190215_1800.nc,2019-02-15 18:00:00,1
s3://nasa-surya-bench/2019/02/20190216_0000.nc,2019-02-16 00:00:00,1
s3://nasa-surya-bench/2019/02/20190216_0600.nc,2019-02-16 06:00:00,1
s3://nasa-surya-bench/2019/02/20190216_1200.nc,2019-02-16 12:00:00,1
s3://nasa-surya-bench/2019/02/20190216_1800.nc,2019-02-16 18:00:00,1
s3://nasa-surya-bench/2019/02/20190217_0000.nc,2019-02-17 00:00:00,1
s3://nasa-surya-bench/2019/02/20190217_0600.nc,2019-02-17 06:00:00,1
s3://nasa-surya-bench/2019/02/20190217_1200.nc,2019-02-17 12:00:00,1
s3://nasa-surya-bench/2019/02/20190217_1800.nc,2019-02-17 18:00:00,1
s3://nasa-surya-bench/2019/02/20190218_0000.nc,2019-02-18 00:00:00,1
s3://nasa-surya-bench/2019/02/20190218_0600.nc,2019-02-18 06:00:00,1
s3://nasa-surya-bench/2019/02/20190218_1200.nc,2019-02-18 12:00:00,1
s3://nasa-surya-bench/2019/02/20190218_1800.nc,2019-02-18 18:00:00,1
s3://nasa-surya-bench/2019/02/20190219_0000.nc,2019-02-19 00:00:00,1
s3://nasa-surya-bench/2019/02/20190219_0600.nc,2019-02-19 06:00:00,1
s3://nasa-surya-bench/2019/02/20190219_1200.nc,2019-02-19 12:00:00,1
s3://nasa-surya-bench/2019/02/20190219_1800.nc,2019-02-19 18:00:00,1
s3://nasa-surya-bench/2019/02/20190220_0000.nc,2019-02-20 00:00:00,1
s3://nasa-surya-bench/2019/02/20190220_0600.nc,2019-02-20 06:00:00,1
s3://nasa-surya-bench/2019/02/20190220_1200.nc,2019-02-20 12:00:00,1
s3://nasa-surya-bench/2019/02/20190220_1800.nc,2019-02-20 18:00:00,1
s3://nasa-surya-bench/2019/02/20190221_0000.nc,2019-02-21 00:00:00,1
s3://nasa-surya-bench/2019/02/20190221_0600.nc,2019-02-21 06:00:00,1
s3://nasa-surya-bench/2019/02/20190221_1200.nc,2019-02-21 12:00:00,1
s3://nasa-surya-bench/2019/02/20190221_1800.nc,2019-02-21 18:00:00,1
s3://nasa-surya-bench/2019/02/20190222_0000.nc,2019-02-22 00:00:00,1
s3://nasa-surya-bench/2019/02/20190222_1200.nc,2019-02-22 12:00:00,1
s3://nasa-surya-bench/2019/02/20190222_1800.nc,2019-02-22 18:00:00,1
s3://nasa-surya-bench/2019/02/20190223_0000.nc,2019-02-23 00:00:00,1
s3://nasa-surya-bench/2019/02/20190223_0600.nc,2019-02-23 06:00:00,1
s3://nasa-surya-bench/2019/02/20190223_1200.nc,2019-02-23 12:00:00,1
s3://nasa-surya-bench/2019/02/20190223_1800.nc,2019-02-23 18:00:00,1
s3://nasa-surya-bench/2019/02/20190224_0000.nc,2019-02-24 00:00:00,1
s3://nasa-surya-bench/2019/02/20190224_0600.nc,2019-02-24 06:00:00,1
s3://nasa-surya-bench/2019/02/20190224_1200.nc,2019-02-24 12:00:00,1
s3://nasa-surya-bench/2019/02/20190224_1800.nc,2019-02-24 18:00:00,1
s3://nasa-surya-bench/2019/02/20190225_0000.nc,2019-02-25 00:00:00,1
s3://nasa-surya-bench/2019/02/20190225_0600.nc,2019-02-25 06:00:00,1
s3://nasa-surya-bench/2019/02/20190225_1200.nc,2019-02-25 12:00:00,1
s3://nasa-surya-bench/2019/02/20190225_1800.nc,2019-02-25 18:00:00,1
s3://nasa-surya-bench/2019/02/20190226_0000.nc,2019-02-26 00:00:00,1
s3://nasa-surya-bench/2019/02/20190226_0600.nc,2019-02-26 06:00:00,1
s3://nasa-surya-bench/2019/02/20190226_1200.nc,2019-02-26 12:00:00,1
s3://nasa-surya-bench/2019/02/20190226_1800.nc,2019-02-26 18:00:00,1
s3://nasa-surya-bench/2019/02/20190227_0000.nc,2019-02-27 00:00:00,1
s3://nasa-surya-bench/2019/02/20190227_0600.nc,2019-02-27 06:00:00,1
s3://nasa-surya-bench/2019/02/20190227_1200.nc,2019-02-27 12:00:00,1
s3://nasa-surya-bench/2019/02/20190227_1800.nc,2019-02-27 18:00:00,1
s3://nasa-surya-bench/2019/02/20190228_0000.nc,2019-02-28 00:00:00,1
s3://nasa-surya-bench/2019/02/20190228_0600.nc,2019-02-28 06:00:00,1
s3://nasa-surya-bench/2019/02/20190228_1200.nc,2019-02-28 12:00:00,1
s3://nasa-surya-bench/2019/02/20190228_1800.nc,2019-02-28 18:00:00,1
s3://nasa-surya-bench/2019/03/20190301_0000.nc,2019-03-01 00:00:00,1
s3://nasa-surya-bench/2019/03/20190301_0600.nc,2019-03-01 06:00:00,1
s3://nasa-surya-bench/2019/03/20190301_1200.nc,2019-03-01 12:00:00,1
s3://nasa-surya-bench/2019/03/20190301_1800.nc,2019-03-01 18:00:00,1
s3://nasa-surya-bench/2019/03/20190302_0000.nc,2019-03-02 00:00:00,1
s3://nasa-surya-bench/2019/03/20190302_0600.nc,2019-03-02 06:00:00,1
s3://nasa-surya-bench/2019/03/20190302_1200.nc,2019-03-02 12:00:00,1
s3://nasa-surya-bench/2019/03/20190302_1800.nc,2019-03-02 18:00:00,1
s3://nasa-surya-bench/2019/03/20190303_0000.nc,2019-03-03 00:00:00,1
s3://nasa-surya-bench/2019/03/20190303_0600.nc,2019-03-03 06:00:00,1
s3://nasa-surya-bench/2019/03/20190303_1200.nc,2019-03-03 12:00:00,1
s3://nasa-surya-bench/2019/03/20190303_1800.nc,2019-03-03 18:00:00,1
s3://nasa-surya-bench/2019/03/20190304_0000.nc,2019-03-04 00:00:00,1
s3://nasa-surya-bench/2019/03/20190304_0600.nc,2019-03-04 06:00:00,1
s3://nasa-surya-bench/2019/03/20190304_1200.nc,2019-03-04 12:00:00,1
s3://nasa-surya-bench/2019/03/20190304_1800.nc,2019-03-04 18:00:00,1
s3://nasa-surya-bench/2019/03/20190305_0000.nc,2019-03-05 00:00:00,1
s3://nasa-surya-bench/2019/03/20190305_0600.nc,2019-03-05 06:00:00,1
s3://nasa-surya-bench/2019/03/20190305_1200.nc,2019-03-05 12:00:00,1
s3://nasa-surya-bench/2019/03/20190305_1800.nc,2019-03-05 18:00:00,1
s3://nasa-surya-bench/2019/03/20190306_0000.nc,2019-03-06 00:00:00,1
s3://nasa-surya-bench/2019/03/20190306_0600.nc,2019-03-06 06:00:00,1
s3://nasa-surya-bench/2019/03/20190306_1200.nc,2019-03-06 12:00:00,1
s3://nasa-surya-bench/2019/03/20190307_0600.nc,2019-03-07 06:00:00,1
s3://nasa-surya-bench/2019/03/20190307_1200.nc,2019-03-07 12:00:00,1
s3://nasa-surya-bench/2019/03/20190307_1800.nc,2019-03-07 18:00:00,1
s3://nasa-surya-bench/2019/03/20190308_0000.nc,2019-03-08 00:00:00,1
s3://nasa-surya-bench/2019/03/20190308_0600.nc,2019-03-08 06:00:00,1
s3://nasa-surya-bench/2019/03/20190308_1200.nc,2019-03-08 12:00:00,1
s3://nasa-surya-bench/2019/03/20190308_1800.nc,2019-03-08 18:00:00,1
s3://nasa-surya-bench/2019/03/20190309_0000.nc,2019-03-09 00:00:00,1
s3://nasa-surya-bench/2019/03/20190309_0600.nc,2019-03-09 06:00:00,1
s3://nasa-surya-bench/2019/03/20190309_1200.nc,2019-03-09 12:00:00,1
s3://nasa-surya-bench/2019/03/20190309_1800.nc,2019-03-09 18:00:00,1
s3://nasa-surya-bench/2019/03/20190310_0000.nc,2019-03-10 00:00:00,1
s3://nasa-surya-bench/2019/03/20190310_0600.nc,2019-03-10 06:00:00,1
s3://nasa-surya-bench/2019/03/20190310_1200.nc,2019-03-10 12:00:00,1
s3://nasa-surya-bench/2019/03/20190310_1800.nc,2019-03-10 18:00:00,1
s3://nasa-surya-bench/2019/03/20190311_0000.nc,2019-03-11 00:00:00,1
s3://nasa-surya-bench/2019/03/20190311_0600.nc,2019-03-11 06:00:00,1
s3://nasa-surya-bench/2019/03/20190311_1200.nc,2019-03-11 12:00:00,1
s3://nasa-surya-bench/2019/03/20190311_1800.nc,2019-03-11 18:00:00,1
s3://nasa-surya-bench/2019/03/20190312_0000.nc,2019-03-12 00:00:00,1
s3://nasa-surya-bench/2019/03/20190312_0600.nc,2019-03-12 06:00:00,1
s3://nasa-surya-bench/2019/03/20190312_1200.nc,2019-03-12 12:00:00,1
s3://nasa-surya-bench/2019/03/20190312_1800.nc,2019-03-12 18:00:00,1
s3://nasa-surya-bench/2019/03/20190313_0000.nc,2019-03-13 00:00:00,1
s3://nasa-surya-bench/2019/03/20190313_0600.nc,2019-03-13 06:00:00,1
s3://nasa-surya-bench/2019/03/20190313_1200.nc,2019-03-13 12:00:00,1
s3://nasa-surya-bench/2019/03/20190314_0000.nc,2019-03-14 00:00:00,1
s3://nasa-surya-bench/2019/03/20190314_0600.nc,2019-03-14 06:00:00,1
s3://nasa-surya-bench/2019/03/20190314_1200.nc,2019-03-14 12:00:00,1
s3://nasa-surya-bench/2019/03/20190314_1800.nc,2019-03-14 18:00:00,1
s3://nasa-surya-bench/2019/03/20190315_0000.nc,2019-03-15 00:00:00,1
s3://nasa-surya-bench/2019/03/20190315_0600.nc,2019-03-15 06:00:00,1
s3://nasa-surya-bench/2019/03/20190315_1200.nc,2019-03-15 12:00:00,1
s3://nasa-surya-bench/2019/03/20190315_1800.nc,2019-03-15 18:00:00,1
s3://nasa-surya-bench/2019/03/20190316_0000.nc,2019-03-16 00:00:00,1
s3://nasa-surya-bench/2019/03/20190316_0600.nc,2019-03-16 06:00:00,1
s3://nasa-surya-bench/2019/03/20190316_1200.nc,2019-03-16 12:00:00,1
s3://nasa-surya-bench/2019/03/20190316_1800.nc,2019-03-16 18:00:00,1
s3://nasa-surya-bench/2019/03/20190317_0000.nc,2019-03-17 00:00:00,1
s3://nasa-surya-bench/2019/03/20190317_0600.nc,2019-03-17 06:00:00,1
s3://nasa-surya-bench/2019/03/20190317_1200.nc,2019-03-17 12:00:00,1
s3://nasa-surya-bench/2019/03/20190317_1800.nc,2019-03-17 18:00:00,1
s3://nasa-surya-bench/2019/03/20190318_0000.nc,2019-03-18 00:00:00,1
s3://nasa-surya-bench/2019/03/20190318_0600.nc,2019-03-18 06:00:00,1
s3://nasa-surya-bench/2019/03/20190318_1200.nc,2019-03-18 12:00:00,1
s3://nasa-surya-bench/2019/03/20190318_1800.nc,2019-03-18 18:00:00,1
s3://nasa-surya-bench/2019/03/20190319_0000.nc,2019-03-19 00:00:00,1
s3://nasa-surya-bench/2019/03/20190319_0600.nc,2019-03-19 06:00:00,1
s3://nasa-surya-bench/2019/03/20190319_1200.nc,2019-03-19 12:00:00,1
s3://nasa-surya-bench/2019/03/20190319_1800.nc,2019-03-19 18:00:00,1
s3://nasa-surya-bench/2019/03/20190320_0000.nc,2019-03-20 00:00:00,1
s3://nasa-surya-bench/2019/03/20190320_0600.nc,2019-03-20 06:00:00,1
s3://nasa-surya-bench/2019/03/20190320_1200.nc,2019-03-20 12:00:00,1
s3://nasa-surya-bench/2019/03/20190321_0000.nc,2019-03-21 00:00:00,1
s3://nasa-surya-bench/2019/03/20190321_0600.nc,2019-03-21 06:00:00,1
s3://nasa-surya-bench/2019/03/20190321_1200.nc,2019-03-21 12:00:00,1
s3://nasa-surya-bench/2019/03/20190321_1800.nc,2019-03-21 18:00:00,1
s3://nasa-surya-bench/2019/03/20190322_0000.nc,2019-03-22 00:00:00,1
s3://nasa-surya-bench/2019/03/20190322_0600.nc,2019-03-22 06:00:00,1
s3://nasa-surya-bench/2019/03/20190322_1200.nc,2019-03-22 12:00:00,1
s3://nasa-surya-bench/2019/03/20190322_1800.nc,2019-03-22 18:00:00,1
s3://nasa-surya-bench/2019/03/20190323_0000.nc,2019-03-23 00:00:00,1
s3://nasa-surya-bench/2019/03/20190323_0600.nc,2019-03-23 06:00:00,1
s3://nasa-surya-bench/2019/03/20190323_1200.nc,2019-03-23 12:00:00,1
s3://nasa-surya-bench/2019/03/20190323_1800.nc,2019-03-23 18:00:00,1
s3://nasa-surya-bench/2019/03/20190324_0000.nc,2019-03-24 00:00:00,1
s3://nasa-surya-bench/2019/03/20190324_0600.nc,2019-03-24 06:00:00,1
s3://nasa-surya-bench/2019/03/20190324_1200.nc,2019-03-24 12:00:00,1
s3://nasa-surya-bench/2019/03/20190324_1800.nc,2019-03-24 18:00:00,1
s3://nasa-surya-bench/2019/03/20190325_0000.nc,2019-03-25 00:00:00,1
s3://nasa-surya-bench/2019/03/20190325_0600.nc,2019-03-25 06:00:00,1
s3://nasa-surya-bench/2019/03/20190325_1200.nc,2019-03-25 12:00:00,1
s3://nasa-surya-bench/2019/03/20190325_1800.nc,2019-03-25 18:00:00,1
s3://nasa-surya-bench/2019/03/20190326_0000.nc,2019-03-26 00:00:00,1
s3://nasa-surya-bench/2019/03/20190326_0600.nc,2019-03-26 06:00:00,1
s3://nasa-surya-bench/2019/03/20190326_1200.nc,2019-03-26 12:00:00,1
s3://nasa-surya-bench/2019/03/20190326_1800.nc,2019-03-26 18:00:00,1
s3://nasa-surya-bench/2019/03/20190327_0000.nc,2019-03-27 00:00:00,1
s3://nasa-surya-bench/2019/03/20190327_0600.nc,2019-03-27 06:00:00,1
s3://nasa-surya-bench/2019/03/20190327_1200.nc,2019-03-27 12:00:00,1
s3://nasa-surya-bench/2019/03/20190327_1800.nc,2019-03-27 18:00:00,1
s3://nasa-surya-bench/2019/03/20190328_0000.nc,2019-03-28 00:00:00,1
s3://nasa-surya-bench/2019/03/20190328_0600.nc,2019-03-28 06:00:00,1
s3://nasa-surya-bench/2019/03/20190328_1200.nc,2019-03-28 12:00:00,1
s3://nasa-surya-bench/2019/03/20190328_1800.nc,2019-03-28 18:00:00,1
s3://nasa-surya-bench/2019/03/20190329_0000.nc,2019-03-29 00:00:00,1
s3://nasa-surya-bench/2019/03/20190329_0600.nc,2019-03-29 06:00:00,1
s3://nasa-surya-bench/2019/03/20190329_1200.nc,2019-03-29 12:00:00,1
s3://nasa-surya-bench/2019/03/20190329_1800.nc,2019-03-29 18:00:00,1
s3://nasa-surya-bench/2019/03/20190330_0000.nc,2019-03-30 00:00:00,1
s3://nasa-surya-bench/2019/03/20190330_0600.nc,2019-03-30 06:00:00,1
s3://nasa-surya-bench/2019/03/20190330_1200.nc,2019-03-30 12:00:00,1
s3://nasa-surya-bench/2019/03/20190330_1800.nc,2019-03-30 18:00:00,1
s3://nasa-surya-bench/2019/05/20190501_0600.nc,2019-05-01 06:00:00,1
s3://nasa-surya-bench/2019/05/20190501_1200.nc,2019-05-01 12:00:00,1
s3://nasa-surya-bench/2019/05/20190502_0000.nc,2019-05-02 00:00:00,1
s3://nasa-surya-bench/2019/05/20190502_0600.nc,2019-05-02 06:00:00,1
s3://nasa-surya-bench/2019/05/20190502_1200.nc,2019-05-02 12:00:00,1
s3://nasa-surya-bench/2019/05/20190502_1800.nc,2019-05-02 18:00:00,1
s3://nasa-surya-bench/2019/05/20190503_0000.nc,2019-05-03 00:00:00,1
s3://nasa-surya-bench/2019/05/20190503_0600.nc,2019-05-03 06:00:00,1
s3://nasa-surya-bench/2019/05/20190503_1200.nc,2019-05-03 12:00:00,1
s3://nasa-surya-bench/2019/05/20190503_1800.nc,2019-05-03 18:00:00,1
s3://nasa-surya-bench/2019/05/20190504_0000.nc,2019-05-04 00:00:00,1
s3://nasa-surya-bench/2019/05/20190504_0600.nc,2019-05-04 06:00:00,1
s3://nasa-surya-bench/2019/05/20190504_1200.nc,2019-05-04 12:00:00,1
s3://nasa-surya-bench/2019/05/20190504_1800.nc,2019-05-04 18:00:00,1
s3://nasa-surya-bench/2019/05/20190505_0000.nc,2019-05-05 00:00:00,1
s3://nasa-surya-bench/2019/05/20190505_0600.nc,2019-05-05 06:00:00,1
s3://nasa-surya-bench/2019/05/20190505_1200.nc,2019-05-05 12:00:00,1
s3://nasa-surya-bench/2019/05/20190505_1800.nc,2019-05-05 18:00:00,1
s3://nasa-surya-bench/2019/05/20190506_0000.nc,2019-05-06 00:00:00,1
s3://nasa-surya-bench/2019/05/20190506_0600.nc,2019-05-06 06:00:00,1
s3://nasa-surya-bench/2019/05/20190506_1200.nc,2019-05-06 12:00:00,1
s3://nasa-surya-bench/2019/05/20190506_1800.nc,2019-05-06 18:00:00,1
s3://nasa-surya-bench/2019/05/20190507_0000.nc,2019-05-07 00:00:00,1
s3://nasa-surya-bench/2019/05/20190507_0600.nc,2019-05-07 06:00:00,1
s3://nasa-surya-bench/2019/05/20190507_1200.nc,2019-05-07 12:00:00,1
s3://nasa-surya-bench/2019/05/20190507_1800.nc,2019-05-07 18:00:00,1
s3://nasa-surya-bench/2019/05/20190508_0000.nc,2019-05-08 00:00:00,1
s3://nasa-surya-bench/2019/05/20190508_0600.nc,2019-05-08 06:00:00,1
s3://nasa-surya-bench/2019/05/20190508_1200.nc,2019-05-08 12:00:00,1
s3://nasa-surya-bench/2019/05/20190508_1800.nc,2019-05-08 18:00:00,1
s3://nasa-surya-bench/2019/05/20190509_0000.nc,2019-05-09 00:00:00,1
s3://nasa-surya-bench/2019/05/20190509_0600.nc,2019-05-09 06:00:00,1
s3://nasa-surya-bench/2019/05/20190509_1200.nc,2019-05-09 12:00:00,1
s3://nasa-surya-bench/2019/05/20190509_1800.nc,2019-05-09 18:00:00,1
s3://nasa-surya-bench/2019/05/20190510_0000.nc,2019-05-10 00:00:00,1
s3://nasa-surya-bench/2019/05/20190510_0600.nc,2019-05-10 06:00:00,1
s3://nasa-surya-bench/2019/05/20190510_1200.nc,2019-05-10 12:00:00,1
s3://nasa-surya-bench/2019/05/20190510_1800.nc,2019-05-10 18:00:00,1
s3://nasa-surya-bench/2019/05/20190511_0000.nc,2019-05-11 00:00:00,1
s3://nasa-surya-bench/2019/05/20190511_0600.nc,2019-05-11 06:00:00,1
s3://nasa-surya-bench/2019/05/20190511_1200.nc,2019-05-11 12:00:00,1
s3://nasa-surya-bench/2019/05/20190511_1800.nc,2019-05-11 18:00:00,1
s3://nasa-surya-bench/2019/05/20190512_0000.nc,2019-05-12 00:00:00,1
s3://nasa-surya-bench/2019/05/20190512_0600.nc,2019-05-12 06:00:00,1
s3://nasa-surya-bench/2019/05/20190512_1200.nc,2019-05-12 12:00:00,1
s3://nasa-surya-bench/2019/05/20190512_1800.nc,2019-05-12 18:00:00,1
s3://nasa-surya-bench/2019/05/20190513_0000.nc,2019-05-13 00:00:00,1
s3://nasa-surya-bench/2019/05/20190513_0600.nc,2019-05-13 06:00:00,1
s3://nasa-surya-bench/2019/05/20190513_1200.nc,2019-05-13 12:00:00,1
s3://nasa-surya-bench/2019/05/20190513_1800.nc,2019-05-13 18:00:00,1
s3://nasa-surya-bench/2019/05/20190514_0000.nc,2019-05-14 00:00:00,1
s3://nasa-surya-bench/2019/05/20190514_0600.nc,2019-05-14 06:00:00,1
s3://nasa-surya-bench/2019/05/20190514_1200.nc,2019-05-14 12:00:00,1
s3://nasa-surya-bench/2019/05/20190514_1800.nc,2019-05-14 18:00:00,1
s3://nasa-surya-bench/2019/05/20190515_0000.nc,2019-05-15 00:00:00,1
s3://nasa-surya-bench/2019/05/20190515_0600.nc,2019-05-15 06:00:00,1
s3://nasa-surya-bench/2019/05/20190515_1200.nc,2019-05-15 12:00:00,1
s3://nasa-surya-bench/2019/05/20190515_1800.nc,2019-05-15 18:00:00,1
s3://nasa-surya-bench/2019/05/20190516_0000.nc,2019-05-16 00:00:00,1
s3://nasa-surya-bench/2019/05/20190516_0600.nc,2019-05-16 06:00:00,1
s3://nasa-surya-bench/2019/05/20190516_1200.nc,2019-05-16 12:00:00,1
s3://nasa-surya-bench/2019/05/20190516_1800.nc,2019-05-16 18:00:00,1
s3://nasa-surya-bench/2019/05/20190517_0000.nc,2019-05-17 00:00:00,1
s3://nasa-surya-bench/2019/05/20190517_0600.nc,2019-05-17 06:00:00,1
s3://nasa-surya-bench/2019/05/20190517_1200.nc,2019-05-17 12:00:00,1
s3://nasa-surya-bench/2019/05/20190517_1800.nc,2019-05-17 18:00:00,1
s3://nasa-surya-bench/2019/05/20190518_0000.nc,2019-05-18 00:00:00,1
s3://nasa-surya-bench/2019/05/20190518_0600.nc,2019-05-18 06:00:00,1
s3://nasa-surya-bench/2019/05/20190518_1200.nc,2019-05-18 12:00:00,1
s3://nasa-surya-bench/2019/05/20190518_1800.nc,2019-05-18 18:00:00,1
s3://nasa-surya-bench/2019/05/20190519_0000.nc,2019-05-19 00:00:00,1
s3://nasa-surya-bench/2019/05/20190519_0600.nc,2019-05-19 06:00:00,1
s3://nasa-surya-bench/2019/05/20190519_1200.nc,2019-05-19 12:00:00,1
s3://nasa-surya-bench/2019/05/20190519_1800.nc,2019-05-19 18:00:00,1
s3://nasa-surya-bench/2019/05/20190520_0000.nc,2019-05-20 00:00:00,1
s3://nasa-surya-bench/2019/05/20190520_0600.nc,2019-05-20 06:00:00,1
s3://nasa-surya-bench/2019/05/20190520_1200.nc,2019-05-20 12:00:00,1
s3://nasa-surya-bench/2019/05/20190520_1800.nc,2019-05-20 18:00:00,1
s3://nasa-surya-bench/2019/05/20190521_0000.nc,2019-05-21 00:00:00,1
s3://nasa-surya-bench/2019/05/20190521_0600.nc,2019-05-21 06:00:00,1
s3://nasa-surya-bench/2019/05/20190521_1200.nc,2019-05-21 12:00:00,1
s3://nasa-surya-bench/2019/05/20190521_1800.nc,2019-05-21 18:00:00,1
s3://nasa-surya-bench/2019/05/20190522_0000.nc,2019-05-22 00:00:00,1
s3://nasa-surya-bench/2019/05/20190522_0600.nc,2019-05-22 06:00:00,1
s3://nasa-surya-bench/2019/05/20190522_1200.nc,2019-05-22 12:00:00,1
s3://nasa-surya-bench/2019/05/20190522_1800.nc,2019-05-22 18:00:00,1
s3://nasa-surya-bench/2019/05/20190523_0000.nc,2019-05-23 00:00:00,1
s3://nasa-surya-bench/2019/05/20190523_0600.nc,2019-05-23 06:00:00,1
s3://nasa-surya-bench/2019/05/20190523_1200.nc,2019-05-23 12:00:00,1
s3://nasa-surya-bench/2019/05/20190523_1800.nc,2019-05-23 18:00:00,1
s3://nasa-surya-bench/2019/05/20190524_0000.nc,2019-05-24 00:00:00,1
s3://nasa-surya-bench/2019/05/20190524_0600.nc,2019-05-24 06:00:00,1
s3://nasa-surya-bench/2019/05/20190524_1200.nc,2019-05-24 12:00:00,1
s3://nasa-surya-bench/2019/05/20190524_1800.nc,2019-05-24 18:00:00,1
s3://nasa-surya-bench/2019/05/20190525_0000.nc,2019-05-25 00:00:00,1
s3://nasa-surya-bench/2019/05/20190525_0600.nc,2019-05-25 06:00:00,1
s3://nasa-surya-bench/2019/05/20190525_1200.nc,2019-05-25 12:00:00,1
s3://nasa-surya-bench/2019/05/20190525_1800.nc,2019-05-25 18:00:00,1
s3://nasa-surya-bench/2019/05/20190526_0000.nc,2019-05-26 00:00:00,1
s3://nasa-surya-bench/2019/05/20190526_0600.nc,2019-05-26 06:00:00,1
s3://nasa-surya-bench/2019/05/20190526_1200.nc,2019-05-26 12:00:00,1
s3://nasa-surya-bench/2019/05/20190526_1800.nc,2019-05-26 18:00:00,1
s3://nasa-surya-bench/2019/05/20190527_0000.nc,2019-05-27 00:00:00,1
s3://nasa-surya-bench/2019/05/20190527_0600.nc,2019-05-27 06:00:00,1
s3://nasa-surya-bench/2019/05/20190527_1200.nc,2019-05-27 12:00:00,1
s3://nasa-surya-bench/2019/05/20190527_1800.nc,2019-05-27 18:00:00,1
s3://nasa-surya-bench/2019/05/20190528_0000.nc,2019-05-28 00:00:00,1
s3://nasa-surya-bench/2019/05/20190528_0600.nc,2019-05-28 06:00:00,1
s3://nasa-surya-bench/2019/05/20190528_1200.nc,2019-05-28 12:00:00,1
s3://nasa-surya-bench/2019/05/20190528_1800.nc,2019-05-28 18:00:00,1
s3://nasa-surya-bench/2019/05/20190530_0000.nc,2019-05-30 00:00:00,1
s3://nasa-surya-bench/2019/05/20190530_0600.nc,2019-05-30 06:00:00,1
s3://nasa-surya-bench/2019/05/20190530_1200.nc,2019-05-30 12:00:00,1
s3://nasa-surya-bench/2019/05/20190530_1800.nc,2019-05-30 18:00:00,1
s3://nasa-surya-bench/2019/05/20190531_0000.nc,2019-05-31 00:00:00,1
s3://nasa-surya-bench/2019/05/20190531_0600.nc,2019-05-31 06:00:00,1
s3://nasa-surya-bench/2019/05/20190531_1200.nc,2019-05-31 12:00:00,1
s3://nasa-surya-bench/2019/05/20190531_1800.nc,2019-05-31 18:00:00,1
s3://nasa-surya-bench/2019/06/20190601_0000.nc,2019-06-01 00:00:00,1
s3://nasa-surya-bench/2019/06/20190601_0600.nc,2019-06-01 06:00:00,1
s3://nasa-surya-bench/2019/06/20190601_1200.nc,2019-06-01 12:00:00,1
s3://nasa-surya-bench/2019/06/20190601_1800.nc,2019-06-01 18:00:00,1
s3://nasa-surya-bench/2019/06/20190602_0000.nc,2019-06-02 00:00:00,1
s3://nasa-surya-bench/2019/06/20190602_0600.nc,2019-06-02 06:00:00,1
s3://nasa-surya-bench/2019/06/20190602_1200.nc,2019-06-02 12:00:00,1
s3://nasa-surya-bench/2019/06/20190602_1800.nc,2019-06-02 18:00:00,1
s3://nasa-surya-bench/2019/06/20190603_0000.nc,2019-06-03 00:00:00,1
s3://nasa-surya-bench/2019/06/20190603_0600.nc,2019-06-03 06:00:00,1
s3://nasa-surya-bench/2019/06/20190603_1200.nc,2019-06-03 12:00:00,1
s3://nasa-surya-bench/2019/06/20190603_1800.nc,2019-06-03 18:00:00,1
s3://nasa-surya-bench/2019/06/20190604_0000.nc,2019-06-04 00:00:00,1
s3://nasa-surya-bench/2019/06/20190604_0600.nc,2019-06-04 06:00:00,1
s3://nasa-surya-bench/2019/06/20190604_1200.nc,2019-06-04 12:00:00,1
s3://nasa-surya-bench/2019/06/20190604_1800.nc,2019-06-04 18:00:00,1
s3://nasa-surya-bench/2019/06/20190605_0000.nc,2019-06-05 00:00:00,1
s3://nasa-surya-bench/2019/06/20190605_0600.nc,2019-06-05 06:00:00,1
s3://nasa-surya-bench/2019/06/20190605_1200.nc,2019-06-05 12:00:00,1
s3://nasa-surya-bench/2019/06/20190605_1800.nc,2019-06-05 18:00:00,1
s3://nasa-surya-bench/2019/06/20190606_0000.nc,2019-06-06 00:00:00,1
s3://nasa-surya-bench/2019/06/20190606_0600.nc,2019-06-06 06:00:00,1
s3://nasa-surya-bench/2019/06/20190606_1200.nc,2019-06-06 12:00:00,1
s3://nasa-surya-bench/2019/06/20190606_1800.nc,2019-06-06 18:00:00,1
s3://nasa-surya-bench/2019/06/20190607_0000.nc,2019-06-07 00:00:00,1
s3://nasa-surya-bench/2019/06/20190607_0600.nc,2019-06-07 06:00:00,1
s3://nasa-surya-bench/2019/06/20190607_1200.nc,2019-06-07 12:00:00,1
s3://nasa-surya-bench/2019/06/20190607_1800.nc,2019-06-07 18:00:00,1
s3://nasa-surya-bench/2019/06/20190608_0000.nc,2019-06-08 00:00:00,1
s3://nasa-surya-bench/2019/06/20190608_0600.nc,2019-06-08 06:00:00,1
s3://nasa-surya-bench/2019/06/20190608_1200.nc,2019-06-08 12:00:00,1
s3://nasa-surya-bench/2019/06/20190608_1800.nc,2019-06-08 18:00:00,1
s3://nasa-surya-bench/2019/06/20190609_0000.nc,2019-06-09 00:00:00,1
s3://nasa-surya-bench/2019/06/20190609_0600.nc,2019-06-09 06:00:00,1
s3://nasa-surya-bench/2019/06/20190609_1200.nc,2019-06-09 12:00:00,1
s3://nasa-surya-bench/2019/06/20190609_1800.nc,2019-06-09 18:00:00,1
s3://nasa-surya-bench/2019/06/20190610_0000.nc,2019-06-10 00:00:00,1
s3://nasa-surya-bench/2019/06/20190610_0600.nc,2019-06-10 06:00:00,1
s3://nasa-surya-bench/2019/06/20190610_1200.nc,2019-06-10 12:00:00,1
s3://nasa-surya-bench/2019/06/20190610_1800.nc,2019-06-10 18:00:00,1
s3://nasa-surya-bench/2019/06/20190611_0000.nc,2019-06-11 00:00:00,1
s3://nasa-surya-bench/2019/06/20190611_0600.nc,2019-06-11 06:00:00,1
s3://nasa-surya-bench/2019/06/20190611_1200.nc,2019-06-11 12:00:00,1
s3://nasa-surya-bench/2019/06/20190611_1800.nc,2019-06-11 18:00:00,1
s3://nasa-surya-bench/2019/06/20190612_0000.nc,2019-06-12 00:00:00,1
s3://nasa-surya-bench/2019/06/20190612_0600.nc,2019-06-12 06:00:00,1
s3://nasa-surya-bench/2019/06/20190612_1200.nc,2019-06-12 12:00:00,1
s3://nasa-surya-bench/2019/06/20190612_1800.nc,2019-06-12 18:00:00,1
s3://nasa-surya-bench/2019/06/20190613_0000.nc,2019-06-13 00:00:00,1
s3://nasa-surya-bench/2019/06/20190613_0600.nc,2019-06-13 06:00:00,1
s3://nasa-surya-bench/2019/06/20190613_1200.nc,2019-06-13 12:00:00,1
s3://nasa-surya-bench/2019/06/20190613_1800.nc,2019-06-13 18:00:00,1
s3://nasa-surya-bench/2019/06/20190614_0000.nc,2019-06-14 00:00:00,1
s3://nasa-surya-bench/2019/06/20190614_0600.nc,2019-06-14 06:00:00,1
s3://nasa-surya-bench/2019/06/20190614_1200.nc,2019-06-14 12:00:00,1
s3://nasa-surya-bench/2019/06/20190614_1800.nc,2019-06-14 18:00:00,1
s3://nasa-surya-bench/2019/06/20190615_0000.nc,2019-06-15 00:00:00,1
s3://nasa-surya-bench/2019/06/20190615_0600.nc,2019-06-15 06:00:00,1
s3://nasa-surya-bench/2019/06/20190615_1200.nc,2019-06-15 12:00:00,1
s3://nasa-surya-bench/2019/06/20190615_1800.nc,2019-06-15 18:00:00,1
s3://nasa-surya-bench/2019/06/20190616_0000.nc,2019-06-16 00:00:00,1
s3://nasa-surya-bench/2019/06/20190616_0600.nc,2019-06-16 06:00:00,1
s3://nasa-surya-bench/2019/06/20190616_1200.nc,2019-06-16 12:00:00,1
s3://nasa-surya-bench/2019/06/20190616_1800.nc,2019-06-16 18:00:00,1
s3://nasa-surya-bench/2019/06/20190617_0000.nc,2019-06-17 00:00:00,1
s3://nasa-surya-bench/2019/06/20190617_0600.nc,2019-06-17 06:00:00,1
s3://nasa-surya-bench/2019/06/20190617_1200.nc,2019-06-17 12:00:00,1
s3://nasa-surya-bench/2019/06/20190617_1800.nc,2019-06-17 18:00:00,1
s3://nasa-surya-bench/2019/06/20190618_0000.nc,2019-06-18 00:00:00,1
s3://nasa-surya-bench/2019/06/20190618_0600.nc,2019-06-18 06:00:00,1
s3://nasa-surya-bench/2019/06/20190618_1200.nc,2019-06-18 12:00:00,1
s3://nasa-surya-bench/2019/06/20190618_1800.nc,2019-06-18 18:00:00,1
s3://nasa-surya-bench/2019/06/20190619_0000.nc,2019-06-19 00:00:00,1
s3://nasa-surya-bench/2019/06/20190619_0600.nc,2019-06-19 06:00:00,1
s3://nasa-surya-bench/2019/06/20190619_1200.nc,2019-06-19 12:00:00,1
s3://nasa-surya-bench/2019/06/20190619_1800.nc,2019-06-19 18:00:00,1
s3://nasa-surya-bench/2019/06/20190620_0000.nc,2019-06-20 00:00:00,1
s3://nasa-surya-bench/2019/06/20190620_0600.nc,2019-06-20 06:00:00,1
s3://nasa-surya-bench/2019/06/20190620_1200.nc,2019-06-20 12:00:00,1
s3://nasa-surya-bench/2019/06/20190620_1800.nc,2019-06-20 18:00:00,1
s3://nasa-surya-bench/2019/06/20190621_0000.nc,2019-06-21 00:00:00,1
s3://nasa-surya-bench/2019/06/20190621_0600.nc,2019-06-21 06:00:00,1
s3://nasa-surya-bench/2019/06/20190621_1200.nc,2019-06-21 12:00:00,1
s3://nasa-surya-bench/2019/06/20190621_1800.nc,2019-06-21 18:00:00,1
s3://nasa-surya-bench/2019/06/20190622_0000.nc,2019-06-22 00:00:00,1
s3://nasa-surya-bench/2019/06/20190622_0600.nc,2019-06-22 06:00:00,1
s3://nasa-surya-bench/2019/06/20190622_1200.nc,2019-06-22 12:00:00,1
s3://nasa-surya-bench/2019/06/20190622_1800.nc,2019-06-22 18:00:00,1
s3://nasa-surya-bench/2019/06/20190623_0000.nc,2019-06-23 00:00:00,1
s3://nasa-surya-bench/2019/06/20190623_0600.nc,2019-06-23 06:00:00,1
s3://nasa-surya-bench/2019/06/20190623_1200.nc,2019-06-23 12:00:00,1
s3://nasa-surya-bench/2019/06/20190623_1800.nc,2019-06-23 18:00:00,1
s3://nasa-surya-bench/2019/06/20190624_0000.nc,2019-06-24 00:00:00,1
s3://nasa-surya-bench/2019/06/20190624_0600.nc,2019-06-24 06:00:00,1
s3://nasa-surya-bench/2019/06/20190624_1200.nc,2019-06-24 12:00:00,1
s3://nasa-surya-bench/2019/06/20190624_1800.nc,2019-06-24 18:00:00,1
s3://nasa-surya-bench/2019/06/20190625_0000.nc,2019-06-25 00:00:00,1
s3://nasa-surya-bench/2019/06/20190625_0600.nc,2019-06-25 06:00:00,1
s3://nasa-surya-bench/2019/06/20190625_1200.nc,2019-06-25 12:00:00,1
s3://nasa-surya-bench/2019/06/20190625_1800.nc,2019-06-25 18:00:00,1
s3://nasa-surya-bench/2019/06/20190626_0000.nc,2019-06-26 00:00:00,1
s3://nasa-surya-bench/2019/06/20190626_0600.nc,2019-06-26 06:00:00,1
s3://nasa-surya-bench/2019/06/20190626_1200.nc,2019-06-26 12:00:00,1
s3://nasa-surya-bench/2019/06/20190626_1800.nc,2019-06-26 18:00:00,1
s3://nasa-surya-bench/2019/06/20190627_0000.nc,2019-06-27 00:00:00,1
s3://nasa-surya-bench/2019/06/20190627_0600.nc,2019-06-27 06:00:00,1
s3://nasa-surya-bench/2019/06/20190627_1200.nc,2019-06-27 12:00:00,1
s3://nasa-surya-bench/2019/06/20190627_1800.nc,2019-06-27 18:00:00,1
s3://nasa-surya-bench/2019/06/20190628_0000.nc,2019-06-28 00:00:00,1
s3://nasa-surya-bench/2019/06/20190628_0600.nc,2019-06-28 06:00:00,1
s3://nasa-surya-bench/2019/06/20190628_1200.nc,2019-06-28 12:00:00,1
s3://nasa-surya-bench/2019/06/20190628_1800.nc,2019-06-28 18:00:00,1
s3://nasa-surya-bench/2019/06/20190629_0000.nc,2019-06-29 00:00:00,1
s3://nasa-surya-bench/2019/06/20190629_0600.nc,2019-06-29 06:00:00,1
s3://nasa-surya-bench/2019/06/20190629_1200.nc,2019-06-29 12:00:00,1
s3://nasa-surya-bench/2019/06/20190629_1800.nc,2019-06-29 18:00:00,1
s3://nasa-surya-bench/2019/06/20190630_0000.nc,2019-06-30 00:00:00,1
s3://nasa-surya-bench/2019/06/20190630_0600.nc,2019-06-30 06:00:00,1
s3://nasa-surya-bench/2019/06/20190630_1200.nc,2019-06-30 12:00:00,1
s3://nasa-surya-bench/2019/06/20190630_1800.nc,2019-06-30 18:00:00,1
s3://nasa-surya-bench/2019/07/20190701_0000.nc,2019-07-01 00:00:00,1
s3://nasa-surya-bench/2019/07/20190701_0600.nc,2019-07-01 06:00:00,1
s3://nasa-surya-bench/2019/07/20190701_1200.nc,2019-07-01 12:00:00,1
s3://nasa-surya-bench/2019/07/20190701_1800.nc,2019-07-01 18:00:00,1
s3://nasa-surya-bench/2019/07/20190702_0000.nc,2019-07-02 00:00:00,1
s3://nasa-surya-bench/2019/07/20190702_0600.nc,2019-07-02 06:00:00,1
s3://nasa-surya-bench/2019/07/20190702_1200.nc,2019-07-02 12:00:00,1
s3://nasa-surya-bench/2019/07/20190702_1800.nc,2019-07-02 18:00:00,1
s3://nasa-surya-bench/2019/07/20190703_0000.nc,2019-07-03 00:00:00,1
s3://nasa-surya-bench/2019/07/20190703_0600.nc,2019-07-03 06:00:00,1
s3://nasa-surya-bench/2019/07/20190703_1200.nc,2019-07-03 12:00:00,1
s3://nasa-surya-bench/2019/07/20190704_0000.nc,2019-07-04 00:00:00,1
s3://nasa-surya-bench/2019/07/20190704_0600.nc,2019-07-04 06:00:00,1
s3://nasa-surya-bench/2019/07/20190704_1200.nc,2019-07-04 12:00:00,1
s3://nasa-surya-bench/2019/07/20190704_1800.nc,2019-07-04 18:00:00,1
s3://nasa-surya-bench/2019/07/20190705_0000.nc,2019-07-05 00:00:00,1
s3://nasa-surya-bench/2019/07/20190705_0600.nc,2019-07-05 06:00:00,1
s3://nasa-surya-bench/2019/07/20190705_1200.nc,2019-07-05 12:00:00,1
s3://nasa-surya-bench/2019/07/20190705_1800.nc,2019-07-05 18:00:00,1
s3://nasa-surya-bench/2019/07/20190706_0000.nc,2019-07-06 00:00:00,1
s3://nasa-surya-bench/2019/07/20190706_0600.nc,2019-07-06 06:00:00,1
s3://nasa-surya-bench/2019/07/20190706_1200.nc,2019-07-06 12:00:00,1
s3://nasa-surya-bench/2019/07/20190706_1800.nc,2019-07-06 18:00:00,1
s3://nasa-surya-bench/2019/07/20190707_0000.nc,2019-07-07 00:00:00,1
s3://nasa-surya-bench/2019/07/20190707_0600.nc,2019-07-07 06:00:00,1
s3://nasa-surya-bench/2019/07/20190707_1200.nc,2019-07-07 12:00:00,1
s3://nasa-surya-bench/2019/07/20190707_1800.nc,2019-07-07 18:00:00,1
s3://nasa-surya-bench/2019/07/20190708_0000.nc,2019-07-08 00:00:00,1
s3://nasa-surya-bench/2019/07/20190708_0600.nc,2019-07-08 06:00:00,1
s3://nasa-surya-bench/2019/07/20190708_1200.nc,2019-07-08 12:00:00,1
s3://nasa-surya-bench/2019/07/20190708_1800.nc,2019-07-08 18:00:00,1
s3://nasa-surya-bench/2019/07/20190709_0000.nc,2019-07-09 00:00:00,1
s3://nasa-surya-bench/2019/07/20190709_0600.nc,2019-07-09 06:00:00,1
s3://nasa-surya-bench/2019/07/20190709_1200.nc,2019-07-09 12:00:00,1
s3://nasa-surya-bench/2019/07/20190709_1800.nc,2019-07-09 18:00:00,1
s3://nasa-surya-bench/2019/07/20190710_0000.nc,2019-07-10 00:00:00,1
s3://nasa-surya-bench/2019/07/20190710_0600.nc,2019-07-10 06:00:00,1
s3://nasa-surya-bench/2019/07/20190710_1200.nc,2019-07-10 12:00:00,1
s3://nasa-surya-bench/2019/07/20190710_1800.nc,2019-07-10 18:00:00,1
s3://nasa-surya-bench/2019/07/20190711_0000.nc,2019-07-11 00:00:00,1
s3://nasa-surya-bench/2019/07/20190711_0600.nc,2019-07-11 06:00:00,1
s3://nasa-surya-bench/2019/07/20190711_1200.nc,2019-07-11 12:00:00,1
s3://nasa-surya-bench/2019/07/20190711_1800.nc,2019-07-11 18:00:00,1
s3://nasa-surya-bench/2019/07/20190712_0000.nc,2019-07-12 00:00:00,1
s3://nasa-surya-bench/2019/07/20190712_0600.nc,2019-07-12 06:00:00,1
s3://nasa-surya-bench/2019/07/20190712_1200.nc,2019-07-12 12:00:00,1
s3://nasa-surya-bench/2019/07/20190712_1800.nc,2019-07-12 18:00:00,1
s3://nasa-surya-bench/2019/07/20190713_0000.nc,2019-07-13 00:00:00,1
s3://nasa-surya-bench/2019/07/20190713_0600.nc,2019-07-13 06:00:00,1
s3://nasa-surya-bench/2019/07/20190713_1200.nc,2019-07-13 12:00:00,1
s3://nasa-surya-bench/2019/07/20190713_1800.nc,2019-07-13 18:00:00,1
s3://nasa-surya-bench/2019/07/20190714_0000.nc,2019-07-14 00:00:00,1
s3://nasa-surya-bench/2019/07/20190714_0600.nc,2019-07-14 06:00:00,1
s3://nasa-surya-bench/2019/07/20190714_1200.nc,2019-07-14 12:00:00,1
s3://nasa-surya-bench/2019/07/20190714_1800.nc,2019-07-14 18:00:00,1
s3://nasa-surya-bench/2019/07/20190715_0000.nc,2019-07-15 00:00:00,1
s3://nasa-surya-bench/2019/07/20190715_0600.nc,2019-07-15 06:00:00,1
s3://nasa-surya-bench/2019/07/20190715_1200.nc,2019-07-15 12:00:00,1
s3://nasa-surya-bench/2019/07/20190715_1800.nc,2019-07-15 18:00:00,1
s3://nasa-surya-bench/2019/07/20190716_0000.nc,2019-07-16 00:00:00,1
s3://nasa-surya-bench/2019/07/20190716_0600.nc,2019-07-16 06:00:00,1
s3://nasa-surya-bench/2019/07/20190716_1200.nc,2019-07-16 12:00:00,1
s3://nasa-surya-bench/2019/07/20190716_1800.nc,2019-07-16 18:00:00,1
s3://nasa-surya-bench/2019/07/20190717_0000.nc,2019-07-17 00:00:00,1
s3://nasa-surya-bench/2019/07/20190717_0600.nc,2019-07-17 06:00:00,1
s3://nasa-surya-bench/2019/07/20190717_1200.nc,2019-07-17 12:00:00,1
s3://nasa-surya-bench/2019/07/20190718_0000.nc,2019-07-18 00:00:00,1
s3://nasa-surya-bench/2019/07/20190718_0600.nc,2019-07-18 06:00:00,1
s3://nasa-surya-bench/2019/07/20190718_1200.nc,2019-07-18 12:00:00,1
s3://nasa-surya-bench/2019/07/20190718_1800.nc,2019-07-18 18:00:00,1
s3://nasa-surya-bench/2019/07/20190719_0000.nc,2019-07-19 00:00:00,1
s3://nasa-surya-bench/2019/07/20190719_0600.nc,2019-07-19 06:00:00,1
s3://nasa-surya-bench/2019/07/20190719_1200.nc,2019-07-19 12:00:00,1
s3://nasa-surya-bench/2019/07/20190719_1800.nc,2019-07-19 18:00:00,1
s3://nasa-surya-bench/2019/07/20190720_0000.nc,2019-07-20 00:00:00,1
s3://nasa-surya-bench/2019/07/20190720_0600.nc,2019-07-20 06:00:00,1
s3://nasa-surya-bench/2019/07/20190720_1200.nc,2019-07-20 12:00:00,1
s3://nasa-surya-bench/2019/07/20190720_1800.nc,2019-07-20 18:00:00,1
s3://nasa-surya-bench/2019/07/20190721_0000.nc,2019-07-21 00:00:00,1
s3://nasa-surya-bench/2019/07/20190721_0600.nc,2019-07-21 06:00:00,1
s3://nasa-surya-bench/2019/07/20190721_1200.nc,2019-07-21 12:00:00,1
s3://nasa-surya-bench/2019/07/20190721_1800.nc,2019-07-21 18:00:00,1
s3://nasa-surya-bench/2019/07/20190722_0000.nc,2019-07-22 00:00:00,1
s3://nasa-surya-bench/2019/07/20190722_0600.nc,2019-07-22 06:00:00,1
s3://nasa-surya-bench/2019/07/20190722_1200.nc,2019-07-22 12:00:00,1
s3://nasa-surya-bench/2019/07/20190722_1800.nc,2019-07-22 18:00:00,1
s3://nasa-surya-bench/2019/07/20190723_0000.nc,2019-07-23 00:00:00,1
s3://nasa-surya-bench/2019/07/20190723_0600.nc,2019-07-23 06:00:00,1
s3://nasa-surya-bench/2019/07/20190723_1200.nc,2019-07-23 12:00:00,1
s3://nasa-surya-bench/2019/07/20190723_1800.nc,2019-07-23 18:00:00,1
s3://nasa-surya-bench/2019/07/20190724_0000.nc,2019-07-24 00:00:00,1
s3://nasa-surya-bench/2019/07/20190724_0600.nc,2019-07-24 06:00:00,1
s3://nasa-surya-bench/2019/07/20190724_1800.nc,2019-07-24 18:00:00,1
s3://nasa-surya-bench/2019/07/20190725_0000.nc,2019-07-25 00:00:00,1
s3://nasa-surya-bench/2019/07/20190725_0600.nc,2019-07-25 06:00:00,1
s3://nasa-surya-bench/2019/07/20190725_1200.nc,2019-07-25 12:00:00,1
s3://nasa-surya-bench/2019/07/20190725_1800.nc,2019-07-25 18:00:00,1
s3://nasa-surya-bench/2019/07/20190726_0000.nc,2019-07-26 00:00:00,1
s3://nasa-surya-bench/2019/07/20190726_0600.nc,2019-07-26 06:00:00,1
s3://nasa-surya-bench/2019/07/20190726_1200.nc,2019-07-26 12:00:00,1
s3://nasa-surya-bench/2019/07/20190726_1800.nc,2019-07-26 18:00:00,1
s3://nasa-surya-bench/2019/07/20190727_0000.nc,2019-07-27 00:00:00,1
s3://nasa-surya-bench/2019/07/20190727_0600.nc,2019-07-27 06:00:00,1
s3://nasa-surya-bench/2019/07/20190727_1200.nc,2019-07-27 12:00:00,1
s3://nasa-surya-bench/2019/07/20190727_1800.nc,2019-07-27 18:00:00,1
s3://nasa-surya-bench/2019/07/20190728_0000.nc,2019-07-28 00:00:00,1
s3://nasa-surya-bench/2019/07/20190728_0600.nc,2019-07-28 06:00:00,1
s3://nasa-surya-bench/2019/07/20190728_1200.nc,2019-07-28 12:00:00,1
s3://nasa-surya-bench/2019/07/20190728_1800.nc,2019-07-28 18:00:00,1
s3://nasa-surya-bench/2019/07/20190729_0000.nc,2019-07-29 00:00:00,1
s3://nasa-surya-bench/2019/07/20190729_0600.nc,2019-07-29 06:00:00,1
s3://nasa-surya-bench/2019/07/20190729_1200.nc,2019-07-29 12:00:00,1
s3://nasa-surya-bench/2019/07/20190729_1800.nc,2019-07-29 18:00:00,1
s3://nasa-surya-bench/2019/07/20190730_0000.nc,2019-07-30 00:00:00,1
s3://nasa-surya-bench/2019/07/20190730_0600.nc,2019-07-30 06:00:00,1
s3://nasa-surya-bench/2019/07/20190730_1200.nc,2019-07-30 12:00:00,1
s3://nasa-surya-bench/2019/07/20190730_1800.nc,2019-07-30 18:00:00,1
s3://nasa-surya-bench/2019/07/20190731_0000.nc,2019-07-31 00:00:00,1
s3://nasa-surya-bench/2019/07/20190731_0600.nc,2019-07-31 06:00:00,1
s3://nasa-surya-bench/2019/07/20190731_1200.nc,2019-07-31 12:00:00,1
s3://nasa-surya-bench/2019/07/20190731_1800.nc,2019-07-31 18:00:00,1
s3://nasa-surya-bench/2019/08/20190801_0000.nc,2019-08-01 00:00:00,1
s3://nasa-surya-bench/2019/08/20190801_0600.nc,2019-08-01 06:00:00,1
s3://nasa-surya-bench/2019/08/20190801_1200.nc,2019-08-01 12:00:00,1
s3://nasa-surya-bench/2019/08/20190801_1800.nc,2019-08-01 18:00:00,1
s3://nasa-surya-bench/2019/08/20190802_0000.nc,2019-08-02 00:00:00,1
s3://nasa-surya-bench/2019/08/20190802_0600.nc,2019-08-02 06:00:00,1
s3://nasa-surya-bench/2019/08/20190802_1200.nc,2019-08-02 12:00:00,1
s3://nasa-surya-bench/2019/08/20190802_1800.nc,2019-08-02 18:00:00,1
s3://nasa-surya-bench/2019/08/20190803_0000.nc,2019-08-03 00:00:00,1
s3://nasa-surya-bench/2019/08/20190803_0600.nc,2019-08-03 06:00:00,1
s3://nasa-surya-bench/2019/08/20190803_1200.nc,2019-08-03 12:00:00,1
s3://nasa-surya-bench/2019/08/20190803_1800.nc,2019-08-03 18:00:00,1
s3://nasa-surya-bench/2019/08/20190804_0000.nc,2019-08-04 00:00:00,1
s3://nasa-surya-bench/2019/08/20190804_0600.nc,2019-08-04 06:00:00,1
s3://nasa-surya-bench/2019/08/20190804_1200.nc,2019-08-04 12:00:00,1
s3://nasa-surya-bench/2019/08/20190804_1800.nc,2019-08-04 18:00:00,1
s3://nasa-surya-bench/2019/08/20190805_0000.nc,2019-08-05 00:00:00,1
s3://nasa-surya-bench/2019/08/20190805_0600.nc,2019-08-05 06:00:00,1
s3://nasa-surya-bench/2019/08/20190805_1200.nc,2019-08-05 12:00:00,1
s3://nasa-surya-bench/2019/08/20190805_1800.nc,2019-08-05 18:00:00,1
s3://nasa-surya-bench/2019/08/20190806_0000.nc,2019-08-06 00:00:00,1
s3://nasa-surya-bench/2019/08/20190806_0600.nc,2019-08-06 06:00:00,1
s3://nasa-surya-bench/2019/08/20190806_1200.nc,2019-08-06 12:00:00,1
s3://nasa-surya-bench/2019/08/20190806_1800.nc,2019-08-06 18:00:00,1
s3://nasa-surya-bench/2019/08/20190807_0000.nc,2019-08-07 00:00:00,1
s3://nasa-surya-bench/2019/08/20190807_0600.nc,2019-08-07 06:00:00,1
s3://nasa-surya-bench/2019/08/20190807_1200.nc,2019-08-07 12:00:00,1
s3://nasa-surya-bench/2019/08/20190807_1800.nc,2019-08-07 18:00:00,1
s3://nasa-surya-bench/2019/08/20190808_0000.nc,2019-08-08 00:00:00,1
s3://nasa-surya-bench/2019/08/20190808_0600.nc,2019-08-08 06:00:00,1
s3://nasa-surya-bench/2019/08/20190808_1200.nc,2019-08-08 12:00:00,1
s3://nasa-surya-bench/2019/08/20190808_1800.nc,2019-08-08 18:00:00,1
s3://nasa-surya-bench/2019/08/20190809_0000.nc,2019-08-09 00:00:00,1
s3://nasa-surya-bench/2019/08/20190809_0600.nc,2019-08-09 06:00:00,1
s3://nasa-surya-bench/2019/08/20190809_1200.nc,2019-08-09 12:00:00,1
s3://nasa-surya-bench/2019/08/20190809_1800.nc,2019-08-09 18:00:00,1
s3://nasa-surya-bench/2019/08/20190810_0000.nc,2019-08-10 00:00:00,1
s3://nasa-surya-bench/2019/08/20190810_0600.nc,2019-08-10 06:00:00,1
s3://nasa-surya-bench/2019/08/20190810_1200.nc,2019-08-10 12:00:00,1
s3://nasa-surya-bench/2019/08/20190810_1800.nc,2019-08-10 18:00:00,1
s3://nasa-surya-bench/2019/08/20190811_0000.nc,2019-08-11 00:00:00,1
s3://nasa-surya-bench/2019/08/20190811_0600.nc,2019-08-11 06:00:00,1
s3://nasa-surya-bench/2019/08/20190811_1200.nc,2019-08-11 12:00:00,1
s3://nasa-surya-bench/2019/08/20190811_1800.nc,2019-08-11 18:00:00,1
s3://nasa-surya-bench/2019/08/20190812_0000.nc,2019-08-12 00:00:00,1
s3://nasa-surya-bench/2019/08/20190812_0600.nc,2019-08-12 06:00:00,1
s3://nasa-surya-bench/2019/08/20190812_1200.nc,2019-08-12 12:00:00,1
s3://nasa-surya-bench/2019/08/20190812_1800.nc,2019-08-12 18:00:00,1
s3://nasa-surya-bench/2019/08/20190813_0000.nc,2019-08-13 00:00:00,1
s3://nasa-surya-bench/2019/08/20190813_0600.nc,2019-08-13 06:00:00,1
s3://nasa-surya-bench/2019/08/20190813_1200.nc,2019-08-13 12:00:00,1
s3://nasa-surya-bench/2019/08/20190813_1800.nc,2019-08-13 18:00:00,1
s3://nasa-surya-bench/2019/08/20190814_0000.nc,2019-08-14 00:00:00,1
s3://nasa-surya-bench/2019/09/20190914_1200.nc,2019-09-14 12:00:00,1
s3://nasa-surya-bench/2019/09/20190914_1800.nc,2019-09-14 18:00:00,1
s3://nasa-surya-bench/2019/09/20190915_0000.nc,2019-09-15 00:00:00,1
s3://nasa-surya-bench/2019/09/20190915_0600.nc,2019-09-15 06:00:00,1
s3://nasa-surya-bench/2019/09/20190915_1200.nc,2019-09-15 12:00:00,1
s3://nasa-surya-bench/2019/09/20190915_1800.nc,2019-09-15 18:00:00,1
s3://nasa-surya-bench/2019/09/20190916_0000.nc,2019-09-16 00:00:00,1
s3://nasa-surya-bench/2019/09/20190916_0600.nc,2019-09-16 06:00:00,1
s3://nasa-surya-bench/2019/09/20190916_1200.nc,2019-09-16 12:00:00,1
s3://nasa-surya-bench/2019/09/20190916_1800.nc,2019-09-16 18:00:00,1
s3://nasa-surya-bench/2019/09/20190917_0000.nc,2019-09-17 00:00:00,1
s3://nasa-surya-bench/2019/09/20190917_0600.nc,2019-09-17 06:00:00,1
s3://nasa-surya-bench/2019/09/20190917_1200.nc,2019-09-17 12:00:00,1
s3://nasa-surya-bench/2019/09/20190917_1800.nc,2019-09-17 18:00:00,1
s3://nasa-surya-bench/2019/09/20190918_0000.nc,2019-09-18 00:00:00,1
s3://nasa-surya-bench/2019/09/20190918_0600.nc,2019-09-18 06:00:00,1
s3://nasa-surya-bench/2019/09/20190918_1200.nc,2019-09-18 12:00:00,1
s3://nasa-surya-bench/2019/09/20190918_1800.nc,2019-09-18 18:00:00,1
s3://nasa-surya-bench/2019/09/20190919_0000.nc,2019-09-19 00:00:00,1
s3://nasa-surya-bench/2019/09/20190919_0600.nc,2019-09-19 06:00:00,1
s3://nasa-surya-bench/2019/09/20190919_1200.nc,2019-09-19 12:00:00,1
s3://nasa-surya-bench/2019/09/20190919_1800.nc,2019-09-19 18:00:00,1
s3://nasa-surya-bench/2019/09/20190920_0000.nc,2019-09-20 00:00:00,1
s3://nasa-surya-bench/2019/09/20190920_0600.nc,2019-09-20 06:00:00,1
s3://nasa-surya-bench/2019/09/20190920_1200.nc,2019-09-20 12:00:00,1
s3://nasa-surya-bench/2019/09/20190920_1800.nc,2019-09-20 18:00:00,1
s3://nasa-surya-bench/2019/09/20190921_0000.nc,2019-09-21 00:00:00,1
s3://nasa-surya-bench/2019/09/20190921_0600.nc,2019-09-21 06:00:00,1
s3://nasa-surya-bench/2019/09/20190921_1200.nc,2019-09-21 12:00:00,1
s3://nasa-surya-bench/2019/09/20190921_1800.nc,2019-09-21 18:00:00,1
s3://nasa-surya-bench/2019/09/20190922_0000.nc,2019-09-22 00:00:00,1
s3://nasa-surya-bench/2019/09/20190922_0600.nc,2019-09-22 06:00:00,1
s3://nasa-surya-bench/2019/09/20190922_1200.nc,2019-09-22 12:00:00,1
s3://nasa-surya-bench/2019/09/20190922_1800.nc,2019-09-22 18:00:00,1
s3://nasa-surya-bench/2019/09/20190923_0000.nc,2019-09-23 00:00:00,1
s3://nasa-surya-bench/2019/09/20190923_0600.nc,2019-09-23 06:00:00,1
s3://nasa-surya-bench/2019/09/20190923_1200.nc,2019-09-23 12:00:00,1
s3://nasa-surya-bench/2019/09/20190923_1800.nc,2019-09-23 18:00:00,1
s3://nasa-surya-bench/2019/09/20190924_0000.nc,2019-09-24 00:00:00,1
s3://nasa-surya-bench/2019/09/20190924_0600.nc,2019-09-24 06:00:00,1
s3://nasa-surya-bench/2019/09/20190924_1200.nc,2019-09-24 12:00:00,1
s3://nasa-surya-bench/2019/09/20190924_1800.nc,2019-09-24 18:00:00,1
s3://nasa-surya-bench/2019/09/20190925_0000.nc,2019-09-25 00:00:00,1
s3://nasa-surya-bench/2019/09/20190925_0600.nc,2019-09-25 06:00:00,1
s3://nasa-surya-bench/2019/09/20190925_1200.nc,2019-09-25 12:00:00,1
s3://nasa-surya-bench/2019/09/20190925_1800.nc,2019-09-25 18:00:00,1
s3://nasa-surya-bench/2019/09/20190926_0000.nc,2019-09-26 00:00:00,1
s3://nasa-surya-bench/2019/09/20190926_0600.nc,2019-09-26 06:00:00,1
s3://nasa-surya-bench/2019/09/20190926_1200.nc,2019-09-26 12:00:00,1
s3://nasa-surya-bench/2019/09/20190926_1800.nc,2019-09-26 18:00:00,1
s3://nasa-surya-bench/2019/09/20190927_0000.nc,2019-09-27 00:00:00,1
s3://nasa-surya-bench/2019/09/20190927_0600.nc,2019-09-27 06:00:00,1
s3://nasa-surya-bench/2019/09/20190927_1200.nc,2019-09-27 12:00:00,1
s3://nasa-surya-bench/2019/09/20190927_1800.nc,2019-09-27 18:00:00,1
s3://nasa-surya-bench/2019/09/20190928_0000.nc,2019-09-28 00:00:00,1
s3://nasa-surya-bench/2019/09/20190928_0600.nc,2019-09-28 06:00:00,1
s3://nasa-surya-bench/2019/09/20190928_1200.nc,2019-09-28 12:00:00,1
s3://nasa-surya-bench/2019/09/20190928_1800.nc,2019-09-28 18:00:00,1
s3://nasa-surya-bench/2019/09/20190929_0000.nc,2019-09-29 00:00:00,1
s3://nasa-surya-bench/2019/09/20190929_0600.nc,2019-09-29 06:00:00,1
s3://nasa-surya-bench/2019/09/20190929_1200.nc,2019-09-29 12:00:00,1
s3://nasa-surya-bench/2019/09/20190929_1800.nc,2019-09-29 18:00:00,1
s3://nasa-surya-bench/2019/09/20190930_0000.nc,2019-09-30 00:00:00,1
s3://nasa-surya-bench/2019/09/20190930_0600.nc,2019-09-30 06:00:00,1
s3://nasa-surya-bench/2019/09/20190930_1200.nc,2019-09-30 12:00:00,1
s3://nasa-surya-bench/2019/09/20190930_1800.nc,2019-09-30 18:00:00,1
s3://nasa-surya-bench/2019/10/20191001_0000.nc,2019-10-01 00:00:00,1
s3://nasa-surya-bench/2019/10/20191001_0600.nc,2019-10-01 06:00:00,1
s3://nasa-surya-bench/2019/10/20191001_1200.nc,2019-10-01 12:00:00,1
s3://nasa-surya-bench/2019/10/20191001_1800.nc,2019-10-01 18:00:00,1
s3://nasa-surya-bench/2019/10/20191002_0000.nc,2019-10-02 00:00:00,1
s3://nasa-surya-bench/2019/10/20191002_0600.nc,2019-10-02 06:00:00,1
s3://nasa-surya-bench/2019/10/20191002_1200.nc,2019-10-02 12:00:00,1
s3://nasa-surya-bench/2019/10/20191002_1800.nc,2019-10-02 18:00:00,1
s3://nasa-surya-bench/2019/10/20191003_0000.nc,2019-10-03 00:00:00,1
s3://nasa-surya-bench/2019/10/20191003_0600.nc,2019-10-03 06:00:00,1
s3://nasa-surya-bench/2019/10/20191003_1200.nc,2019-10-03 12:00:00,1
s3://nasa-surya-bench/2019/10/20191003_1800.nc,2019-10-03 18:00:00,1
s3://nasa-surya-bench/2019/10/20191004_0000.nc,2019-10-04 00:00:00,1
s3://nasa-surya-bench/2019/10/20191004_0600.nc,2019-10-04 06:00:00,1
s3://nasa-surya-bench/2019/10/20191004_1200.nc,2019-10-04 12:00:00,1
s3://nasa-surya-bench/2019/10/20191004_1800.nc,2019-10-04 18:00:00,1
s3://nasa-surya-bench/2019/10/20191005_0000.nc,2019-10-05 00:00:00,1
s3://nasa-surya-bench/2019/10/20191005_0600.nc,2019-10-05 06:00:00,1
s3://nasa-surya-bench/2019/10/20191005_1200.nc,2019-10-05 12:00:00,1
s3://nasa-surya-bench/2019/10/20191005_1800.nc,2019-10-05 18:00:00,1
s3://nasa-surya-bench/2019/10/20191006_0000.nc,2019-10-06 00:00:00,1
s3://nasa-surya-bench/2019/10/20191006_0600.nc,2019-10-06 06:00:00,1
s3://nasa-surya-bench/2019/10/20191006_1200.nc,2019-10-06 12:00:00,1
s3://nasa-surya-bench/2019/10/20191006_1800.nc,2019-10-06 18:00:00,1
s3://nasa-surya-bench/2019/10/20191007_0000.nc,2019-10-07 00:00:00,1
s3://nasa-surya-bench/2019/10/20191007_0600.nc,2019-10-07 06:00:00,1
s3://nasa-surya-bench/2019/10/20191007_1200.nc,2019-10-07 12:00:00,1
s3://nasa-surya-bench/2019/10/20191007_1800.nc,2019-10-07 18:00:00,1
s3://nasa-surya-bench/2019/10/20191008_0000.nc,2019-10-08 00:00:00,1
s3://nasa-surya-bench/2019/10/20191008_0600.nc,2019-10-08 06:00:00,1
s3://nasa-surya-bench/2019/10/20191008_1200.nc,2019-10-08 12:00:00,1
s3://nasa-surya-bench/2019/10/20191008_1800.nc,2019-10-08 18:00:00,1
s3://nasa-surya-bench/2019/10/20191009_0000.nc,2019-10-09 00:00:00,1
s3://nasa-surya-bench/2019/10/20191009_0600.nc,2019-10-09 06:00:00,1
s3://nasa-surya-bench/2019/10/20191009_1200.nc,2019-10-09 12:00:00,1
s3://nasa-surya-bench/2019/10/20191010_0000.nc,2019-10-10 00:00:00,1
s3://nasa-surya-bench/2019/10/20191010_0600.nc,2019-10-10 06:00:00,1
s3://nasa-surya-bench/2019/10/20191010_1200.nc,2019-10-10 12:00:00,1
s3://nasa-surya-bench/2019/10/20191010_1800.nc,2019-10-10 18:00:00,1
s3://nasa-surya-bench/2019/10/20191011_0000.nc,2019-10-11 00:00:00,1
s3://nasa-surya-bench/2019/10/20191011_0600.nc,2019-10-11 06:00:00,1
s3://nasa-surya-bench/2019/10/20191011_1200.nc,2019-10-11 12:00:00,1
s3://nasa-surya-bench/2019/10/20191011_1800.nc,2019-10-11 18:00:00,1
s3://nasa-surya-bench/2019/10/20191012_0000.nc,2019-10-12 00:00:00,1
s3://nasa-surya-bench/2019/10/20191012_0600.nc,2019-10-12 06:00:00,1
s3://nasa-surya-bench/2019/10/20191012_1200.nc,2019-10-12 12:00:00,1
s3://nasa-surya-bench/2019/10/20191012_1800.nc,2019-10-12 18:00:00,1
s3://nasa-surya-bench/2019/10/20191013_0000.nc,2019-10-13 00:00:00,1
s3://nasa-surya-bench/2019/10/20191013_0600.nc,2019-10-13 06:00:00,1
s3://nasa-surya-bench/2019/10/20191013_1200.nc,2019-10-13 12:00:00,1
s3://nasa-surya-bench/2019/10/20191013_1800.nc,2019-10-13 18:00:00,1
s3://nasa-surya-bench/2019/10/20191014_0000.nc,2019-10-14 00:00:00,1
s3://nasa-surya-bench/2019/10/20191014_0600.nc,2019-10-14 06:00:00,1
s3://nasa-surya-bench/2019/10/20191014_1200.nc,2019-10-14 12:00:00,1
s3://nasa-surya-bench/2019/10/20191014_1800.nc,2019-10-14 18:00:00,1
s3://nasa-surya-bench/2019/10/20191015_0000.nc,2019-10-15 00:00:00,1
s3://nasa-surya-bench/2019/10/20191015_0600.nc,2019-10-15 06:00:00,1
s3://nasa-surya-bench/2019/10/20191015_1200.nc,2019-10-15 12:00:00,1
s3://nasa-surya-bench/2019/10/20191015_1800.nc,2019-10-15 18:00:00,1
s3://nasa-surya-bench/2019/10/20191016_0000.nc,2019-10-16 00:00:00,1
s3://nasa-surya-bench/2019/10/20191016_0600.nc,2019-10-16 06:00:00,1
s3://nasa-surya-bench/2019/10/20191016_1200.nc,2019-10-16 12:00:00,1
s3://nasa-surya-bench/2019/10/20191016_1800.nc,2019-10-16 18:00:00,1
s3://nasa-surya-bench/2019/10/20191017_0000.nc,2019-10-17 00:00:00,1
s3://nasa-surya-bench/2019/10/20191017_0600.nc,2019-10-17 06:00:00,1
s3://nasa-surya-bench/2019/10/20191017_1200.nc,2019-10-17 12:00:00,1
s3://nasa-surya-bench/2019/10/20191017_1800.nc,2019-10-17 18:00:00,1
s3://nasa-surya-bench/2019/10/20191018_0000.nc,2019-10-18 00:00:00,1
s3://nasa-surya-bench/2019/10/20191018_0600.nc,2019-10-18 06:00:00,1
s3://nasa-surya-bench/2019/10/20191018_1200.nc,2019-10-18 12:00:00,1
s3://nasa-surya-bench/2019/10/20191018_1800.nc,2019-10-18 18:00:00,1
s3://nasa-surya-bench/2019/10/20191019_0000.nc,2019-10-19 00:00:00,1
s3://nasa-surya-bench/2019/10/20191019_0600.nc,2019-10-19 06:00:00,1
s3://nasa-surya-bench/2019/10/20191019_1200.nc,2019-10-19 12:00:00,1
s3://nasa-surya-bench/2019/10/20191019_1800.nc,2019-10-19 18:00:00,1
s3://nasa-surya-bench/2019/10/20191020_0000.nc,2019-10-20 00:00:00,1
s3://nasa-surya-bench/2019/10/20191020_0600.nc,2019-10-20 06:00:00,1
s3://nasa-surya-bench/2019/10/20191020_1200.nc,2019-10-20 12:00:00,1
s3://nasa-surya-bench/2019/10/20191020_1800.nc,2019-10-20 18:00:00,1
s3://nasa-surya-bench/2019/10/20191021_0000.nc,2019-10-21 00:00:00,1
s3://nasa-surya-bench/2019/10/20191021_0600.nc,2019-10-21 06:00:00,1
s3://nasa-surya-bench/2019/10/20191021_1200.nc,2019-10-21 12:00:00,1
s3://nasa-surya-bench/2019/10/20191021_1800.nc,2019-10-21 18:00:00,1
s3://nasa-surya-bench/2019/10/20191022_0000.nc,2019-10-22 00:00:00,1
s3://nasa-surya-bench/2019/10/20191022_0600.nc,2019-10-22 06:00:00,1
s3://nasa-surya-bench/2019/10/20191022_1200.nc,2019-10-22 12:00:00,1
s3://nasa-surya-bench/2019/10/20191022_1800.nc,2019-10-22 18:00:00,1
s3://nasa-surya-bench/2019/10/20191023_0000.nc,2019-10-23 00:00:00,1
s3://nasa-surya-bench/2019/10/20191023_0600.nc,2019-10-23 06:00:00,1
s3://nasa-surya-bench/2019/10/20191023_1200.nc,2019-10-23 12:00:00,1
s3://nasa-surya-bench/2019/10/20191024_0000.nc,2019-10-24 00:00:00,1
s3://nasa-surya-bench/2019/10/20191024_0600.nc,2019-10-24 06:00:00,1
s3://nasa-surya-bench/2019/10/20191024_1200.nc,2019-10-24 12:00:00,1
s3://nasa-surya-bench/2019/10/20191024_1800.nc,2019-10-24 18:00:00,1
s3://nasa-surya-bench/2019/10/20191025_0000.nc,2019-10-25 00:00:00,1
s3://nasa-surya-bench/2019/10/20191025_0600.nc,2019-10-25 06:00:00,1
s3://nasa-surya-bench/2019/10/20191025_1200.nc,2019-10-25 12:00:00,1
s3://nasa-surya-bench/2019/10/20191025_1800.nc,2019-10-25 18:00:00,1
s3://nasa-surya-bench/2019/10/20191026_0000.nc,2019-10-26 00:00:00,1
s3://nasa-surya-bench/2019/10/20191026_0600.nc,2019-10-26 06:00:00,1
s3://nasa-surya-bench/2019/10/20191026_1200.nc,2019-10-26 12:00:00,1
s3://nasa-surya-bench/2019/10/20191026_1800.nc,2019-10-26 18:00:00,1
s3://nasa-surya-bench/2019/10/20191027_0000.nc,2019-10-27 00:00:00,1
s3://nasa-surya-bench/2019/10/20191027_0600.nc,2019-10-27 06:00:00,1
s3://nasa-surya-bench/2019/10/20191027_1200.nc,2019-10-27 12:00:00,1
s3://nasa-surya-bench/2019/10/20191027_1800.nc,2019-10-27 18:00:00,1
s3://nasa-surya-bench/2019/10/20191028_0000.nc,2019-10-28 00:00:00,1
s3://nasa-surya-bench/2019/10/20191028_0600.nc,2019-10-28 06:00:00,1
s3://nasa-surya-bench/2019/10/20191028_1200.nc,2019-10-28 12:00:00,1
s3://nasa-surya-bench/2019/10/20191028_1800.nc,2019-10-28 18:00:00,1
s3://nasa-surya-bench/2019/10/20191029_0000.nc,2019-10-29 00:00:00,1
s3://nasa-surya-bench/2019/10/20191029_0600.nc,2019-10-29 06:00:00,1
s3://nasa-surya-bench/2019/10/20191029_1200.nc,2019-10-29 12:00:00,1
s3://nasa-surya-bench/2019/10/20191029_1800.nc,2019-10-29 18:00:00,1
s3://nasa-surya-bench/2019/10/20191030_0000.nc,2019-10-30 00:00:00,1
s3://nasa-surya-bench/2019/10/20191030_0600.nc,2019-10-30 06:00:00,1
s3://nasa-surya-bench/2019/10/20191030_1200.nc,2019-10-30 12:00:00,1
s3://nasa-surya-bench/2019/10/20191031_0000.nc,2019-10-31 00:00:00,1
s3://nasa-surya-bench/2019/10/20191031_0600.nc,2019-10-31 06:00:00,1
s3://nasa-surya-bench/2019/10/20191031_1200.nc,2019-10-31 12:00:00,1
s3://nasa-surya-bench/2019/10/20191031_1800.nc,2019-10-31 18:00:00,1
s3://nasa-surya-bench/2019/11/20191101_0000.nc,2019-11-01 00:00:00,1
s3://nasa-surya-bench/2019/11/20191101_0600.nc,2019-11-01 06:00:00,1
s3://nasa-surya-bench/2019/11/20191101_1200.nc,2019-11-01 12:00:00,1
s3://nasa-surya-bench/2019/11/20191101_1800.nc,2019-11-01 18:00:00,1
s3://nasa-surya-bench/2019/11/20191102_0000.nc,2019-11-02 00:00:00,1
s3://nasa-surya-bench/2019/11/20191102_0600.nc,2019-11-02 06:00:00,1
s3://nasa-surya-bench/2019/11/20191102_1200.nc,2019-11-02 12:00:00,1
s3://nasa-surya-bench/2019/11/20191102_1800.nc,2019-11-02 18:00:00,1
s3://nasa-surya-bench/2019/11/20191103_0000.nc,2019-11-03 00:00:00,1
s3://nasa-surya-bench/2019/11/20191103_0600.nc,2019-11-03 06:00:00,1
s3://nasa-surya-bench/2019/11/20191103_1200.nc,2019-11-03 12:00:00,1
s3://nasa-surya-bench/2019/11/20191103_1800.nc,2019-11-03 18:00:00,1
s3://nasa-surya-bench/2019/11/20191104_0000.nc,2019-11-04 00:00:00,1
s3://nasa-surya-bench/2019/11/20191104_0600.nc,2019-11-04 06:00:00,1
s3://nasa-surya-bench/2019/11/20191104_1200.nc,2019-11-04 12:00:00,1
s3://nasa-surya-bench/2019/11/20191104_1800.nc,2019-11-04 18:00:00,1
s3://nasa-surya-bench/2019/11/20191105_0000.nc,2019-11-05 00:00:00,1
s3://nasa-surya-bench/2019/11/20191105_0600.nc,2019-11-05 06:00:00,1
s3://nasa-surya-bench/2019/11/20191105_1200.nc,2019-11-05 12:00:00,1
s3://nasa-surya-bench/2019/11/20191105_1800.nc,2019-11-05 18:00:00,1
s3://nasa-surya-bench/2019/11/20191106_0000.nc,2019-11-06 00:00:00,1
s3://nasa-surya-bench/2019/11/20191106_0600.nc,2019-11-06 06:00:00,1
s3://nasa-surya-bench/2019/11/20191106_1200.nc,2019-11-06 12:00:00,1
s3://nasa-surya-bench/2019/11/20191106_1800.nc,2019-11-06 18:00:00,1
s3://nasa-surya-bench/2019/11/20191107_0000.nc,2019-11-07 00:00:00,1
s3://nasa-surya-bench/2019/11/20191107_0600.nc,2019-11-07 06:00:00,1
s3://nasa-surya-bench/2019/11/20191107_1200.nc,2019-11-07 12:00:00,1
s3://nasa-surya-bench/2019/11/20191107_1800.nc,2019-11-07 18:00:00,1
s3://nasa-surya-bench/2019/11/20191108_0000.nc,2019-11-08 00:00:00,1
s3://nasa-surya-bench/2019/11/20191108_0600.nc,2019-11-08 06:00:00,1
s3://nasa-surya-bench/2019/11/20191108_1200.nc,2019-11-08 12:00:00,1
s3://nasa-surya-bench/2019/11/20191108_1800.nc,2019-11-08 18:00:00,1
s3://nasa-surya-bench/2019/11/20191109_0000.nc,2019-11-09 00:00:00,1
s3://nasa-surya-bench/2019/11/20191109_0600.nc,2019-11-09 06:00:00,1
s3://nasa-surya-bench/2019/11/20191109_1200.nc,2019-11-09 12:00:00,1
s3://nasa-surya-bench/2019/11/20191109_1800.nc,2019-11-09 18:00:00,1
s3://nasa-surya-bench/2019/11/20191110_0000.nc,2019-11-10 00:00:00,1
s3://nasa-surya-bench/2019/11/20191110_0600.nc,2019-11-10 06:00:00,1
s3://nasa-surya-bench/2019/11/20191110_1200.nc,2019-11-10 12:00:00,1
s3://nasa-surya-bench/2019/11/20191110_1800.nc,2019-11-10 18:00:00,1
s3://nasa-surya-bench/2019/11/20191111_0000.nc,2019-11-11 00:00:00,1
s3://nasa-surya-bench/2019/11/20191111_0600.nc,2019-11-11 06:00:00,1
s3://nasa-surya-bench/2019/11/20191111_1200.nc,2019-11-11 12:00:00,1
s3://nasa-surya-bench/2019/11/20191112_0000.nc,2019-11-12 00:00:00,1
s3://nasa-surya-bench/2019/11/20191112_0600.nc,2019-11-12 06:00:00,1
s3://nasa-surya-bench/2019/11/20191112_1200.nc,2019-11-12 12:00:00,1
s3://nasa-surya-bench/2019/11/20191112_1800.nc,2019-11-12 18:00:00,1
s3://nasa-surya-bench/2019/11/20191113_0000.nc,2019-11-13 00:00:00,1
s3://nasa-surya-bench/2019/11/20191113_0600.nc,2019-11-13 06:00:00,1
s3://nasa-surya-bench/2019/11/20191113_1200.nc,2019-11-13 12:00:00,1
s3://nasa-surya-bench/2019/11/20191113_1800.nc,2019-11-13 18:00:00,1
s3://nasa-surya-bench/2019/11/20191114_0000.nc,2019-11-14 00:00:00,1
s3://nasa-surya-bench/2019/11/20191114_0600.nc,2019-11-14 06:00:00,1
s3://nasa-surya-bench/2019/11/20191114_1200.nc,2019-11-14 12:00:00,1
s3://nasa-surya-bench/2019/11/20191114_1800.nc,2019-11-14 18:00:00,1
s3://nasa-surya-bench/2019/11/20191115_0000.nc,2019-11-15 00:00:00,1
s3://nasa-surya-bench/2019/11/20191115_0600.nc,2019-11-15 06:00:00,1
s3://nasa-surya-bench/2019/11/20191115_1200.nc,2019-11-15 12:00:00,1
s3://nasa-surya-bench/2019/11/20191115_1800.nc,2019-11-15 18:00:00,1
s3://nasa-surya-bench/2019/11/20191116_0000.nc,2019-11-16 00:00:00,1
s3://nasa-surya-bench/2019/11/20191116_0600.nc,2019-11-16 06:00:00,1
s3://nasa-surya-bench/2019/11/20191116_1200.nc,2019-11-16 12:00:00,1
s3://nasa-surya-bench/2019/11/20191117_0000.nc,2019-11-17 00:00:00,1
s3://nasa-surya-bench/2019/11/20191117_0600.nc,2019-11-17 06:00:00,1
s3://nasa-surya-bench/2019/11/20191117_1200.nc,2019-11-17 12:00:00,1
s3://nasa-surya-bench/2019/11/20191117_1800.nc,2019-11-17 18:00:00,1
s3://nasa-surya-bench/2019/11/20191118_0000.nc,2019-11-18 00:00:00,1
s3://nasa-surya-bench/2019/11/20191118_0600.nc,2019-11-18 06:00:00,1
s3://nasa-surya-bench/2019/11/20191118_1200.nc,2019-11-18 12:00:00,1
s3://nasa-surya-bench/2019/11/20191118_1800.nc,2019-11-18 18:00:00,1
s3://nasa-surya-bench/2019/11/20191119_0000.nc,2019-11-19 00:00:00,1
s3://nasa-surya-bench/2019/11/20191119_0600.nc,2019-11-19 06:00:00,1
s3://nasa-surya-bench/2019/11/20191119_1200.nc,2019-11-19 12:00:00,1
s3://nasa-surya-bench/2019/11/20191119_1800.nc,2019-11-19 18:00:00,1
s3://nasa-surya-bench/2019/11/20191120_0000.nc,2019-11-20 00:00:00,1
s3://nasa-surya-bench/2019/11/20191120_0600.nc,2019-11-20 06:00:00,1
s3://nasa-surya-bench/2019/11/20191120_1200.nc,2019-11-20 12:00:00,1
s3://nasa-surya-bench/2019/11/20191120_1800.nc,2019-11-20 18:00:00,1
s3://nasa-surya-bench/2019/11/20191121_0000.nc,2019-11-21 00:00:00,1
s3://nasa-surya-bench/2019/11/20191121_0600.nc,2019-11-21 06:00:00,1
s3://nasa-surya-bench/2019/11/20191121_1200.nc,2019-11-21 12:00:00,1
s3://nasa-surya-bench/2019/11/20191121_1800.nc,2019-11-21 18:00:00,1
s3://nasa-surya-bench/2019/11/20191122_0000.nc,2019-11-22 00:00:00,1
s3://nasa-surya-bench/2019/11/20191122_0600.nc,2019-11-22 06:00:00,1
s3://nasa-surya-bench/2019/11/20191122_1200.nc,2019-11-22 12:00:00,1
s3://nasa-surya-bench/2019/11/20191122_1800.nc,2019-11-22 18:00:00,1
s3://nasa-surya-bench/2019/11/20191123_0000.nc,2019-11-23 00:00:00,1
s3://nasa-surya-bench/2019/11/20191123_0600.nc,2019-11-23 06:00:00,1
s3://nasa-surya-bench/2019/11/20191123_1200.nc,2019-11-23 12:00:00,1
s3://nasa-surya-bench/2019/11/20191123_1800.nc,2019-11-23 18:00:00,1
s3://nasa-surya-bench/2019/11/20191124_0000.nc,2019-11-24 00:00:00,1
s3://nasa-surya-bench/2019/11/20191124_0600.nc,2019-11-24 06:00:00,1
s3://nasa-surya-bench/2019/11/20191124_1200.nc,2019-11-24 12:00:00,1
s3://nasa-surya-bench/2019/11/20191124_1800.nc,2019-11-24 18:00:00,1
s3://nasa-surya-bench/2019/11/20191125_0000.nc,2019-11-25 00:00:00,1
s3://nasa-surya-bench/2019/11/20191125_0600.nc,2019-11-25 06:00:00,1
s3://nasa-surya-bench/2019/11/20191125_1200.nc,2019-11-25 12:00:00,1
s3://nasa-surya-bench/2019/11/20191125_1800.nc,2019-11-25 18:00:00,1
s3://nasa-surya-bench/2019/11/20191126_0000.nc,2019-11-26 00:00:00,1
s3://nasa-surya-bench/2019/11/20191126_0600.nc,2019-11-26 06:00:00,1
s3://nasa-surya-bench/2019/11/20191126_1200.nc,2019-11-26 12:00:00,1
s3://nasa-surya-bench/2019/11/20191126_1800.nc,2019-11-26 18:00:00,1
s3://nasa-surya-bench/2019/11/20191127_0000.nc,2019-11-27 00:00:00,1
s3://nasa-surya-bench/2019/11/20191127_0600.nc,2019-11-27 06:00:00,1
s3://nasa-surya-bench/2019/11/20191127_1200.nc,2019-11-27 12:00:00,1
s3://nasa-surya-bench/2019/11/20191127_1800.nc,2019-11-27 18:00:00,1
s3://nasa-surya-bench/2019/11/20191128_0000.nc,2019-11-28 00:00:00,1
s3://nasa-surya-bench/2019/11/20191128_0600.nc,2019-11-28 06:00:00,1
s3://nasa-surya-bench/2019/11/20191128_1200.nc,2019-11-28 12:00:00,1
s3://nasa-surya-bench/2019/11/20191128_1800.nc,2019-11-28 18:00:00,1
s3://nasa-surya-bench/2019/11/20191129_0000.nc,2019-11-29 00:00:00,1
s3://nasa-surya-bench/2019/11/20191129_0600.nc,2019-11-29 06:00:00,1
s3://nasa-surya-bench/2019/11/20191129_1200.nc,2019-11-29 12:00:00,1
s3://nasa-surya-bench/2019/11/20191129_1800.nc,2019-11-29 18:00:00,1
s3://nasa-surya-bench/2019/11/20191130_0000.nc,2019-11-30 00:00:00,1
s3://nasa-surya-bench/2019/11/20191130_0600.nc,2019-11-30 06:00:00,1
s3://nasa-surya-bench/2019/11/20191130_1200.nc,2019-11-30 12:00:00,1
s3://nasa-surya-bench/2019/11/20191130_1800.nc,2019-11-30 18:00:00,1
s3://nasa-surya-bench/2019/12/20191201_0000.nc,2019-12-01 00:00:00,1
s3://nasa-surya-bench/2019/12/20191201_0600.nc,2019-12-01 06:00:00,1
s3://nasa-surya-bench/2019/12/20191201_1200.nc,2019-12-01 12:00:00,1
s3://nasa-surya-bench/2019/12/20191201_1800.nc,2019-12-01 18:00:00,1
s3://nasa-surya-bench/2019/12/20191202_0000.nc,2019-12-02 00:00:00,1
s3://nasa-surya-bench/2019/12/20191202_0600.nc,2019-12-02 06:00:00,1
s3://nasa-surya-bench/2019/12/20191202_1200.nc,2019-12-02 12:00:00,1
s3://nasa-surya-bench/2019/12/20191202_1800.nc,2019-12-02 18:00:00,1
s3://nasa-surya-bench/2019/12/20191203_0000.nc,2019-12-03 00:00:00,1
s3://nasa-surya-bench/2019/12/20191203_0600.nc,2019-12-03 06:00:00,1
s3://nasa-surya-bench/2019/12/20191203_1200.nc,2019-12-03 12:00:00,1
s3://nasa-surya-bench/2019/12/20191203_1800.nc,2019-12-03 18:00:00,1
s3://nasa-surya-bench/2019/12/20191204_0000.nc,2019-12-04 00:00:00,1
s3://nasa-surya-bench/2019/12/20191204_0600.nc,2019-12-04 06:00:00,1
s3://nasa-surya-bench/2019/12/20191204_1200.nc,2019-12-04 12:00:00,1
s3://nasa-surya-bench/2019/12/20191204_1800.nc,2019-12-04 18:00:00,1
s3://nasa-surya-bench/2019/12/20191205_0000.nc,2019-12-05 00:00:00,1
s3://nasa-surya-bench/2019/12/20191205_0600.nc,2019-12-05 06:00:00,1
s3://nasa-surya-bench/2019/12/20191205_1200.nc,2019-12-05 12:00:00,1
s3://nasa-surya-bench/2019/12/20191205_1800.nc,2019-12-05 18:00:00,1
s3://nasa-surya-bench/2019/12/20191206_0000.nc,2019-12-06 00:00:00,1
s3://nasa-surya-bench/2019/12/20191206_0600.nc,2019-12-06 06:00:00,1
s3://nasa-surya-bench/2019/12/20191206_1200.nc,2019-12-06 12:00:00,1
s3://nasa-surya-bench/2019/12/20191206_1800.nc,2019-12-06 18:00:00,1
s3://nasa-surya-bench/2019/12/20191207_0000.nc,2019-12-07 00:00:00,1
s3://nasa-surya-bench/2019/12/20191207_0600.nc,2019-12-07 06:00:00,1
s3://nasa-surya-bench/2019/12/20191207_1200.nc,2019-12-07 12:00:00,1
s3://nasa-surya-bench/2019/12/20191207_1800.nc,2019-12-07 18:00:00,1
s3://nasa-surya-bench/2019/12/20191208_0000.nc,2019-12-08 00:00:00,1
s3://nasa-surya-bench/2019/12/20191208_0600.nc,2019-12-08 06:00:00,1
s3://nasa-surya-bench/2019/12/20191208_1200.nc,2019-12-08 12:00:00,1
s3://nasa-surya-bench/2019/12/20191208_1800.nc,2019-12-08 18:00:00,1
s3://nasa-surya-bench/2019/12/20191209_0000.nc,2019-12-09 00:00:00,1
s3://nasa-surya-bench/2019/12/20191209_0600.nc,2019-12-09 06:00:00,1
s3://nasa-surya-bench/2019/12/20191209_1200.nc,2019-12-09 12:00:00,1
s3://nasa-surya-bench/2019/12/20191209_1800.nc,2019-12-09 18:00:00,1
s3://nasa-surya-bench/2019/12/20191210_0000.nc,2019-12-10 00:00:00,1
s3://nasa-surya-bench/2019/12/20191210_0600.nc,2019-12-10 06:00:00,1
s3://nasa-surya-bench/2019/12/20191210_1200.nc,2019-12-10 12:00:00,1
s3://nasa-surya-bench/2019/12/20191210_1800.nc,2019-12-10 18:00:00,1
s3://nasa-surya-bench/2019/12/20191211_0000.nc,2019-12-11 00:00:00,1
s3://nasa-surya-bench/2019/12/20191211_0600.nc,2019-12-11 06:00:00,1
s3://nasa-surya-bench/2019/12/20191211_1200.nc,2019-12-11 12:00:00,1
s3://nasa-surya-bench/2019/12/20191211_1800.nc,2019-12-11 18:00:00,1
s3://nasa-surya-bench/2019/12/20191212_0000.nc,2019-12-12 00:00:00,1
s3://nasa-surya-bench/2019/12/20191212_0600.nc,2019-12-12 06:00:00,1
s3://nasa-surya-bench/2019/12/20191212_1200.nc,2019-12-12 12:00:00,1
s3://nasa-surya-bench/2019/12/20191212_1800.nc,2019-12-12 18:00:00,1
s3://nasa-surya-bench/2019/12/20191213_0000.nc,2019-12-13 00:00:00,1
s3://nasa-surya-bench/2019/12/20191213_0600.nc,2019-12-13 06:00:00,1
s3://nasa-surya-bench/2019/12/20191213_1200.nc,2019-12-13 12:00:00,1
s3://nasa-surya-bench/2019/12/20191213_1800.nc,2019-12-13 18:00:00,1
s3://nasa-surya-bench/2019/12/20191214_0000.nc,2019-12-14 00:00:00,1
s3://nasa-surya-bench/2019/12/20191214_0600.nc,2019-12-14 06:00:00,1
s3://nasa-surya-bench/2019/12/20191214_1200.nc,2019-12-14 12:00:00,1
s3://nasa-surya-bench/2019/12/20191214_1800.nc,2019-12-14 18:00:00,1
s3://nasa-surya-bench/2019/12/20191215_0000.nc,2019-12-15 00:00:00,1
s3://nasa-surya-bench/2019/12/20191215_0600.nc,2019-12-15 06:00:00,1
s3://nasa-surya-bench/2019/12/20191215_1200.nc,2019-12-15 12:00:00,1
s3://nasa-surya-bench/2019/12/20191215_1800.nc,2019-12-15 18:00:00,1
s3://nasa-surya-bench/2019/12/20191216_0000.nc,2019-12-16 00:00:00,1
s3://nasa-surya-bench/2019/12/20191216_0600.nc,2019-12-16 06:00:00,1
s3://nasa-surya-bench/2019/12/20191216_1200.nc,2019-12-16 12:00:00,1
s3://nasa-surya-bench/2019/12/20191216_1800.nc,2019-12-16 18:00:00,1
s3://nasa-surya-bench/2019/12/20191217_0000.nc,2019-12-17 00:00:00,1
s3://nasa-surya-bench/2019/12/20191217_0600.nc,2019-12-17 06:00:00,1
s3://nasa-surya-bench/2019/12/20191217_1200.nc,2019-12-17 12:00:00,1
s3://nasa-surya-bench/2019/12/20191217_1800.nc,2019-12-17 18:00:00,1
s3://nasa-surya-bench/2019/12/20191218_0000.nc,2019-12-18 00:00:00,1
s3://nasa-surya-bench/2019/12/20191218_0600.nc,2019-12-18 06:00:00,1
s3://nasa-surya-bench/2019/12/20191218_1200.nc,2019-12-18 12:00:00,1
s3://nasa-surya-bench/2019/12/20191218_1800.nc,2019-12-18 18:00:00,1
s3://nasa-surya-bench/2019/12/20191219_0000.nc,2019-12-19 00:00:00,1
s3://nasa-surya-bench/2019/12/20191219_0600.nc,2019-12-19 06:00:00,1
s3://nasa-surya-bench/2019/12/20191219_1200.nc,2019-12-19 12:00:00,1
s3://nasa-surya-bench/2019/12/20191219_1800.nc,2019-12-19 18:00:00,1
s3://nasa-surya-bench/2019/12/20191220_0000.nc,2019-12-20 00:00:00,1
s3://nasa-surya-bench/2019/12/20191220_0600.nc,2019-12-20 06:00:00,1
s3://nasa-surya-bench/2019/12/20191220_1200.nc,2019-12-20 12:00:00,1
s3://nasa-surya-bench/2019/12/20191220_1800.nc,2019-12-20 18:00:00,1
s3://nasa-surya-bench/2019/12/20191221_0000.nc,2019-12-21 00:00:00,1
s3://nasa-surya-bench/2019/12/20191221_0600.nc,2019-12-21 06:00:00,1
s3://nasa-surya-bench/2019/12/20191221_1200.nc,2019-12-21 12:00:00,1
s3://nasa-surya-bench/2019/12/20191221_1800.nc,2019-12-21 18:00:00,1
s3://nasa-surya-bench/2019/12/20191222_0000.nc,2019-12-22 00:00:00,1
s3://nasa-surya-bench/2019/12/20191222_0600.nc,2019-12-22 06:00:00,1
s3://nasa-surya-bench/2019/12/20191222_1200.nc,2019-12-22 12:00:00,1
s3://nasa-surya-bench/2019/12/20191222_1800.nc,2019-12-22 18:00:00,1
s3://nasa-surya-bench/2019/12/20191223_0000.nc,2019-12-23 00:00:00,1
s3://nasa-surya-bench/2019/12/20191223_0600.nc,2019-12-23 06:00:00,1
s3://nasa-surya-bench/2019/12/20191223_1200.nc,2019-12-23 12:00:00,1
s3://nasa-surya-bench/2019/12/20191223_1800.nc,2019-12-23 18:00:00,1
s3://nasa-surya-bench/2019/12/20191224_0000.nc,2019-12-24 00:00:00,1
s3://nasa-surya-bench/2019/12/20191224_0600.nc,2019-12-24 06:00:00,1
s3://nasa-surya-bench/2019/12/20191224_1200.nc,2019-12-24 12:00:00,1
s3://nasa-surya-bench/2019/12/20191224_1800.nc,2019-12-24 18:00:00,1
s3://nasa-surya-bench/2019/12/20191225_0000.nc,2019-12-25 00:00:00,1
s3://nasa-surya-bench/2019/12/20191225_0600.nc,2019-12-25 06:00:00,1
s3://nasa-surya-bench/2019/12/20191225_1200.nc,2019-12-25 12:00:00,1
s3://nasa-surya-bench/2019/12/20191225_1800.nc,2019-12-25 18:00:00,1
s3://nasa-surya-bench/2019/12/20191226_0000.nc,2019-12-26 00:00:00,1
s3://nasa-surya-bench/2019/12/20191226_0600.nc,2019-12-26 06:00:00,1
s3://nasa-surya-bench/2019/12/20191226_1200.nc,2019-12-26 12:00:00,1
s3://nasa-surya-bench/2019/12/20191226_1800.nc,2019-12-26 18:00:00,1
s3://nasa-surya-bench/2019/12/20191227_0000.nc,2019-12-27 00:00:00,1
s3://nasa-surya-bench/2019/12/20191227_0600.nc,2019-12-27 06:00:00,1
s3://nasa-surya-bench/2019/12/20191227_1200.nc,2019-12-27 12:00:00,1
s3://nasa-surya-bench/2019/12/20191227_1800.nc,2019-12-27 18:00:00,1
s3://nasa-surya-bench/2019/12/20191228_0000.nc,2019-12-28 00:00:00,1
s3://nasa-surya-bench/2019/12/20191228_0600.nc,2019-12-28 06:00:00,1
s3://nasa-surya-bench/2019/12/20191228_1200.nc,2019-12-28 12:00:00,1
