start_time,hgs_y,hgs_x,peak_time,goes_class
2010-06-12T00:30:00,23,47,2010-06-12T00:57:00,M2.0
2010-06-13T05:30:00,-24,82,2010-06-13T05:39:00,M1.0
2010-08-07T17:48:00,14,-37,2010-08-07T18:24:00,M1.0
2010-08-07T17:55:00,14,-37,2010-08-07T18:24:00,M1.0
2010-10-16T19:07:00,-20,26,2010-10-16T19:12:00,M2.9
2010-11-04T23:30:00,-85,-22,2010-11-04T23:58:00,M1.6
2010-11-04T23:45:00,-85,-22,2010-11-04T23:58:00,M1.6
2010-11-05T13:05:00,-19,-71,2010-11-05T13:29:00,M1.0
2010-11-06T15:27:00,-20,-58,2010-11-06T15:36:00,M5.4
2011-01-28T00:44:00,16,88,2011-01-28T01:03:00,M1.4
2011-02-09T01:23:00,16,70,2011-02-09T01:28:00,M1.9
2011-02-13T17:28:00,-20,-5,2011-02-13T17:30:00,M6.6
2011-02-14T17:20:00,-20,4,2011-02-14T17:26:00,M2.2
2011-02-15T01:44:00,-20,10,2011-02-15T01:45:00,X2.2
2011-02-16T01:32:00,-20,24,2011-02-16T01:39:00,M1.0
2011-02-16T07:35:00,-19,29,2011-02-16T07:44:00,M1.1
2011-02-16T14:19:00,-21,30,2011-02-16T14:25:00,M1.6
2011-02-18T09:55:00,22,-10,2011-02-18T10:00:00,M6.6
2011-02-18T10:23:00,0,0,2011-02-18T10:26:00,M1.0
2011-02-18T12:59:00,0,0,2011-02-18T13:00:00,M1.4
2011-02-18T14:00:00,0,0,2011-02-18T14:08:00,M1.0
2011-02-24T07:23:00,14,-87,2011-02-24T07:31:00,M3.5
2011-02-28T12:38:00,28,-39,2011-02-28T12:45:00,M1.1
2011-03-07T05:00:00,23,47,2011-03-07T05:13:00,M1.2
2011-03-07T07:49:00,-18,75,2011-03-07T07:54:00,M1.6
2011-03-07T07:59:00,27,46,2011-03-07T08:07:00,M1.4
2011-03-07T09:14:00,-17,77,2011-03-07T09:15:00,M1.8
2011-03-07T13:45:00,11,-21,2011-03-07T14:00:00,M1.7
2011-03-07T19:43:00,30,48,2011-03-07T20:01:00,M3.7
2011-03-07T21:45:00,-17,82,2011-03-07T21:50:00,M1.5
2011-03-08T02:24:00,-18,80,2011-03-08T02:29:00,M1.3
2011-03-08T03:37:00,-21,-72,2011-03-08T03:45:00,M1.5
2011-03-08T10:35:00,-17,88,2011-03-08T10:44:00,M5.3
2011-03-08T18:08:00,-17,88,2011-03-08T18:28:00,M4.4
2011-03-08T19:35:00,-19,87,2011-03-08T20:16:00,M1.5
2011-03-09T23:13:00,8,11,2011-03-09T23:16:00,X1.5
2011-03-10T22:34:00,8,25,2011-03-10T22:41:00,M1.1
2011-03-12T04:33:00,7,35,2011-03-12T04:43:00,M1.3
2011-03-14T19:30:00,16,49,2011-03-14T19:38:00,M4.2
2011-03-15T00:18:00,11,83,2011-03-15T00:22:00,M1.0
2011-03-23T02:03:00,-18,-70,2011-03-23T02:17:00,M1.4
2011-03-24T12:01:00,-15,-43,2011-03-24T12:07:00,M1.0
2011-03-25T23:08:00,-12,-26,2011-03-25T23:22:00,M1.0
2011-04-15T17:02:00,13,24,2011-04-15T17:12:00,M1.3
2011-04-22T04:35:00,-17,-41,2011-04-22T04:56:00,M1.8
2011-04-22T15:47:00,-18,-36,2011-04-22T15:53:00,M1.2
2011-05-28T21:44:00,-20,-72,2011-05-28T21:50:00,M1.2
2011-05-29T10:08:00,-20,-64,2011-05-29T10:33:00,M1.4
2011-06-07T06:16:00,-22,53,2011-06-07T06:30:00,M2.5
2011-06-14T21:36:00,14,-78,2011-06-14T21:47:00,M1.3
2011-07-27T15:48:00,19,-38,2011-07-27T16:00:00,M1.1
2011-07-30T02:04:00,14,-35,2011-07-30T02:09:00,M9.3
2011-08-02T05:19:00,17,12,2011-08-02T06:19:00,M1.4
2011-08-03T03:08:00,15,28,2011-08-03T03:37:00,M1.1
2011-08-03T04:29:00,16,-10,2011-08-03T04:32:00,M1.7
2011-08-03T13:17:00,17,30,2011-08-03T13:45:00,M6.0
2011-08-04T03:41:00,16,38,2011-08-04T03:45:00,M9.3
2011-08-08T18:00:00,15,62,2011-08-08T18:10:00,M3.5
2011-08-09T03:19:00,17,69,2011-08-09T03:45:00,M2.5
2011-08-09T07:48:00,14,69,2011-08-09T08:05:00,X6.9
2011-09-04T11:21:00,18,84,2011-09-04T11:45:00,M3.2
2011-09-05T03:47:00,18,87,2011-09-05T04:28:00,M1.6
2011-09-05T04:08:00,18,87,2011-09-05T04:28:00,M1.6
2011-09-05T07:26:00,18,87,2011-09-05T07:58:00,M1.2
2011-09-05T07:27:00,18,87,2011-09-05T07:58:00,M1.2
2011-09-06T01:35:00,13,7,2011-09-06T01:50:00,M5.3
2011-09-06T22:12:00,14,18,2011-09-06T22:20:00,X2.1
2011-09-07T22:32:00,14,31,2011-09-07T22:38:00,X1.8
2011-09-08T15:32:00,14,41,2011-09-08T15:46:00,M6.7
2011-09-09T06:01:00,14,48,2011-09-09T06:11:00,M2.7
2011-09-09T12:39:00,15,50,2011-09-09T12:45:00,M1.2
2011-09-10T07:18:00,14,64,2011-09-10T07:40:00,M1.1
2011-09-21T12:04:00,15,-88,2011-09-21T12:23:00,M1.8
2011-09-22T09:53:00,24,55,2011-09-22T10:00:00,M1.1
2011-09-22T10:29:00,9,-89,2011-09-22T11:01:00,X1.4
2011-09-23T01:47:00,24,64,2011-09-23T01:59:00,M1.6
2011-09-23T21:54:00,12,-56,2011-09-23T22:15:00,M1.6
2011-09-24T09:21:00,13,-61,2011-09-24T09:40:00,X1.9
2011-09-24T12:33:00,15,-59,2011-09-24T13:17:00,M7.1
2011-09-24T16:35:00,23,87,2011-09-24T16:59:00,M1.8
2011-09-24T17:19:00,13,-54,2011-09-24T17:25:00,M3.1
2011-09-24T17:59:00,13,-56,2011-09-24T18:15:00,M2.8
2011-09-24T19:09:00,12,-42,2011-09-24T19:21:00,M3.0
2011-09-24T20:29:00,13,-52,2011-09-24T20:36:00,M5.8
2011-09-24T23:45:00,-28,66,2011-09-24T23:57:00,M1.0
2011-09-25T02:27:00,22,87,2011-09-25T02:31:00,M4.4
2011-09-25T04:31:00,13,-50,2011-09-25T04:50:00,M7.4
2011-09-25T08:46:00,13,-45,2011-09-25T08:49:00,M3.1
2011-09-25T09:25:00,-28,72,2011-09-25T09:34:00,M1.5
2011-09-25T15:26:00,11,-44,2011-09-25T15:31:00,M3.7
2011-09-25T16:51:00,12,-41,2011-09-25T16:58:00,M2.2
2011-09-26T05:03:00,12,-34,2011-09-26T05:08:00,M4.0
2011-09-26T14:37:00,12,-30,2011-09-26T14:46:00,M2.6
2011-09-28T13:24:00,11,0,2011-09-28T13:28:00,M1.2
2011-09-30T18:55:00,9,-3,2011-09-30T19:06:00,M1.0
2011-10-01T08:56:00,9,4,2011-10-01T09:59:00,M1.2
2011-10-02T00:37:00,10,13,2011-10-02T00:50:00,M3.9
2011-10-02T17:19:00,10,55,2011-10-02T17:23:00,M1.3
2011-10-20T03:10:00,18,88,2011-10-20T03:25:00,M1.6
2011-10-21T12:53:00,5,79,2011-10-21T13:00:00,M1.3
2011-10-22T09:18:00,27,87,2011-10-22T11:10:00,M1.3
2011-10-31T14:55:00,20,-88,2011-10-31T15:07:00,M1.1
2011-10-31T17:21:00,21,-88,2011-10-31T18:07:00,M1.4
2011-11-02T21:52:00,20,-77,2011-11-02T22:01:00,M4.3
2011-11-03T10:58:00,20,-70,2011-11-03T11:11:00,M2.5
2011-11-03T20:16:00,21,-64,2011-11-03T20:27:00,X1.9
2011-11-03T23:28:00,20,-62,2011-11-03T23:31:00,M2.1
2011-11-04T20:31:00,19,-47,2011-11-04T20:40:00,M1.0
2011-11-05T03:08:00,20,-47,2011-11-05T03:31:00,M3.7
2011-11-05T11:10:00,19,-41,2011-11-05T11:21:00,M1.1
2011-11-05T20:31:00,21,-37,2011-11-05T20:38:00,M1.8
2011-11-06T00:46:00,20,-34,2011-11-06T01:03:00,M1.2
2011-11-06T06:14:00,21,-33,2011-11-06T06:35:00,M1.4
2011-11-09T13:04:00,24,-35,2011-11-09T13:35:00,M1.1
2011-11-15T09:03:00,21,72,2011-11-15T09:12:00,M1.2
2011-11-15T12:30:00,-19,-32,2011-11-15T12:43:00,M1.9
2011-11-15T22:27:00,18,81,2011-11-15T22:31:00,M1.1
2011-12-25T18:11:00,-22,26,2011-12-25T18:16:00,M4.0
2011-12-26T02:13:00,-21,33,2011-12-26T02:27:00,M1.5
2011-12-26T20:12:00,-21,44,2011-12-26T20:30:00,M2.3
2011-12-29T13:40:00,-25,-70,2011-12-29T13:50:00,M1.9
2011-12-29T21:43:00,-25,-67,2011-12-29T21:51:00,M2.0
2011-12-30T03:03:00,-25,-65,2011-12-30T03:09:00,M1.2
2011-12-31T13:09:00,-25,-46,2011-12-31T13:15:00,M2.4
2011-12-31T16:16:00,-25,-42,2011-12-31T16:26:00,M1.5
2012-01-14T13:14:00,14,-88,2012-01-14T13:18:00,M1.4
2012-01-17T04:41:00,18,-53,2012-01-17T04:53:00,M1.0
2012-01-18T19:04:00,17,-32,2012-01-18T19:12:00,M1.7
2012-01-19T13:43:00,32,-27,2012-01-19T15:30:00,M2.6
2012-01-19T13:44:00,32,-27,2012-01-19T16:05:00,M3.2
2012-01-23T03:38:00,33,21,2012-01-23T03:59:00,M8.7
2012-01-27T17:37:00,33,85,2012-01-27T18:37:00,X1.7
2012-02-06T19:31:00,19,62,2012-02-06T20:00:00,M1.0
2012-03-02T17:29:00,18,-87,2012-03-02T17:46:00,M3.3
2012-03-04T10:29:00,16,-65,2012-03-04T10:52:00,M2.0
2012-03-05T02:30:00,19,-58,2012-03-05T04:05:00,X1.1
2012-03-05T19:10:00,16,-45,2012-03-05T19:16:00,M2.1
2012-03-05T19:27:00,16,-45,2012-03-05T19:30:00,M1.8
2012-03-05T22:26:00,16,-43,2012-03-05T22:34:00,M1.3
2012-03-05T22:26:00,16,-42,2012-03-05T22:31:00,M1.3
2012-03-06T00:22:00,16,-42,2012-03-06T00:28:00,M1.3
2012-03-06T01:36:00,16,-41,2012-03-06T01:44:00,M1.2
2012-03-06T04:01:00,16,-39,2012-03-06T04:05:00,M1.0
2012-03-06T07:52:00,17,-40,2012-03-06T07:55:00,M1.0
2012-03-06T12:23:00,21,-40,2012-03-06T12:41:00,M2.1
2012-03-06T21:04:00,16,-30,2012-03-06T21:11:00,M1.3
2012-03-06T22:49:00,19,-32,2012-03-06T22:53:00,M1.0
2012-03-07T00:02:00,18,-31,2012-03-07T00:24:00,X5.4
2012-03-07T01:05:00,15,-26,2012-03-07T01:14:00,X1.3
2012-03-09T03:22:00,15,3,2012-03-09T03:53:00,M6.3
2012-03-10T17:15:00,17,24,2012-03-10T17:44:00,M8.4
2012-03-13T17:12:00,17,66,2012-03-13T17:30:00,M7.9
2012-03-14T15:08:00,13,-5,2012-03-14T15:21:00,M2.8
2012-03-15T07:23:00,14,3,2012-03-15T07:52:00,M1.8
2012-03-17T20:32:00,-20,25,2012-03-17T20:39:00,M1.3
2012-03-23T19:34:00,-23,-87,2012-03-23T19:40:00,M1.0
2012-04-16T17:24:00,14,-88,2012-04-16T17:40:00,M1.7
2012-04-27T08:15:00,13,29,2012-04-27T08:24:00,M1.0
2012-05-05T13:19:00,11,-78,2012-05-05T13:23:00,M1.4
2012-05-05T22:56:00,11,-73,2012-05-05T23:01:00,M1.3
2012-05-06T01:12:00,11,-73,2012-05-06T01:18:00,M1.2
2012-05-06T17:41:00,11,-63,2012-05-06T17:47:00,M1.3
2012-05-07T14:03:00,-20,49,2012-05-07T14:31:00,M1.9
2012-05-08T13:02:00,13,-46,2012-05-08T13:08:00,M1.4
2012-05-09T12:21:00,13,-31,2012-05-09T12:32:00,M4.7
2012-05-09T14:02:00,6,-22,2012-05-09T14:08:00,M1.8
2012-05-09T21:01:00,12,-26,2012-05-09T21:05:00,M4.1
2012-05-10T04:11:00,12,-22,2012-05-10T04:18:00,M5.7
2012-05-10T20:20:00,12,-12,2012-05-10T20:26:00,M1.7
2012-05-17T01:25:00,7,88,2012-05-17T01:47:00,M5.1
2012-06-03T17:48:00,16,-38,2012-06-03T17:55:00,M3.3
2012-06-06T19:54:00,-18,4,2012-06-06T20:06:00,M2.1
2012-06-09T11:20:00,-15,-80,2012-06-09T11:32:00,M1.9
2012-06-09T16:45:00,-16,-76,2012-06-09T16:53:00,M1.8
2012-06-10T06:39:00,-15,-66,2012-06-10T06:45:00,M1.3
2012-06-13T11:29:00,-18,-21,2012-06-13T13:17:00,M1.2
2012-06-14T12:47:00,-19,-7,2012-06-14T14:08:00,M1.5
2012-06-14T12:52:00,-19,-6,2012-06-14T14:35:00,M1.9
2012-06-28T16:07:00,16,-46,2012-06-28T16:12:00,M2.4
2012-06-29T09:13:00,15,-37,2012-06-29T09:20:00,M2.2
2012-06-30T12:48:00,15,-21,2012-06-30T12:52:00,M1.0
2012-06-30T18:26:00,14,-18,2012-06-30T18:32:00,M1.6
2012-07-01T19:11:00,15,-4,2012-07-01T19:18:00,M2.8
2012-07-02T00:26:00,15,-1,2012-07-02T00:35:00,M1.1
2012-07-02T10:43:00,-17,-6,2012-07-02T10:52:00,M5.6
2012-07-02T19:59:00,-17,0,2012-07-02T20:07:00,M3.8
2012-07-02T23:49:00,-16,2,2012-07-02T23:56:00,M2.0
2012-07-04T04:28:00,-16,18,2012-07-04T04:37:00,M2.3
2012-07-04T09:47:00,-17,18,2012-07-04T09:55:00,M5.3
2012-07-04T09:47:00,-18,17,2012-07-04T09:54:00,M5.3
2012-07-04T12:07:00,-17,22,2012-07-04T12:24:00,M2.3
2012-07-04T14:35:00,-18,20,2012-07-04T14:40:00,M1.3
2012-07-04T16:33:00,14,33,2012-07-04T16:39:00,M1.8
2012-07-04T22:03:00,-16,28,2012-07-04T22:09:00,M4.6
2012-07-04T23:47:00,-86,-9,2012-07-04T23:55:00,M1.2
2012-07-05T01:05:00,-17,27,2012-07-05T01:10:00,M2.4
2012-07-05T02:35:00,-18,27,2012-07-05T02:42:00,M2.2
2012-07-05T03:25:00,-18,29,2012-07-05T03:36:00,M4.7
2012-07-05T06:49:00,-17,29,2012-07-05T06:58:00,M1.1
2012-07-05T07:40:00,-18,30,2012-07-05T07:45:00,M1.3
2012-07-05T10:44:00,-18,30,2012-07-05T10:48:00,M1.8
2012-07-05T11:39:00,-18,32,2012-07-05T11:44:00,M6.1
2012-07-05T13:05:00,-15,42,2012-07-05T13:18:00,M1.2
2012-07-05T20:09:00,-18,37,2012-07-05T20:14:00,M1.6
2012-07-05T21:37:00,-12,45,2012-07-05T21:45:00,M1.6
2012-07-06T01:37:00,-17,39,2012-07-06T01:40:00,M2.9
2012-07-06T02:44:00,-12,48,2012-07-06T02:51:00,M1.0
2012-07-06T08:17:00,-86,-9,2012-07-06T08:23:00,M1.5
2012-07-06T10:24:00,-17,44,2012-07-06T10:29:00,M1.8
2012-07-06T13:26:00,-17,-85,2012-07-06T13:30:00,M1.2
2012-07-06T18:48:00,-15,-88,2012-07-06T18:55:00,M1.3
2012-07-06T23:01:00,-13,59,2012-07-06T23:08:00,X1.1
2012-07-07T03:10:00,-17,55,2012-07-07T03:15:00,M1.2
2012-07-07T08:18:00,-16,-76,2012-07-07T08:28:00,M1.0
2012-07-07T10:57:00,-17,59,2012-07-07T11:03:00,M2.6
2012-07-08T05:41:00,-16,70,2012-07-08T05:46:00,M1.3
2012-07-08T09:44:00,-16,70,2012-07-08T09:53:00,M1.1
2012-07-08T12:06:00,-16,72,2012-07-08T12:10:00,M1.4
2012-07-08T16:23:00,-14,86,2012-07-08T16:32:00,M6.9
2012-07-09T23:03:00,-17,-38,2012-07-09T23:07:00,M1.1
2012-07-10T04:58:00,-16,-35,2012-07-10T05:14:00,M1.7
2012-07-10T06:05:00,-16,-30,2012-07-10T06:27:00,M2.0
2012-07-12T15:37:00,-13,3,2012-07-12T16:49:00,X1.4
2012-07-14T03:32:00,-15,18,2012-07-14T04:58:00,M1.0
2012-07-14T04:51:00,-15,18,2012-07-14T04:58:00,M1.0
2012-07-17T12:03:00,-15,88,2012-07-17T17:15:00,M1.7
2012-07-17T12:50:00,-15,88,2012-07-17T17:15:00,M1.8
2012-07-19T04:13:00,-13,88,2012-07-19T05:41:00,M6.7
2012-07-19T04:17:00,-13,88,2012-07-19T05:58:00,M7.7
2012-07-19T05:13:00,-13,88,2012-07-19T05:58:00,M7.7
2012-07-27T17:17:00,-24,-71,2012-07-27T17:26:00,M2.7
2012-07-28T20:44:00,-23,-53,2012-07-28T20:56:00,M6.1
2012-07-29T06:15:00,-23,-46,2012-07-29T06:22:00,M2.3
2012-07-30T15:39:00,-21,-28,2012-07-30T15:48:00,M1.1
2012-08-06T04:33:00,-14,-88,2012-08-06T04:38:00,M1.6
2012-08-11T11:55:00,-25,41,2012-08-11T12:20:00,M1.0
2012-08-17T13:12:00,18,-88,2012-08-17T13:19:00,M2.4
2012-08-17T17:08:00,19,-87,2012-08-17T17:20:00,M1.0
2012-08-18T00:24:00,19,-87,2012-08-18T01:02:00,M5.5
2012-08-18T03:17:00,19,-87,2012-08-18T03:23:00,M1.8
2012-08-18T16:02:00,19,-77,2012-08-18T16:07:00,M2.0
2012-08-18T23:15:00,20,-74,2012-08-18T23:22:00,M1.3
2012-08-30T12:02:00,-27,-85,2012-08-30T12:11:00,M1.3
2012-09-06T04:06:00,4,61,2012-09-06T04:13:00,M1.6
2012-09-08T17:35:00,-14,40,2012-09-08T17:59:00,M1.4
2012-09-09T21:50:00,-15,56,2012-09-09T22:36:00,M1.2
2012-09-30T04:27:00,12,81,2012-09-30T04:33:00,M1.3
2012-10-08T11:05:00,17,-88,2012-10-08T11:07:00,M2.3
2012-10-09T23:22:00,-29,-86,2012-10-09T23:27:00,M1.7
2012-10-10T04:51:00,-29,-86,2012-10-10T05:04:00,M1.0
2012-10-20T18:05:00,-12,-88,2012-10-20T18:14:00,M9.0
2012-10-21T19:46:00,-13,-78,2012-10-21T20:03:00,M1.3
2012-10-22T18:38:00,-14,-64,2012-10-22T18:47:00,M5.0
2012-10-23T03:13:00,-13,-58,2012-10-23T03:17:00,X1.8
2012-11-08T02:08:00,13,-89,2012-11-08T02:23:00,M1.7
2012-11-11T02:11:00,15,-89,2012-11-11T02:28:00,M1.0
2012-11-12T23:13:00,-25,-47,2012-11-12T23:28:00,M2.0
2012-11-13T01:58:00,-25,-46,2012-11-13T02:04:00,M6.0
2012-11-13T05:42:00,-26,-44,2012-11-13T05:48:00,M2.5
2012-11-13T20:50:00,-23,-31,2012-11-13T20:54:00,M2.8
2012-11-14T03:59:00,-23,-27,2012-11-14T04:04:00,M1.1
2012-11-20T12:36:00,6,-20,2012-11-20T12:38:00,M1.7
2012-11-20T19:21:00,5,-16,2012-11-20T19:28:00,M1.6
2012-11-21T06:45:00,7,-6,2012-11-21T06:48:00,M1.4
2012-11-21T15:10:00,5,-5,2012-11-21T15:28:00,M3.5
2012-11-27T15:52:00,6,72,2012-11-27T15:57:00,M1.6
2012-11-27T21:05:00,-13,41,2012-11-27T21:26:00,M1.0
2012-11-28T21:20:00,-12,56,2012-11-28T21:36:00,M2.2
2013-01-05T09:26:00,20,-88,2013-01-05T09:31:00,M1.7
2013-01-11T08:43:00,5,-36,2013-01-11T09:11:00,M1.2
2013-01-11T14:51:00,6,-44,2013-01-11T15:07:00,M1.0
2013-01-13T00:45:00,18,18,2013-01-13T00:50:00,M1.0
2013-01-13T08:35:00,17,22,2013-01-13T08:38:00,M1.7
2013-02-17T15:45:00,12,-20,2013-02-17T15:50:00,M1.9
2013-03-05T07:47:00,-13,54,2013-03-05T07:54:00,M1.2
2013-03-15T05:46:00,9,-6,2013-03-15T06:58:00,M1.1
2013-03-15T05:52:00,9,-7,2013-03-15T06:50:00,M1.1
2013-03-21T21:42:00,9,88,2013-03-21T22:04:00,M1.6
2013-04-05T17:34:00,7,-88,2013-04-05T17:48:00,M2.2
2013-04-11T06:55:00,7,-13,2013-04-11T07:16:00,M6.5
2013-04-12T19:52:00,21,42,2013-04-12T20:38:00,M3.3
2013-04-22T10:22:00,13,24,2013-04-22T10:29:00,M1.0
2013-05-02T04:58:00,10,25,2013-05-02T05:10:00,M1.1
2013-05-03T16:25:00,11,38,2013-05-03T16:55:00,M1.4
2013-05-03T16:39:00,11,38,2013-05-03T16:55:00,M1.3
2013-05-03T17:24:00,15,-83,2013-05-03T17:32:00,M5.7
2013-05-05T17:42:00,11,-46,2013-05-05T17:56:00,M1.4
2013-05-10T00:44:00,12,-88,2013-05-10T00:57:00,M3.9
2013-05-10T12:37:00,12,-89,2013-05-10T12:56:00,M1.3
2013-05-12T20:17:00,10,-89,2013-05-12T20:31:00,M1.9
2013-05-12T22:37:00,10,-89,2013-05-12T22:44:00,M1.2
2013-05-13T01:53:00,11,-89,2013-05-13T02:16:00,X1.7
2013-05-13T11:57:00,10,-89,2013-05-13T12:03:00,M1.3
2013-05-13T15:48:00,8,-89,2013-05-13T16:05:00,X2.8
2013-05-13T23:59:00,8,-77,2013-05-14T01:11:00,X3.2
2013-05-14T00:00:00,8,-77,2013-05-14T01:11:00,X3.2
2013-05-15T01:25:00,10,-68,2013-05-15T01:48:00,X1.2
2013-05-16T21:36:00,11,-40,2013-05-16T21:53:00,M1.3
2013-05-17T08:43:00,11,-36,2013-05-17T08:57:00,M3.2
2013-05-20T04:45:00,9,-89,2013-05-20T05:25:00,M1.8
2013-05-20T05:16:00,9,-89,2013-05-20T05:25:00,M1.7
2013-05-22T13:08:00,14,87,2013-05-22T13:32:00,M5.0
2013-05-31T19:52:00,12,-42,2013-05-31T20:00:00,M1.0
2013-06-05T08:14:00,-31,52,2013-06-05T08:56:00,M1.3
2013-06-07T22:11:00,-32,89,2013-06-07T22:49:00,M5.9
2013-06-21T02:30:00,-14,-76,2013-06-21T03:14:00,M2.9
2013-06-21T02:30:00,-14,-73,2013-06-21T03:00:00,M2.9
2013-06-23T20:48:00,-18,-63,2013-06-23T20:56:00,M2.9
2013-07-03T07:00:00,-14,-82,2013-07-03T07:08:00,M1.5
2013-08-12T10:21:00,-21,-17,2013-08-12T10:41:00,M1.5
2013-08-17T18:16:00,-4,30,2013-08-17T18:24:00,M3.3
2013-08-17T18:49:00,-5,30,2013-08-17T19:33:00,M1.4
2013-10-09T01:23:00,-23,-71,2013-10-09T01:48:00,M2.8
2013-10-11T07:01:00,21,-87,2013-10-11T07:25:00,M1.5
2013-10-13T00:12:00,-22,-17,2013-10-13T00:43:00,M1.7
2013-10-15T08:00:00,-21,16,2013-10-15T09:00:00,M1.1
2013-10-15T08:26:00,-21,14,2013-10-15T08:38:00,M1.8
2013-10-15T23:31:00,-21,22,2013-10-15T23:36:00,M1.3
2013-10-17T15:09:00,-9,63,2013-10-17T15:41:00,M1.2
2013-10-22T00:14:00,6,-16,2013-10-22T00:22:00,M1.0
2013-10-22T14:49:00,5,-8,2013-10-22T15:20:00,M1.0
2013-10-22T21:15:00,4,0,2013-10-22T21:20:00,M4.2
2013-10-23T20:41:00,5,6,2013-10-23T20:53:00,M2.7
2013-10-23T23:33:00,7,6,2013-10-23T23:43:00,M1.4
2013-10-23T23:58:00,6,8,2013-10-24T00:08:00,M3.1
2013-10-24T00:21:00,-9,-10,2013-10-24T00:30:00,M9.3
2013-10-24T09:59:00,5,14,2013-10-24T10:09:00,M2.5
2013-10-24T10:30:00,6,12,2013-10-24T10:33:00,M3.5
2013-10-25T02:48:00,-7,-76,2013-10-25T03:02:00,M2.9
2013-10-25T07:53:00,-8,-73,2013-10-25T08:01:00,X1.7
2013-10-25T09:43:00,-8,-74,2013-10-25T10:12:00,M1.0
2013-10-25T14:51:00,-6,-69,2013-10-25T15:03:00,X2.1
2013-10-25T17:02:00,-8,-67,2013-10-25T17:09:00,M1.3
2013-10-25T19:05:00,-8,-67,2013-10-25T19:21:00,M2.3
2013-10-25T20:54:00,-8,-64,2013-10-25T20:58:00,M1.9
2013-10-26T05:59:00,-8,-59,2013-10-26T06:06:00,M2.3
2013-10-26T09:17:00,-10,-58,2013-10-26T09:37:00,M1.5
2013-10-26T10:48:00,-6,-59,2013-10-26T11:17:00,M1.8
2013-10-26T19:22:00,-12,-87,2013-10-26T19:27:00,M3.1
2013-10-26T19:24:00,-12,-87,2013-10-26T19:27:00,M3.1
2013-10-26T19:49:00,-8,-51,2013-10-26T19:53:00,M1.0
2013-10-27T12:36:00,-11,-73,2013-10-27T12:48:00,M3.5
2013-10-28T01:41:00,5,72,2013-10-28T02:03:00,X1.0
2013-10-28T04:32:00,8,72,2013-10-28T04:41:00,M5.1
2013-10-28T11:32:00,-14,46,2013-10-28T11:53:00,M1.4
2013-10-28T14:00:00,8,78,2013-10-28T14:05:00,M2.8
2013-10-28T14:46:00,-8,-27,2013-10-28T15:01:00,M2.7
2013-10-28T15:07:00,-6,-28,2013-10-28T15:15:00,M4.4
2013-10-28T20:48:00,7,83,2013-10-28T20:57:00,M1.5
2013-10-29T21:42:00,5,89,2013-10-29T21:54:00,X2.3
2013-10-31T13:36:00,-10,88,2013-10-31T13:50:00,M1.9
2013-11-01T19:46:00,-12,-1,2013-11-01T19:53:00,M6.3
2013-11-02T22:13:00,-12,12,2013-11-02T22:21:00,M1.6
2013-11-03T05:16:00,-12,17,2013-11-03T05:22:00,M4.9
2013-11-05T08:12:00,-16,-51,2013-11-05T08:18:00,M2.5
2013-11-05T18:08:00,-12,-47,2013-11-05T18:13:00,M1.0
2013-11-05T22:07:00,-12,-44,2013-11-05T22:12:00,X3.3
2013-11-06T13:39:00,-12,-35,2013-11-06T13:46:00,M3.8
2013-11-06T23:35:00,-11,88,2013-11-07T00:02:00,M1.9
2013-11-06T23:44:00,-11,88,2013-11-07T00:02:00,M1.8
2013-11-07T03:34:00,-13,-28,2013-11-07T03:40:00,M2.3
2013-11-07T14:15:00,-13,-22,2013-11-07T14:25:00,M2.4
2013-11-08T04:20:00,-13,-13,2013-11-08T04:26:00,X1.1
2013-11-08T09:22:00,-17,29,2013-11-08T09:28:00,M2.3
2013-11-10T05:08:00,-13,13,2013-11-10T05:14:00,X1.1
2013-11-11T11:01:00,-17,-74,2013-11-11T11:18:00,M2.4
2013-11-13T14:57:00,-20,-46,2013-11-13T15:20:00,M1.4
2013-11-15T02:20:00,7,-53,2013-11-15T02:29:00,M1.0
2013-11-16T04:47:00,-18,29,2013-11-16T04:53:00,M1.2
2013-11-16T07:45:00,-20,30,2013-11-16T07:49:00,M1.6
2013-11-17T05:06:00,-19,41,2013-11-17T05:10:00,M1.0
2013-11-19T10:14:00,-13,69,2013-11-19T10:26:00,X1.0
2013-11-21T10:52:00,-14,89,2013-11-21T11:11:00,M1.2
2013-11-23T02:20:00,13,58,2013-11-23T02:32:00,M1.1
2013-11-23T12:49:00,12,64,2013-11-23T12:57:00,M1.0
2013-12-07T07:17:00,-16,48,2013-12-07T07:29:00,M1.2
2013-12-19T23:06:00,-16,-89,2013-12-19T23:19:00,M3.5
2013-12-20T11:35:00,-16,-78,2013-12-20T11:57:00,M1.6
2013-12-22T08:05:00,-17,51,2013-12-22T08:11:00,M1.9
2013-12-22T08:33:00,-17,52,2013-12-22T08:37:00,M1.1
2013-12-22T14:24:00,0,0,2013-12-22T14:38:00,M1.6
2013-12-22T14:24:00,-16,-44,2013-12-22T14:38:00,M1.6
2013-12-22T15:06:00,-17,55,2013-12-22T15:12:00,M3.3
2013-12-22T15:06:00,-26,-13,2013-12-22T15:12:00,M3.3
2013-12-22T21:23:00,0,0,2013-12-22T22:08:00,M1.6
2013-12-22T23:44:00,-17,58,2013-12-23T00:03:00,M1.3
2013-12-23T08:59:00,-23,-75,2013-12-23T09:06:00,M1.6
2013-12-23T08:59:00,-17,63,2013-12-23T09:06:00,M1.6
2013-12-29T07:49:00,-16,1,2013-12-29T07:56:00,M3.1
2013-12-31T21:45:00,-15,36,2013-12-31T21:53:00,M6.4
2014-01-01T18:40:00,-16,45,2014-01-01T18:52:00,M9.9
2014-01-02T02:24:00,-5,-89,2014-01-02T02:33:00,M1.7
2014-01-02T22:12:00,-5,-65,2014-01-02T22:18:00,M1.2
2014-01-03T12:41:00,-4,-52,2014-01-03T12:50:00,M1.0
2014-01-03T21:09:00,-6,-53,2014-01-03T21:14:00,M1.1
2014-01-04T10:16:00,-5,-49,2014-01-04T10:25:00,M1.3
2014-01-04T18:47:00,-11,-33,2014-01-04T19:46:00,M4.0
2014-01-04T19:05:00,-11,-34,2014-01-04T19:46:00,M4.0
2014-01-04T22:09:00,-14,89,2014-01-04T22:52:00,M2.0
2014-01-04T22:12:00,-14,89,2014-01-04T22:52:00,M1.9
2014-01-07T03:49:00,7,-7,2014-01-07T03:53:00,M1.0
2014-01-07T10:07:00,-13,-13,2014-01-07T10:13:00,M7.2
2014-01-07T18:04:00,-12,8,2014-01-07T18:32:00,X1.2
2014-01-08T03:39:00,11,88,2014-01-08T03:47:00,M3.6
2014-01-13T21:48:00,-8,75,2014-01-13T21:51:00,M1.3
2014-01-27T01:05:00,-16,-88,2014-01-27T01:21:00,M1.0
2014-01-27T02:02:00,-13,-88,2014-01-27T02:10:00,M1.1
2014-01-27T22:05:00,-14,-88,2014-01-27T22:10:00,M4.9
2014-01-28T04:02:00,-15,-88,2014-01-28T04:09:00,M1.5
2014-01-28T07:25:00,-10,-75,2014-01-28T07:31:00,M3.6
2014-01-28T11:34:00,-10,-72,2014-01-28T11:38:00,M1.4
2014-01-28T12:38:00,-84,-18,2014-01-28T12:46:00,M1.3
2014-01-28T15:24:00,-13,-88,2014-01-28T15:26:00,M3.5
2014-01-28T19:00:00,-14,-75,2014-01-28T19:40:00,M4.9
2014-01-28T22:04:00,-14,-74,2014-01-28T22:16:00,M2.6
2014-01-30T06:33:00,-14,-54,2014-01-30T06:39:00,M2.1
2014-01-30T07:54:00,-11,-54,2014-01-30T08:11:00,M1.1
2014-01-30T15:48:00,-11,-64,2014-01-30T16:11:00,M6.6
2014-01-31T15:32:00,7,-34,2014-01-31T15:42:00,M1.1
2014-02-01T01:19:00,-10,-26,2014-02-01T01:25:00,M1.0
2014-02-01T07:14:00,-10,-22,2014-02-01T07:23:00,M3.0
2014-02-02T06:24:00,12,-18,2014-02-02T06:34:00,M2.6
2014-02-02T07:17:00,-11,-13,2014-02-02T08:20:00,M2.2
2014-02-02T09:24:00,-10,-13,2014-02-02T09:31:00,M4.4
2014-02-02T14:01:00,12,-14,2014-02-02T14:06:00,M1.3
2014-02-02T16:24:00,9,-6,2014-02-02T16:29:00,M1.0
2014-02-02T18:05:00,-10,-8,2014-02-02T18:11:00,M3.1
2014-02-02T21:24:00,-10,-1,2014-02-02T22:04:00,M1.3
2014-02-04T01:16:00,-9,13,2014-02-04T01:23:00,M3.8
2014-02-04T02:40:00,-15,3,2014-02-04T03:06:00,M1.2
2014-02-04T03:57:00,-14,7,2014-02-04T04:00:00,M5.2
2014-02-04T09:38:00,-14,11,2014-02-04T09:49:00,M1.4
2014-02-04T15:25:00,-14,14,2014-02-04T16:02:00,M1.5
2014-02-05T16:11:00,-10,36,2014-02-05T16:20:00,M1.3
2014-02-05T16:11:00,-10,34,2014-02-05T16:20:00,M1.3
2014-02-06T22:56:00,-15,48,2014-02-06T23:05:00,M1.5
2014-02-07T04:47:00,-16,51,2014-02-07T04:56:00,M2.0
2014-02-07T10:25:00,12,53,2014-02-07T10:29:00,M1.9
2014-02-09T15:40:00,-17,-79,2014-02-09T16:17:00,M1.0
2014-02-09T15:40:00,-16,-88,2014-02-09T16:14:00,M1.0
2014-02-11T03:22:00,-13,-16,2014-02-11T03:31:00,M1.7
2014-02-11T16:34:00,-10,-8,2014-02-11T16:51:00,M1.8
2014-02-12T03:52:00,-13,0,2014-02-12T04:25:00,M3.7
2014-02-12T06:54:00,-14,4,2014-02-12T06:58:00,M2.3
2014-02-12T15:41:00,-10,4,2014-02-12T15:51:00,M2.1
2014-02-13T01:32:00,-12,9,2014-02-13T01:40:00,M1.8
2014-02-13T02:41:00,-11,10,2014-02-13T02:51:00,M1.0
2014-02-13T05:49:00,-11,11,2014-02-13T06:07:00,M1.7
2014-02-13T08:05:00,-11,11,2014-02-13T08:12:00,M1.0
2014-02-13T15:45:00,-11,16,2014-02-13T15:57:00,M1.4
2014-02-14T02:40:00,-11,24,2014-02-14T02:57:00,M2.3
2014-02-14T12:29:00,-14,35,2014-02-14T12:40:00,M1.6
2014-02-14T13:21:00,-12,30,2014-02-14T13:28:00,M1.1
2014-02-14T16:33:00,-12,39,2014-02-14T16:39:00,M1.0
2014-02-16T09:20:00,-10,0,2014-02-16T09:26:00,M1.1
2014-02-20T07:26:00,-15,75,2014-02-20T07:55:00,M3.0
2014-02-23T05:50:00,-16,-88,2014-02-23T06:09:00,M1.1
2014-02-24T11:03:00,-11,-88,2014-02-24T11:17:00,M1.2
2014-02-24T12:00:00,-12,18,2014-02-24T12:05:00,M1.3
2014-02-25T00:39:00,-12,-77,2014-02-25T00:49:00,X4.9
2014-02-26T14:52:00,-12,45,2014-02-26T15:01:00,M1.1
2014-02-28T00:44:00,-22,-52,2014-02-28T00:48:00,M1.1
2014-03-01T13:18:00,-12,88,2014-03-01T13:33:00,M1.1
2014-03-02T23:11:00,14,74,2014-03-02T23:19:00,M1.1
2014-03-03T15:54:00,7,36,2014-03-03T15:58:00,M1.2
2014-03-05T02:06:00,-27,8,2014-03-05T02:10:00,M1.0
2014-03-08T23:26:00,-18,-64,2014-03-08T23:41:00,M1.4
2014-03-09T13:52:00,-18,-55,2014-03-09T13:58:00,M1.0
2014-03-09T20:13:00,-18,-53,2014-03-09T20:28:00,M1.0
2014-03-10T00:19:00,-18,-51,2014-03-10T00:26:00,M1.1
2014-03-10T04:02:00,-18,-48,2014-03-10T04:08:00,M1.0
2014-03-10T15:21:00,-17,-41,2014-03-10T15:28:00,M1.7
2014-03-10T22:45:00,14,49,2014-03-10T23:00:00,M1.4
2014-03-11T03:44:00,14,53,2014-03-11T03:50:00,M3.5
2014-03-11T11:58:00,-25,86,2014-03-11T12:07:00,M1.7
2014-03-12T10:55:00,14,70,2014-03-12T11:05:00,M2.5
2014-03-12T22:28:00,14,76,2014-03-12T22:34:00,M9.3
2014-03-13T19:03:00,15,87,2014-03-13T19:19:00,M1.2
2014-03-20T03:42:00,-12,-76,2014-03-20T03:56:00,M1.7
2014-03-22T06:58:00,-9,69,2014-03-22T07:02:00,M1.1
2014-03-28T19:04:00,10,20,2014-03-28T19:18:00,M2.0
2014-03-28T23:44:00,10,22,2014-03-28T23:51:00,M2.6
2014-03-29T17:35:00,10,32,2014-03-29T17:48:00,X1.0
2014-03-30T11:48:00,10,42,2014-03-30T11:55:00,M2.1
2014-03-31T07:20:00,-13,76,2014-03-31T08:07:00,M1.4
2014-04-02T13:18:00,9,-52,2014-04-02T14:05:00,M6.5
2014-04-16T19:54:00,-14,-9,2014-04-16T19:59:00,M1.0
2014-04-18T12:31:00,-20,34,2014-04-18T13:03:00,M7.3
2014-04-25T00:17:00,-14,89,2014-04-25T00:27:00,X1.3
2014-05-06T08:41:00,-13,87,2014-05-06T09:03:00,M1.8
2014-05-06T22:01:00,-11,89,2014-05-06T22:09:00,M1.0
2014-05-07T16:07:00,-11,89,2014-05-07T16:28:00,M1.2
2014-05-08T09:59:00,5,-55,2014-05-08T10:07:00,M5.2
2014-05-24T18:26:00,-20,53,2014-05-24T18:35:00,M1.3
2014-06-03T03:58:00,-6,-30,2014-06-03T04:09:00,M1.3
2014-06-06T19:26:00,-12,-25,2014-06-06T19:31:00,M1.4
2014-06-10T11:36:00,-19,-81,2014-06-10T11:42:00,X2.2
2014-06-10T12:36:00,-20,-89,2014-06-10T12:52:00,X1.5
2014-06-11T05:30:00,-12,35,2014-06-11T05:34:00,M1.8
2014-06-11T08:00:00,-18,-68,2014-06-11T08:09:00,M3.0
2014-06-11T08:59:00,-18,-66,2014-06-11T09:06:00,X1.0
2014-06-11T20:53:00,-18,-59,2014-06-11T21:03:00,M3.9
2014-06-12T04:14:00,-18,-55,2014-06-12T04:21:00,M2.0
2014-06-12T09:23:00,-18,48,2014-06-12T09:37:00,M1.8
2014-06-12T10:14:00,-18,-52,2014-06-12T10:21:00,M2.7
2014-06-12T18:03:00,-18,-47,2014-06-12T18:13:00,M1.3
2014-06-12T19:56:00,18,-5,2014-06-12T20:03:00,M1.1
2014-06-12T21:01:00,-18,-46,2014-06-12T21:13:00,M1.0
2014-06-12T21:34:00,-17,62,2014-06-12T22:16:00,M3.1
2014-06-13T07:49:00,-18,-39,2014-06-13T07:56:00,M2.6
2014-06-14T19:23:00,-10,-89,2014-06-14T19:29:00,M1.4
2014-06-15T11:07:00,-22,89,2014-06-15T11:39:00,M1.1
2014-06-15T11:10:00,-22,89,2014-06-15T11:39:00,M1.1
2014-06-15T23:50:00,-19,-8,2014-06-16T00:01:00,M1.0
2014-07-01T11:05:00,12,-60,2014-07-01T11:23:00,M1.4
2014-07-08T16:06:00,9,-56,2014-07-08T16:20:00,M6.5
2014-07-09T00:20:00,8,-50,2014-07-09T00:26:00,M1.2
2014-07-10T22:29:00,14,76,2014-07-10T22:34:00,M1.5
2014-07-31T11:01:00,-10,-51,2014-07-31T11:14:00,M2.5
2014-08-01T14:43:00,-9,-35,2014-08-01T14:48:00,M2.0
2014-08-01T17:55:00,-10,-11,2014-08-01T18:12:00,M1.5
2014-08-21T13:19:00,11,-88,2014-08-21T13:31:00,M3.4
2014-08-22T06:18:00,9,-76,2014-08-22T06:28:00,M1.2
2014-08-24T12:00:00,-9,-76,2014-08-24T12:17:00,M5.9
2014-08-25T14:46:00,6,39,2014-08-25T15:10:00,M2.0
2014-08-25T20:06:00,7,43,2014-08-25T20:20:00,M3.9
2014-09-03T13:20:00,-15,-87,2014-09-03T13:54:00,M2.5
2014-09-06T16:50:00,-15,-52,2014-09-06T17:09:00,M1.1
2014-09-08T23:12:00,14,-31,2014-09-09T00:29:00,M4.5
2014-09-08T23:12:00,14,-31,2014-09-09T00:28:00,M4.6
2014-09-10T17:21:00,11,-5,2014-09-10T17:45:00,X1.6
2014-09-11T15:20:00,15,-88,2014-09-11T15:25:00,M2.1
2014-09-11T21:01:00,-17,17,2014-09-11T21:26:00,M1.4
2014-09-11T21:22:00,14,-88,2014-09-11T21:26:00,M1.4
2014-09-14T02:03:00,-14,49,2014-09-14T02:16:00,M1.5
2014-09-18T08:37:00,4,-69,2014-09-18T08:41:00,M1.2
2014-09-23T23:03:00,-14,-32,2014-09-23T23:16:00,M2.3
2014-09-27T08:32:00,-4,-89,2014-09-27T08:37:00,M1.0
2014-10-09T01:30:00,-16,44,2014-10-09T01:43:00,M1.3
2014-10-09T01:54:00,-16,45,2014-10-09T01:58:00,M1.4
2014-10-09T06:48:00,-16,48,2014-10-09T06:59:00,M1.2
2014-10-14T18:21:00,-12,-88,2014-10-14T18:37:00,M1.1
2014-10-14T19:00:00,-11,-88,2014-10-14T21:18:00,M2.3
2014-10-14T19:07:00,-11,-88,2014-10-14T21:21:00,M2.2
2014-10-16T12:58:00,-13,-88,2014-10-16T13:03:00,M4.3
2014-10-18T07:02:00,-14,-82,2014-10-18T07:58:00,M1.6
2014-10-19T04:17:00,-14,-64,2014-10-19T05:01:00,X1.1
2014-10-20T09:00:00,-16,-42,2014-10-20T09:11:00,M3.9
2014-10-20T16:00:00,-14,-39,2014-10-20T16:37:00,M4.5
2014-10-20T18:55:00,-15,-46,2014-10-20T19:02:00,M1.4
2014-10-20T19:53:00,-14,-36,2014-10-20T20:03:00,M1.7
2014-10-20T22:43:00,-14,-36,2014-10-20T22:55:00,M1.2
2014-10-21T13:35:00,-14,-35,2014-10-21T13:38:00,M1.2
2014-10-22T01:16:00,-13,-21,2014-10-22T01:59:00,M8.7
2014-10-22T05:11:00,-15,-14,2014-10-22T05:17:00,M2.7
2014-10-22T14:02:00,-14,-13,2014-10-22T14:28:00,X1.6
2014-10-22T15:51:00,-11,-88,2014-10-22T15:57:00,M1.4
2014-10-23T09:44:00,-16,-3,2014-10-23T09:50:00,M1.1
2014-10-23T09:44:00,-17,-3,2014-10-23T09:50:00,M1.1
2014-10-24T07:37:00,-19,5,2014-10-24T07:48:00,M4.0
2014-10-24T21:07:00,-22,21,2014-10-24T21:40:00,X3.1
2014-10-25T16:55:00,-10,22,2014-10-25T17:08:00,X1.0
2014-10-26T10:04:00,-14,37,2014-10-26T10:56:00,X2.0
2014-10-26T17:08:00,-13,38,2014-10-26T17:17:00,M1.0
2014-10-26T18:07:00,-14,37,2014-10-26T18:15:00,M4.2
2014-10-26T18:43:00,-14,38,2014-10-26T18:49:00,M1.9
2014-10-26T18:43:00,-13,38,2014-10-26T18:49:00,M1.9
2014-10-26T19:59:00,-15,45,2014-10-26T20:21:00,M2.4
2014-10-27T00:06:00,-12,42,2014-10-27T00:34:00,M7.1
2014-10-27T01:44:00,-13,45,2014-10-27T02:02:00,M1.0
2014-10-27T03:35:00,-13,45,2014-10-27T03:41:00,M1.3
2014-10-27T09:59:00,-84,-11,2014-10-27T10:09:00,M6.7
2014-10-27T14:12:00,-16,56,2014-10-27T14:47:00,X2.0
2014-10-27T17:33:00,-21,51,2014-10-27T17:40:00,M1.4
2014-10-28T02:15:00,-15,65,2014-10-28T02:41:00,M3.4
2014-10-28T03:23:00,-84,-15,2014-10-28T03:32:00,M6.6
2014-10-28T13:54:00,-16,74,2014-10-28T14:05:00,M1.6
2014-10-28T13:54:00,-17,74,2014-10-28T14:06:00,M1.6
2014-10-29T06:03:00,-14,77,2014-10-29T08:20:00,M1.0
2014-10-29T09:54:00,-18,77,2014-10-29T10:01:00,M1.2
2014-10-29T14:24:00,-13,78,2014-10-29T14:33:00,M1.4
2014-10-29T16:06:00,-14,82,2014-10-29T16:20:00,M1.0
2014-10-29T18:47:00,-13,77,2014-10-29T18:50:00,M1.3
2014-10-29T21:18:00,-9,88,2014-10-29T21:22:00,M2.3
2014-10-30T00:34:00,-14,80,2014-10-30T00:37:00,M1.3
2014-10-30T01:19:00,-14,88,2014-10-30T01:35:00,M3.5
2014-10-30T04:17:00,-7,89,2014-10-30T04:28:00,M1.2
2014-11-03T11:23:00,17,-89,2014-11-03T11:53:00,M2.2
2014-11-03T22:15:00,14,-89,2014-11-03T22:40:00,M6.5
2014-11-04T07:59:00,13,-89,2014-11-04T08:38:00,M2.6
2014-11-04T08:52:00,14,-89,2014-11-04T09:04:00,M2.3
2014-11-05T09:26:00,15,-69,2014-11-05T09:47:00,M7.9
2014-11-05T18:48:00,16,-70,2014-11-05T19:44:00,M3.0
2014-11-05T18:50:00,16,-70,2014-11-05T19:44:00,M2.9
2014-11-06T01:29:00,14,-58,2014-11-06T01:39:00,M3.2
2014-11-06T03:32:00,-85,-15,2014-11-06T03:46:00,M5.4
2014-11-06T21:53:00,-9,80,2014-11-06T22:16:00,M2.5
2014-11-07T04:12:00,14,-45,2014-11-07T04:25:00,M2.0
2014-11-07T10:13:00,17,-44,2014-11-07T10:22:00,M1.0
2014-11-07T16:53:00,14,-36,2014-11-07T17:25:00,X1.6
2014-11-09T15:24:00,14,-12,2014-11-09T15:32:00,M2.3
2014-11-15T11:40:00,-11,-62,2014-11-15T12:03:00,M3.2
2014-11-15T20:38:00,-14,-63,2014-11-15T20:46:00,M3.7
2014-11-16T17:35:00,-12,-46,2014-11-16T17:48:00,M5.7
2014-12-01T06:26:00,-22,-17,2014-12-01T06:41:00,M1.8
2014-12-04T08:00:00,-19,25,2014-12-04T08:10:00,M1.3
2014-12-04T08:00:00,-20,26,2014-12-04T08:10:00,M1.3
2014-12-04T18:05:00,-20,31,2014-12-04T18:25:00,M6.1
2014-12-04T19:38:00,-21,28,2014-12-04T19:41:00,M1.3
2014-12-05T11:33:00,-23,41,2014-12-05T12:25:00,M1.5
2014-12-05T11:33:00,-21,40,2014-12-05T12:23:00,M1.5
2014-12-05T11:33:00,-22,41,2014-12-05T12:23:00,M1.5
2014-12-13T05:13:00,-9,-84,2014-12-13T05:20:00,M1.5
2014-12-14T19:25:00,-20,-44,2014-12-14T19:33:00,M1.6
2014-12-17T00:57:00,-20,-8,2014-12-17T01:10:00,M1.5
2014-12-17T00:57:00,-11,-37,2014-12-17T01:00:00,M1.5
2014-12-17T01:41:00,-88,-44,2014-12-17T01:50:00,M1.1
2014-12-17T01:41:00,-11,-37,2014-12-17T01:50:00,M1.1
2014-12-17T04:25:00,-19,-8,2014-12-17T04:50:00,M8.7
2014-12-17T04:25:00,-18,-8,2014-12-17T04:50:00,M8.7
2014-12-17T18:54:00,-10,-22,2014-12-17T19:01:00,M1.4
2014-12-17T18:54:00,-10,-23,2014-12-17T19:01:00,M1.4
2014-12-18T21:41:00,-11,-10,2014-12-18T21:54:00,M6.9
2014-12-19T09:31:00,-16,29,2014-12-19T09:44:00,M1.3
2014-12-20T00:11:00,-18,29,2014-12-20T00:27:00,X1.8
2014-12-20T00:11:00,-19,28,2014-12-20T00:24:00,X1.8
2014-12-21T07:18:00,-18,50,2014-12-21T07:32:00,M1.2
2014-12-21T07:18:00,-18,47,2014-12-21T07:32:00,M1.2
2014-12-21T11:24:00,-13,25,2014-12-21T12:17:00,M1.0
2014-12-22T01:33:00,-19,59,2014-12-22T01:49:00,M1.0
2014-12-22T01:33:00,-18,60,2014-12-22T01:49:00,M1.0
2014-12-27T02:03:00,-10,48,2014-12-27T02:16:00,M2.2
2015-01-03T09:40:00,-5,-16,2015-01-03T09:47:00,M1.1
2015-01-04T15:18:00,-5,-1,2015-01-04T15:36:00,M1.3
2015-01-13T04:13:00,6,70,2015-01-13T04:24:00,M5.6
2015-01-13T04:46:00,5,76,2015-01-13T04:58:00,M4.9
2015-01-14T12:30:00,8,89,2015-01-14T12:58:00,M2.2
2015-01-22T04:43:00,-11,-89,2015-01-22T04:52:00,M1.4
2015-01-26T16:46:00,-9,-32,2015-01-26T16:53:00,M1.1
2015-01-28T04:21:00,-10,-8,2015-01-28T04:41:00,M1.4
2015-01-28T21:32:00,7,-74,2015-01-28T21:37:00,M1.0
2015-01-29T11:32:00,-12,9,2015-01-29T11:42:00,M2.1
2015-01-30T00:32:00,-12,16,2015-01-30T00:44:00,M2.0
2015-01-30T05:29:00,-12,19,2015-01-30T05:36:00,M1.7
2015-01-30T12:10:00,7,-52,2015-01-30T12:16:00,M2.4
2015-02-04T02:08:00,8,10,2015-02-04T02:15:00,M1.2
2015-02-09T22:59:00,12,-61,2015-02-09T23:35:00,M2.4
2015-03-02T06:31:00,22,86,2015-03-02T06:39:00,M1.0
2015-03-02T09:37:00,20,86,2015-03-02T09:48:00,M1.1
2015-03-02T15:10:00,21,86,2015-03-02T15:28:00,M3.7
2015-03-02T19:21:00,19,87,2015-03-02T19:31:00,M4.1
2015-03-03T01:25:00,20,86,2015-03-03T01:35:00,M8.2
2015-03-05T17:06:00,-14,-88,2015-03-05T18:11:00,M1.2
2015-03-06T04:14:00,-20,-87,2015-03-06T04:57:00,M3.0
2015-03-06T06:55:00,-20,-87,2015-03-06T08:15:00,M1.5
2015-03-07T21:45:00,-19,-74,2015-03-07T22:22:00,M9.2
2015-03-07T21:59:00,-19,-72,2015-03-07T22:00:00,M9.2
2015-03-09T14:22:00,-16,-48,2015-03-09T14:33:00,M4.5
2015-03-10T03:19:00,-15,-39,2015-03-10T03:24:00,M5.1
2015-03-10T23:46:00,-15,-28,2015-03-11T00:02:00,M2.9
2015-03-11T07:10:00,-82,-6,2015-03-11T07:18:00,M1.8
2015-03-11T07:51:00,-15,-23,2015-03-11T07:57:00,M2.6
2015-03-11T16:11:00,-17,-22,2015-03-11T16:22:00,X2.1
2015-03-11T18:37:00,-15,-18,2015-03-11T18:51:00,M1.0
2015-03-12T04:41:00,-15,-11,2015-03-12T04:46:00,M3.2
2015-03-12T11:38:00,-17,-11,2015-03-12T11:50:00,M1.6
2015-03-12T12:09:00,-18,-5,2015-03-12T12:14:00,M1.4
2015-03-12T13:50:00,-15,-6,2015-03-12T14:08:00,M4.2
2015-03-12T21:44:00,-15,-1,2015-03-12T21:51:00,M2.7
2015-03-13T03:47:00,-17,-4,2015-03-13T04:00:00,M1.2
2015-03-13T03:47:00,-17,-3,2015-03-13T04:01:00,M1.2
2015-03-13T05:49:00,-14,2,2015-03-13T06:07:00,M1.8
2015-03-14T04:23:00,-15,13,2015-03-14T04:40:00,M1.3
2015-03-15T09:36:00,-18,24,2015-03-15T09:40:00,M1.0
2015-03-15T22:42:00,-19,32,2015-03-15T23:22:00,M1.2
2015-03-16T10:39:00,-17,38,2015-03-16T10:58:00,M1.6
2015-03-17T22:49:00,-15,65,2015-03-17T23:34:00,M1.0
2015-04-08T14:37:00,-13,4,2015-04-08T14:43:00,M1.4
2015-04-12T08:51:00,11,-78,2015-04-12T09:49:00,M1.1
2015-04-21T07:08:00,11,80,2015-04-21T07:20:00,M1.0
2015-04-21T10:17:00,16,-80,2015-04-21T10:40:00,M2.2
2015-04-21T11:49:00,10,80,2015-04-21T11:57:00,M2.2
2015-04-21T15:24:00,10,80,2015-04-21T15:45:00,M4.0
2015-04-21T16:55:00,10,80,2015-04-21T17:00:00,M2.0
2015-04-21T21:39:00,10,80,2015-04-21T21:45:00,M1.8
2015-04-21T21:58:00,9,80,2015-04-21T22:01:00,M1.2
2015-04-22T08:30:00,9,80,2015-04-22T08:44:00,M1.1
2015-04-23T09:18:00,7,80,2015-04-23T10:07:00,M1.1
2015-05-05T09:42:00,14,-81,2015-05-05T09:47:00,M1.9
2015-05-05T13:45:00,14,-82,2015-05-05T13:53:00,M1.2
2015-05-05T14:19:00,-16,-17,2015-05-05T14:25:00,M1.3
2015-05-05T17:12:00,-16,-15,2015-05-05T17:24:00,M2.6
2015-05-05T22:05:00,15,-79,2015-05-05T22:11:00,X2.7
2015-05-06T11:45:00,-19,-8,2015-05-06T11:49:00,M1.9
2015-06-11T08:49:00,-19,-83,2015-06-11T08:55:00,M1.0
2015-06-13T07:20:00,14,76,2015-06-13T07:29:00,M1.3
2015-06-14T00:52:00,14,81,2015-06-14T00:59:00,M2.0
2015-06-18T00:34:00,-16,81,2015-06-18T01:27:00,M1.3
2015-06-18T16:25:00,10,-50,2015-06-18T17:35:00,M3.1
2015-06-18T16:30:00,9,-50,2015-06-18T17:36:00,M3.0
2015-06-20T06:28:00,13,-28,2015-06-20T06:48:00,M1.0
2015-06-21T01:02:00,12,-16,2015-06-21T01:42:00,M2.0
2015-06-21T02:04:00,12,-16,2015-06-21T02:34:00,M2.7
2015-06-21T09:38:00,-17,57,2015-06-21T09:44:00,M3.8
2015-06-21T18:10:00,-18,65,2015-06-21T18:20:00,M1.1
2015-06-21T18:10:00,-18,64,2015-06-21T18:20:00,M1.1
2015-06-22T17:39:00,13,6,2015-06-22T18:23:00,M6.5
2015-06-25T08:02:00,12,40,2015-06-25T08:16:00,M7.9
2015-07-03T12:47:00,-17,-67,2015-07-03T12:51:00,M1.5
2015-07-06T08:24:00,14,-42,2015-07-06T08:44:00,M1.0
2015-07-06T20:32:00,13,-34,2015-07-06T20:40:00,M1.7
2015-08-21T01:56:00,-12,-38,2015-08-21T02:18:00,M1.2
2015-08-21T09:34:00,-17,-26,2015-08-21T09:48:00,M1.4
2015-08-21T19:10:00,-15,-27,2015-08-21T20:34:00,M1.1
2015-08-22T06:39:00,-15,-13,2015-08-22T06:49:00,M1.2
2015-08-22T13:17:00,-16,-19,2015-08-22T13:23:00,M2.2
2015-08-22T21:19:00,-16,-15,2015-08-22T21:24:00,M3.5
2015-08-24T07:26:00,-14,0,2015-08-24T07:33:00,M5.6
2015-08-24T17:40:00,-14,4,2015-08-24T17:46:00,M1.0
2015-08-27T04:48:00,-14,49,2015-08-27T05:44:00,M2.9
2015-08-28T13:04:00,-14,66,2015-08-28T13:16:00,M2.2
2015-08-28T18:56:00,-14,70,2015-08-28T19:03:00,M2.1
2015-08-30T02:01:00,-17,80,2015-08-30T03:30:00,M1.4
2015-09-17T09:34:00,-20,5,2015-09-17T09:40:00,M1.1
2015-09-17T09:34:00,-19,5,2015-09-17T09:40:00,M1.1
2015-09-20T04:55:00,9,-83,2015-09-20T05:03:00,M1.5
2015-09-20T17:32:00,-22,50,2015-09-20T18:01:00,M2.1
2015-09-27T10:20:00,-10,57,2015-09-27T10:40:00,M1.9
2015-09-27T20:54:00,-21,15,2015-09-27T21:00:00,M1.0
2015-09-28T03:45:00,-8,71,2015-09-28T03:55:00,M3.6
2015-09-28T07:27:00,-21,22,2015-09-28T07:34:00,M1.1
2015-09-28T13:01:00,-21,26,2015-09-28T13:18:00,M1.1
2015-09-28T13:01:00,-22,25,2015-09-28T13:17:00,M1.1
2015-09-28T14:53:00,-20,28,2015-09-28T14:58:00,M7.6
2015-09-29T03:11:00,-9,80,2015-09-29T03:16:00,M1.2
2015-09-29T03:41:00,-9,88,2015-09-29T03:43:00,M1.1
2015-09-29T05:05:00,-20,36,2015-09-29T05:16:00,M2.9
2015-09-29T05:05:00,-82,-9,2015-09-29T05:16:00,M2.9
2015-09-29T05:33:00,-9,80,2015-09-29T05:37:00,M1.2
2015-09-29T05:53:00,-82,-9,2015-09-29T05:56:00,M1.0
2015-09-29T05:53:00,-19,37,2015-09-29T05:56:00,M1.0
2015-09-29T06:39:00,-20,38,2015-09-29T06:43:00,M1.4
2015-09-29T08:46:00,-19,39,2015-09-29T08:51:00,M1.3
2015-09-29T11:09:00,-20,39,2015-09-29T11:15:00,M1.6
2015-09-29T19:20:00,-15,44,2015-09-29T19:24:00,M1.1
2015-09-30T10:49:00,-20,50,2015-09-30T10:59:00,M1.3
2015-09-30T13:18:00,-20,55,2015-09-30T13:20:00,M1.1
2015-10-01T13:03:00,-20,60,2015-10-01T13:10:00,M4.5
2015-10-02T00:06:00,-20,66,2015-10-02T00:13:00,M5.5
2015-10-02T12:19:00,-20,73,2015-10-02T12:26:00,M1.0
2015-10-02T17:08:00,-21,78,2015-10-02T17:18:00,M1.0
2015-10-04T02:34:00,-18,78,2015-10-04T02:41:00,M1.0
2015-10-15T22:45:00,-11,-50,2015-10-15T23:31:00,M1.1
2015-10-15T23:27:00,-11,-49,2015-10-15T23:31:00,M1.1
2015-10-16T06:11:00,-11,-45,2015-10-16T06:16:00,M1.1
2015-10-17T20:09:00,-18,-79,2015-10-17T20:23:00,M1.1
2015-10-17T20:35:00,-83,-16,2015-10-17T20:42:00,M1.5
2015-10-17T20:35:00,-9,-23,2015-10-17T20:42:00,M1.5
2015-10-31T17:48:00,6,-53,2015-10-31T17:52:00,M1.0
2015-11-04T03:20:00,14,66,2015-11-04T03:25:00,M1.9
2015-11-04T11:55:00,15,71,2015-11-04T12:03:00,M2.5
2015-11-04T11:55:00,15,72,2015-11-04T12:01:00,M2.5
2015-11-04T13:31:00,8,2,2015-11-04T13:52:00,M3.7
2015-11-09T12:49:00,-13,-39,2015-11-09T13:12:00,M3.9
2015-12-21T00:52:00,1,-81,2015-12-21T01:03:00,M2.8
2015-12-21T10:09:00,1,-81,2015-12-21T10:19:00,M1.1
2015-12-21T10:09:00,0,-82,2015-12-21T10:19:00,M1.1
2015-12-22T03:15:00,-22,-77,2015-12-22T03:34:00,M1.6
2015-12-23T00:23:00,-21,-65,2015-12-23T00:40:00,M4.7
2015-12-24T01:49:00,-21,-50,2015-12-24T02:12:00,M1.1
2015-12-28T11:20:00,-23,11,2015-12-28T12:45:00,M1.9
2016-01-01T23:10:00,-25,82,2016-01-02T00:10:00,M2.4
2016-02-12T10:36:00,11,14,2016-02-12T10:47:00,M1.0
2016-02-13T15:16:00,14,28,2016-02-13T15:24:00,M1.8
2016-02-14T19:18:00,13,47,2016-02-14T19:26:00,M1.0
2016-02-15T10:41:00,11,54,2016-02-15T11:00:00,M1.1
2016-04-18T00:14:00,11,60,2016-04-18T00:29:00,M6.7
2016-07-21T00:42:00,3,42,2016-07-21T00:46:00,M1.2
2016-07-21T01:34:00,2,42,2016-07-21T01:48:00,M1.0
2016-07-23T01:46:00,5,73,2016-07-23T02:11:00,M5.0
2016-07-23T05:00:00,5,73,2016-07-23T05:16:00,M7.6
2016-07-23T05:27:00,2,75,2016-07-23T05:31:00,M5.5
2016-07-24T06:09:00,6,89,2016-07-24T06:20:00,M2.0
2016-07-24T17:30:00,7,89,2016-07-24T17:43:00,M1.9
2016-08-07T14:37:00,-15,88,2016-08-07T14:44:00,M1.3
2016-11-29T17:19:00,-8,-56,2016-11-29T17:23:00,M1.0
2016-11-29T17:19:00,-7,-56,2016-11-29T17:23:00,M1.0
2016-11-29T23:29:00,-7,-51,2016-11-29T23:38:00,M1.2
2017-04-01T21:35:00,13,54,2017-04-01T21:48:00,M4.4
2017-04-02T07:50:00,12,60,2017-04-02T08:02:00,M5.4
2017-04-02T12:52:00,13,61,2017-04-02T13:00:00,M2.3
2017-04-02T18:18:00,12,66,2017-04-02T18:38:00,M2.1
2017-04-02T20:26:00,15,66,2017-04-02T20:33:00,M5.7
2017-04-02T20:27:00,15,66,2017-04-02T20:33:00,M5.7
2017-04-03T00:56:00,15,68,2017-04-03T01:05:00,M1.2
2017-04-03T14:19:00,16,78,2017-04-03T14:29:00,M5.8
2017-07-03T15:37:00,3,89,2017-07-03T16:15:00,M1.3
2017-07-09T03:09:00,-6,-37,2017-07-09T03:18:00,M1.3
2017-07-14T01:07:00,-9,33,2017-07-14T02:09:00,M2.4
2017-08-20T01:36:00,6,-89,2017-08-20T01:52:00,M1.1
2017-09-04T05:36:00,-10,4,2017-09-04T05:49:00,M1.2
2017-09-04T15:11:00,-10,8,2017-09-04T15:30:00,M1.5
2017-09-04T18:05:00,-7,11,2017-09-04T18:22:00,M1.0
2017-09-04T18:46:00,-9,11,2017-09-04T19:37:00,M1.7
2017-09-04T19:59:00,-10,11,2017-09-04T20:02:00,M1.5
2017-09-04T20:28:00,-10,11,2017-09-04T20:33:00,M5.5
2017-09-04T22:10:00,-9,12,2017-09-04T22:14:00,M2.1
2017-09-05T01:03:00,-9,14,2017-09-05T01:08:00,M4.2
2017-09-05T03:42:00,-9,15,2017-09-05T03:51:00,M1.0
2017-09-05T04:33:00,-11,18,2017-09-05T04:53:00,M3.2
2017-09-05T06:33:00,-82,-8,2017-09-05T06:40:00,M3.8
2017-09-05T17:37:00,-10,23,2017-09-05T17:43:00,M2.3
2017-09-06T08:35:00,-8,33,2017-09-06T09:27:00,M7.7
2017-09-06T08:57:00,-8,32,2017-09-06T09:10:00,X2.2
2017-09-06T11:53:00,-9,34,2017-09-06T12:02:00,X9.3
2017-09-06T15:51:00,-8,36,2017-09-06T15:56:00,M2.5
2017-09-06T19:21:00,-8,38,2017-09-06T19:30:00,M1.4
2017-09-06T23:33:00,-8,40,2017-09-06T23:39:00,M1.2
2017-09-07T04:59:00,-8,44,2017-09-07T05:02:00,M2.4
2017-09-07T09:49:00,-7,46,2017-09-07T09:54:00,M1.4
2017-09-07T10:11:00,-7,46,2017-09-07T10:15:00,M7.3
2017-09-07T14:20:00,-8,48,2017-09-07T14:36:00,X1.3
2017-09-07T23:50:00,-11,54,2017-09-07T23:59:00,M3.9
2017-09-08T02:19:00,-9,55,2017-09-08T02:24:00,M1.3
2017-09-08T03:39:00,-7,55,2017-09-08T03:43:00,M1.2
2017-09-08T07:40:00,-9,57,2017-09-08T07:49:00,M8.1
2017-09-08T15:09:00,-9,63,2017-09-08T15:47:00,M2.9
2017-09-08T23:33:00,-8,69,2017-09-08T23:45:00,M2.1
2017-09-09T04:14:00,-11,70,2017-09-09T04:28:00,M1.1
2017-09-09T10:50:00,-8,74,2017-09-09T11:04:00,M3.7
2017-09-09T22:04:00,-9,88,2017-09-09T23:53:00,M1.2
2017-09-10T15:35:00,-8,88,2017-09-10T16:06:00,X8.2
2017-10-20T23:10:00,-12,-88,2017-10-20T23:28:00,M1.1
2019-05-06T05:04:00,8,-50,2019-05-06T05:10:00,M1.0
2020-05-29T07:18:00,32,-89,2020-05-29T07:24:00,M1.2
2020-11-29T12:34:00,-23,-89,2020-11-29T13:11:00,M4.4
2021-04-19T23:19:00,-24,-23,2021-04-19T23:42:00,M1.1
2021-05-07T18:43:00,17,-78,2021-05-07T19:04:00,M3.9
2021-05-22T17:03:00,18,-18,2021-05-22T17:11:00,M1.1
2021-05-22T21:30:00,20,-12,2021-05-22T21:36:00,M1.4
2021-05-23T11:00:00,20,-5,2021-05-23T11:08:00,M1.1
2021-07-03T07:04:00,23,78,2021-07-03T07:17:00,M2.7
2021-07-03T14:18:00,23,82,2021-07-03T14:29:00,X1.5
2021-07-03T16:59:00,22,83,2021-07-03T17:03:00,M1.0
2021-07-04T05:01:00,22,88,2021-07-04T05:09:00,M1.5
2021-08-28T05:39:00,-27,1,2021-08-28T06:11:00,M4.7
2021-09-23T04:07:00,-30,-21,2021-09-23T04:42:00,M2.9
2021-09-23T04:35:00,-30,-22,2021-09-23T04:42:00,M2.8
2021-09-23T15:23:00,-29,-16,2021-09-23T15:28:00,M1.8
2021-10-09T06:19:00,18,-8,2021-10-09T06:38:00,M1.6
2021-10-26T02:40:00,14,-88,2021-10-26T02:47:00,M1.3
2021-10-26T15:42:00,13,-89,2021-10-26T15:57:00,M1.0
2021-10-28T07:30:00,-31,-2,2021-10-28T07:40:00,M1.4
2021-10-28T10:19:00,-30,0,2021-10-28T10:28:00,M2.2
2021-10-28T15:17:00,-28,1,2021-10-28T15:35:00,X1.0
2021-10-29T02:22:00,16,-53,2021-10-29T02:42:00,M1.5
2021-11-02T02:57:00,-26,67,2021-11-02T03:01:00,M1.7
2021-11-02T02:57:00,-26,69,2021-11-02T03:01:00,M1.7
2021-11-09T15:47:00,19,89,2021-11-09T17:02:00,M2.0
2021-12-05T06:58:00,-25,89,2021-12-05T07:19:00,M1.4
2021-12-17T00:39:00,19,-70,2021-12-17T00:51:00,M1.2
2021-12-20T11:12:00,-20,1,2021-12-20T11:36:00,M1.8
2021-12-21T07:43:00,-17,-89,2021-12-21T07:50:00,M1.1
2021-12-21T11:31:00,-17,-89,2021-12-21T11:44:00,M1.4
2021-12-22T06:54:00,-21,25,2021-12-22T07:06:00,M1.3
2021-12-28T03:50:00,20,20,2021-12-28T04:01:00,M1.8
2021-12-28T15:59:00,19,26,2021-12-28T16:11:00,M1.6
2022-01-01T07:07:00,20,76,2022-01-01T07:30:00,M1.1
2022-01-14T01:47:00,31,-86,2022-01-14T02:03:00,M1.8
2022-01-18T17:01:00,8,55,2022-01-18T17:44:00,M1.5
2022-01-20T05:41:00,8,76,2022-01-20T06:01:00,M5.5
2022-01-29T22:32:00,18,-6,2022-01-29T23:32:00,M1.1
2022-01-29T22:45:00,18,-6,2022-01-29T23:32:00,M1.1
2022-02-12T08:25:00,-17,82,2022-02-12T08:44:00,M1.4
2022-02-14T17:02:00,26,62,2022-02-14T17:31:00,M1.0
2022-02-15T17:54:00,26,81,2022-02-15T18:15:00,M1.3
2022-03-02T17:31:00,15,-29,2022-03-02T17:39:00,M2.0
2022-03-11T22:13:00,-27,63,2022-03-11T22:32:00,M2.2
2022-03-14T08:29:00,23,-3,2022-03-14T08:40:00,M2.0
2022-03-15T12:33:00,23,10,2022-03-15T12:39:00,M1.4
2022-03-15T22:39:00,23,17,2022-03-15T22:46:00,M1.5
2022-03-25T05:02:00,-18,-37,2022-03-25T05:26:00,M1.4
2022-03-25T05:04:00,-18,-37,2022-03-25T05:26:00,M1.5
2022-03-28T10:58:00,14,4,2022-03-28T11:29:00,M4.0
2022-03-28T17:32:00,13,8,2022-03-28T17:41:00,M1.0
2022-03-28T19:08:00,14,7,2022-03-28T19:23:00,M1.0
2022-03-28T20:49:00,13,10,2022-03-28T20:59:00,M1.1
2022-03-29T00:57:00,12,12,2022-03-29T01:11:00,M2.2
2022-03-29T01:48:00,13,11,2022-03-29T01:58:00,M1.1
2022-03-29T09:17:00,13,19,2022-03-29T09:38:00,M1.0
2022-03-29T21:43:00,15,24,2022-03-29T21:52:00,M1.6
2022-03-30T17:21:00,13,31,2022-03-30T17:37:00,X1.3
2022-03-31T18:17:00,12,47,2022-03-31T18:35:00,M9.6
2022-04-02T02:39:00,13,68,2022-04-02T02:56:00,M2.9
2022-04-02T12:56:00,12,68,2022-04-02T13:55:00,M3.9
2022-04-02T17:34:00,13,78,2022-04-02T17:44:00,M4.3
2022-04-15T10:31:00,11,-88,2022-04-15T11:01:00,M1.2
2022-04-15T11:07:00,10,-88,2022-04-15T11:49:00,M2.2
2022-04-15T13:47:00,14,-88,2022-04-15T13:59:00,M1.9
2022-04-16T14:49:00,19,-87,2022-04-16T14:56:00,M1.0
2022-04-17T02:00:00,20,-83,2022-04-17T02:11:00,M1.8
2022-04-17T03:17:00,12,-88,2022-04-17T03:34:00,X1.1
2022-04-17T19:52:00,-29,70,2022-04-17T20:02:00,M1.5
2022-04-17T22:28:00,-30,72,2022-04-17T22:34:00,M4.4
2022-04-17T22:28:00,-30,71,2022-04-17T22:34:00,M4.4
2022-04-18T07:37:00,-30,78,2022-04-18T07:48:00,M1.3
2022-04-18T07:37:00,-30,77,2022-04-18T07:48:00,M1.3
2022-04-18T10:04:00,21,-64,2022-04-18T10:27:00,M1.1
2022-04-18T17:12:00,-29,84,2022-04-18T17:24:00,M1.9
2022-04-19T04:43:00,22,-47,2022-04-19T04:50:00,M1.0
2022-04-19T20:39:00,-29,87,2022-04-19T20:49:00,M3.7
2022-04-19T21:09:00,16,-48,2022-04-19T21:13:00,M1.6
2022-04-20T01:07:00,-32,86,2022-04-20T01:14:00,M1.2
2022-04-20T01:07:00,-32,87,2022-04-20T01:14:00,M1.2
2022-04-20T01:20:00,-33,86,2022-04-20T01:36:00,M7.2
2022-04-20T03:41:00,-34,86,2022-04-20T03:57:00,X2.2
2022-04-20T12:24:00,-34,86,2022-04-20T12:53:00,M1.9
2022-04-21T01:47:00,22,-23,2022-04-21T01:59:00,M9.6
2022-04-22T04:52:00,19,-10,2022-04-22T05:14:00,M1.1
2022-04-22T13:16:00,14,-6,2022-04-22T13:25:00,M3.4
2022-04-22T13:16:00,21,0,2022-04-22T13:25:00,M3.4
2022-04-25T01:10:00,26,24,2022-04-25T01:56:00,M1.0
2022-04-25T01:18:00,14,-6,2022-04-25T02:01:00,M1.2
2022-04-25T03:52:00,21,34,2022-04-25T04:02:00,M1.1
2022-04-29T07:15:00,26,39,2022-04-29T07:30:00,M1.2
2022-04-29T18:01:00,15,88,2022-04-29T18:10:00,M1.2
2022-04-29T18:01:00,15,86,2022-04-29T18:10:00,M1.2
2022-04-29T18:02:00,26,87,2022-04-29T18:10:00,M1.3
2022-04-30T04:46:00,14,88,2022-04-30T05:01:00,M2.6
2022-04-30T05:25:00,16,88,2022-04-30T05:34:00,M1.4
2022-04-30T09:48:00,16,88,2022-04-30T09:58:00,M4.8
2022-04-30T13:37:00,16,88,2022-04-30T13:47:00,X1.1
2022-04-30T19:42:00,16,88,2022-04-30T19:47:00,M1.9
2022-05-03T07:34:00,-30,-88,2022-05-03T07:53:00,M1.3
2022-05-03T13:09:00,-30,-88,2022-05-03T13:25:00,X1.1
2022-05-04T00:08:00,-30,-87,2022-05-04T00:19:00,M5.3
2022-05-04T08:45:00,-15,7,2022-05-04T08:59:00,M5.7
2022-05-04T16:25:00,-15,13,2022-05-04T16:32:00,M1.1
2022-05-04T19:40:00,-30,-73,2022-05-04T19:48:00,M1.5
2022-05-04T20:09:00,-17,13,2022-05-04T20:27:00,M1.6
2022-05-05T13:08:00,-15,24,2022-05-05T13:16:00,M2.2
2022-05-05T14:02:00,-30,-62,2022-05-05T14:10:00,M2.7
2022-05-10T13:50:00,-29,4,2022-05-10T13:55:00,X1.5
2022-05-11T16:35:00,-24,-39,2022-05-11T16:49:00,M1.6
2022-05-11T18:08:00,-17,89,2022-05-11T18:58:00,M2.7
2022-05-11T18:13:00,-17,89,2022-05-11T18:58:00,M2.6
2022-05-11T19:27:00,-17,89,2022-05-11T19:31:00,M2.2
2022-05-12T20:04:00,14,-88,2022-05-12T20:19:00,M1.3
2022-05-14T23:58:00,13,-89,2022-05-15T00:08:00,M2.2
2022-05-16T13:10:00,13,-78,2022-05-16T13:27:00,M2.4
2022-05-18T21:56:00,22,-23,2022-05-18T22:02:00,M1.1
2022-05-19T07:00:00,18,-26,2022-05-19T07:19:00,M5.6
2022-05-19T10:00:00,21,-15,2022-05-19T10:09:00,M1.5
2022-05-19T15:05:00,22,-11,2022-05-19T15:16:00,M1.1
2022-05-20T07:35:00,19,0,2022-05-20T07:45:00,M3.0
2022-05-25T18:09:00,-19,41,2022-05-25T18:24:00,M1.3
2022-06-10T10:11:00,17,-89,2022-06-10T10:54:00,M1.2
2022-06-13T02:58:00,26,-53,2022-06-13T04:07:00,M3.4
2022-06-16T03:47:00,-28,14,2022-06-16T03:53:00,M1.6
2022-07-08T20:07:00,20,-40,2022-07-08T20:49:00,M2.5
2022-07-10T22:40:00,-18,-67,2022-07-10T23:43:00,M1.3
2022-07-10T23:30:00,-18,-67,2022-07-10T23:43:00,M1.3
2022-07-11T09:08:00,-17,-62,2022-07-11T09:19:00,M1.1
2022-07-14T04:22:00,15,-81,2022-07-14T04:31:00,M1.2
2022-07-14T21:42:00,15,-69,2022-07-14T21:48:00,M2.8
2022-07-16T06:16:00,18,-19,2022-07-16T06:29:00,M1.1
2022-07-16T06:16:00,17,-19,2022-07-16T06:29:00,M1.1
2022-07-16T15:33:00,-16,53,2022-07-16T15:39:00,M1.4
2022-07-16T15:33:00,-16,54,2022-07-16T15:39:00,M1.4
2022-08-15T14:27:00,-22,0,2022-08-15T14:36:00,M1.0
2022-08-15T16:40:00,-22,0,2022-08-15T16:54:00,M2.7
2022-08-15T17:27:00,-11,46,2022-08-15T17:35:00,M1.0
2022-08-15T21:47:00,-22,3,2022-08-15T21:53:00,M1.1
2022-08-16T07:52:00,-22,11,2022-08-16T07:58:00,M5.0
2022-08-16T21:10:00,-22,15,2022-08-16T21:21:00,M1.8
2022-08-17T13:26:00,-21,25,2022-08-17T13:45:00,M2.0
2022-08-17T14:28:00,-26,25,2022-08-17T14:52:00,M1.0
2022-08-18T10:00:00,-23,35,2022-08-18T10:09:00,M1.3
2022-08-18T10:37:00,-27,37,2022-08-18T10:55:00,M1.5
2022-08-18T14:01:00,-23,37,2022-08-18T14:13:00,M1.3
2022-08-19T04:10:00,-27,48,2022-08-19T04:44:00,M1.6
2022-08-19T04:14:00,-27,48,2022-08-19T04:44:00,M1.6
2022-08-25T19:39:00,-22,-63,2022-08-25T19:51:00,M1.8
2022-08-25T23:21:00,-22,-61,2022-08-25T23:27:00,M1.0
2022-08-26T10:41:00,-23,-52,2022-08-26T10:55:00,M2.1
2022-08-26T12:08:00,-22,-52,2022-08-26T12:14:00,M7.2
2022-08-26T12:24:00,-22,-53,2022-08-26T12:31:00,M5.3
2022-08-26T12:52:00,-27,58,2022-08-26T13:17:00,M3.6
2022-08-26T14:29:00,-27,52,2022-08-26T14:33:00,M1.9
2022-08-26T15:18:00,-28,54,2022-08-26T15:22:00,M1.1
2022-08-27T01:52:00,-30,62,2022-08-27T02:40:00,M4.8
2022-08-27T04:07:00,-26,63,2022-08-27T04:13:00,M1.3
2022-08-27T11:29:00,-26,68,2022-08-27T11:38:00,M1.2
2022-08-27T11:29:00,-26,67,2022-08-27T11:38:00,M1.2
2022-08-27T15:13:00,-27,73,2022-08-27T15:25:00,M1.1
2022-08-27T15:45:00,-27,73,2022-08-27T15:58:00,M1.8
2022-08-27T16:41:00,-26,72,2022-08-27T16:49:00,M1.1
2022-08-28T00:47:00,-27,85,2022-08-28T01:34:00,M1.4
2022-08-28T01:26:00,-26,86,2022-08-28T01:34:00,M1.4
2022-08-28T15:48:00,-30,85,2022-08-28T16:19:00,M6.7
2022-08-28T18:20:00,-26,86,2022-08-28T18:32:00,M4.6
2022-08-29T03:24:00,-26,86,2022-08-29T03:38:00,M3.3
2022-08-29T10:48:00,-26,86,2022-08-29T11:07:00,M8.6
2022-08-29T14:46:00,-26,86,2022-08-29T14:56:00,M2.5
2022-08-29T16:11:00,-28,85,2022-08-29T17:05:00,M2.5
2022-08-29T18:41:00,-26,86,2022-08-29T18:57:00,M4.7
2022-08-29T18:45:00,-26,86,2022-08-29T18:57:00,M4.7
2022-08-30T01:25:00,-24,86,2022-08-30T01:40:00,M1.7
2022-08-30T01:58:00,-26,86,2022-08-30T02:13:00,M1.5
2022-08-30T18:02:00,-25,86,2022-08-30T19:29:00,M2.1
2022-08-30T18:04:00,-25,86,2022-08-30T19:29:00,M2.1
2022-09-05T17:58:00,-26,86,2022-09-05T18:05:00,M1.0
2022-09-12T23:37:00,19,41,2022-09-12T23:44:00,M1.7
2022-09-14T09:41:00,22,58,2022-09-14T10:19:00,M1.1
2022-09-16T09:44:00,18,85,2022-09-16T09:49:00,M7.9
2022-09-16T15:49:00,17,88,2022-09-16T15:59:00,M6.2
2022-09-17T12:42:00,23,87,2022-09-17T13:19:00,M1.1
2022-09-17T13:21:00,22,87,2022-09-17T13:39:00,M1.9
2022-09-17T20:32:00,18,87,2022-09-17T20:41:00,M2.6
2022-09-20T11:13:00,-25,17,2022-09-20T11:22:00,M1.0
2022-09-21T06:51:00,-25,-73,2022-09-21T07:02:00,M1.0
2022-09-23T17:48:00,16,-84,2022-09-23T18:10:00,M1.7
2022-09-30T03:46:00,25,-87,2022-09-30T04:01:00,M1.1
2022-09-30T16:11:00,20,-87,2022-09-30T16:22:00,M2.9
2022-09-30T17:30:00,24,-87,2022-09-30T17:34:00,M1.3
2022-10-01T19:58:00,17,35,2022-10-01T20:10:00,M5.8
2022-10-02T02:08:00,17,39,2022-10-02T02:21:00,M8.7
2022-10-02T13:52:00,23,-71,2022-10-02T14:05:00,M1.2
2022-10-02T15:34:00,22,-69,2022-10-02T15:45:00,M1.0
2022-10-02T19:53:00,17,49,2022-10-02T20:25:00,X1.0
2022-10-03T02:19:00,23,-63,2022-10-03T02:33:00,M2.6
2022-10-03T09:38:00,18,58,2022-10-03T10:11:00,M4.2
2022-10-03T11:03:00,18,59,2022-10-03T11:11:00,M1.5
2022-10-03T15:20:00,23,-56,2022-10-03T15:30:00,M1.6
2022-10-03T19:57:00,17,64,2022-10-03T20:28:00,M1.2
2022-10-03T21:11:00,17,64,2022-10-03T21:22:00,M1.7
2022-10-04T12:48:00,17,75,2022-10-04T13:15:00,M1.6
2022-10-07T14:21:00,28,-9,2022-10-07T14:44:00,M1.0
2022-10-10T00:35:00,24,23,2022-10-10T00:47:00,M1.0
2022-10-10T16:05:00,24,33,2022-10-10T16:28:00,M2.4
2022-10-11T08:36:00,24,35,2022-10-11T08:42:00,M3.9
2022-10-11T10:47:00,24,37,2022-10-11T10:52:00,M1.5
2022-10-11T10:47:00,24,36,2022-10-11T10:52:00,M1.5
2022-10-12T23:54:00,23,67,2022-10-13T00:19:00,M1.5
2022-10-14T09:20:00,20,88,2022-10-14T09:44:00,M1.3
2022-10-14T09:51:00,19,88,2022-10-14T09:55:00,M1.3
2022-11-06T23:59:00,12,-56,2022-11-07T00:11:00,M5.2
2022-11-11T07:00:00,11,9,2022-11-11T07:14:00,M1.2
2022-11-11T07:00:00,12,8,2022-11-11T07:14:00,M1.2
2022-11-11T11:27:00,11,11,2022-11-11T11:40:00,M1.2
2022-11-12T00:09:00,14,20,2022-11-12T00:18:00,M1.1
2022-11-15T02:42:00,22,64,2022-11-15T02:51:00,M1.0
2022-11-19T12:42:00,20,50,2022-11-19T12:56:00,M1.6
2022-12-01T07:04:00,28,32,2022-12-01T07:21:00,M1.0
2022-12-03T17:36:00,14,-89,2022-12-03T17:41:00,M1.2
2022-12-14T07:30:00,-21,39,2022-12-14T07:40:00,M2.4
2022-12-14T08:24:00,-16,89,2022-12-14T08:31:00,M1.1
2022-12-14T09:20:00,-21,40,2022-12-14T09:27:00,M1.3
2022-12-14T11:45:00,-21,42,2022-12-14T11:59:00,M1.1
2022-12-14T12:24:00,-20,42,2022-12-14T12:31:00,M4.1
2022-12-14T12:43:00,-21,41,2022-12-14T12:47:00,M1.4
2022-12-14T14:31:00,-20,44,2022-12-14T14:42:00,M6.3
2022-12-14T14:54:00,-20,43,2022-12-14T14:59:00,M3.2
2022-12-14T14:54:00,-20,45,2022-12-14T14:59:00,M3.2
2022-12-14T17:03:00,-20,46,2022-12-14T17:12:00,M2.2
2022-12-14T20:31:00,-21,46,2022-12-14T20:50:00,M1.3
2022-12-14T20:52:00,-22,45,2022-12-14T20:58:00,M2.2
2022-12-14T21:33:00,-20,50,2022-12-14T21:39:00,M1.3
2022-12-14T21:45:00,-20,49,2022-12-14T21:53:00,M2.0
2022-12-14T21:57:00,-21,48,2022-12-14T22:06:00,M4.5
2022-12-15T01:24:00,-21,48,2022-12-15T01:37:00,M1.6
2022-12-15T06:55:00,-21,51,2022-12-15T07:07:00,M2.3
2022-12-15T07:54:00,-20,48,2022-12-15T07:58:00,M1.0
2022-12-15T09:55:00,-20,56,2022-12-15T10:16:00,M1.5
2022-12-15T10:23:00,-21,55,2022-12-15T10:30:00,M1.6
2022-12-15T15:58:00,20,-89,2022-12-15T16:10:00,M1.0
2022-12-15T16:35:00,-21,59,2022-12-15T16:44:00,M1.1
2022-12-15T16:47:00,-21,-5,2022-12-15T16:56:00,M2.1
2022-12-15T22:20:00,-21,62,2022-12-15T22:40:00,M5.7
2022-12-16T01:30:00,-21,64,2022-12-16T02:01:00,M3.5
2022-12-16T04:42:00,19,-89,2022-12-16T04:59:00,M1.2
2022-12-16T05:36:00,-21,66,2022-12-16T05:48:00,M1.3
2022-12-16T06:30:00,-20,65,2022-12-16T06:42:00,M1.2
2022-12-16T07:26:00,-20,66,2022-12-16T07:38:00,M1.6
2022-12-16T08:55:00,-19,68,2022-12-16T09:05:00,M1.5
2022-12-16T09:33:00,-20,71,2022-12-16T09:43:00,M1.1
2022-12-16T10:02:00,-20,68,2022-12-16T10:19:00,M4.0
2022-12-16T14:24:00,-20,71,2022-12-16T14:40:00,M2.4
2022-12-16T15:34:00,-20,70,2022-12-16T15:40:00,M1.2
2022-12-16T15:34:00,-20,69,2022-12-16T15:40:00,M1.2
2022-12-17T19:40:00,18,-70,2022-12-17T19:53:00,M1.0
2022-12-17T19:40:00,17,-73,2022-12-17T19:53:00,M1.0
2022-12-20T13:59:00,22,-48,2022-12-20T14:06:00,M1.1
2022-12-27T00:46:00,18,-63,2022-12-27T00:54:00,M2.1
2022-12-27T08:02:00,17,-60,2022-12-27T08:15:00,M1.1
2022-12-27T16:15:00,20,48,2022-12-27T16:26:00,M1.2
2022-12-27T16:15:00,20,47,2022-12-27T16:26:00,M1.2
2022-12-29T06:32:00,17,-88,2022-12-29T07:27:00,M1.2
2022-12-29T18:11:00,19,-88,2022-12-29T18:20:00,M2.2
2022-12-29T18:11:00,20,-88,2022-12-29T18:20:00,M2.2
2022-12-29T18:26:00,20,-88,2022-12-29T18:33:00,M2.4
2022-12-30T15:24:00,18,-8,2022-12-30T15:28:00,M1.4
2022-12-30T19:26:00,20,-7,2022-12-30T19:38:00,M3.7
2023-01-06T00:43:00,-20,-82,2023-01-06T00:57:00,X1.2
2023-01-06T00:43:00,-20,-81,2023-01-06T00:57:00,X1.2
2023-01-07T00:40:00,-21,-67,2023-01-07T00:52:00,M1.6
2023-01-08T08:39:00,-14,-89,2023-01-08T08:54:00,M1.2
2023-01-08T09:12:00,-16,-89,2023-01-08T09:48:00,M1.4
2023-01-08T09:15:00,-16,-89,2023-01-08T09:48:00,M1.4
2023-01-08T14:51:00,-14,-89,2023-01-08T15:07:00,M1.4
2023-01-08T19:02:00,-14,-89,2023-01-08T19:11:00,M1.0
2023-01-09T00:51:00,-13,-89,2023-01-09T01:02:00,M1.1
2023-01-09T08:45:00,-17,24,2023-01-09T09:01:00,M2.1
2023-01-09T13:15:00,-18,25,2023-01-09T13:22:00,M1.0
2023-01-09T18:37:00,-13,-71,2023-01-09T18:50:00,X1.9
2023-01-09T18:37:00,-12,-72,2023-01-09T18:50:00,X2.0
2023-01-10T00:09:00,24,-79,2023-01-10T00:16:00,M5.1
2023-01-10T02:08:00,-12,-68,2023-01-10T02:16:00,M1.0
2023-01-10T02:33:00,-18,33,2023-01-10T02:41:00,M2.7
2023-01-10T10:59:00,-13,-63,2023-01-10T11:08:00,M1.1
2023-01-10T17:17:00,22,-66,2023-01-10T17:28:00,M1.4
2023-01-10T17:44:00,-13,-59,2023-01-10T17:48:00,M1.2
2023-01-10T17:44:00,18,8,2023-01-10T17:48:00,M1.2
2023-01-10T22:39:00,22,-63,2023-01-10T22:47:00,X1.1
2023-01-10T22:39:00,22,-62,2023-01-10T22:47:00,X1.0
2023-01-11T00:39:00,25,-66,2023-01-11T00:59:00,M2.4
2023-01-11T01:49:00,-13,-53,2023-01-11T01:56:00,M5.6
2023-01-11T01:49:00,-14,-55,2023-01-11T01:56:00,M5.7
2023-01-11T05:31:00,-14,53,2023-01-11T06:09:00,M1.3
2023-01-11T08:25:00,22,-56,2023-01-11T08:33:00,M3.1
2023-01-12T05:53:00,22,-47,2023-01-12T06:18:00,M1.1
2023-01-12T06:33:00,23,-49,2023-01-12T06:50:00,M1.6
2023-01-12T06:33:00,23,-50,2023-01-12T06:50:00,M1.6
2023-01-12T11:08:00,-13,77,2023-01-12T11:28:00,M1.2
2023-01-12T14:39:00,-17,10,2023-01-12T14:57:00,M1.0
2023-01-12T19:03:00,-17,14,2023-01-12T19:13:00,M1.1
2023-01-13T02:53:00,23,-38,2023-01-13T02:59:00,M1.4
2023-01-13T10:05:00,-11,83,2023-01-13T10:15:00,M4.0
2023-01-13T10:05:00,-19,19,2023-01-13T10:15:00,M4.0
2023-01-14T01:28:00,14,-71,2023-01-14T02:10:00,M1.3
2023-01-14T20:06:00,-17,42,2023-01-14T20:21:00,M3.5
2023-01-14T20:37:00,-15,43,2023-01-14T21:00:00,M4.6
2023-01-15T03:08:00,13,-56,2023-01-15T03:42:00,M6.0
2023-01-15T14:16:00,-16,-59,2023-01-15T14:31:00,M4.9
2023-01-15T14:16:00,-15,-59,2023-01-15T14:31:00,M4.9
2023-01-17T23:16:00,-17,-24,2023-01-17T23:29:00,M1.8
2023-01-18T10:21:00,-15,-20,2023-01-18T10:35:00,M1.8
2023-01-18T10:21:00,-16,-20,2023-01-18T10:35:00,M1.8
2023-01-19T04:00:00,11,-43,2023-01-19T04:03:00,M1.1
2023-01-19T10:06:00,11,-40,2023-01-19T10:12:00,M1.7
2023-01-19T10:25:00,11,-40,2023-01-19T10:27:00,M1.0
2023-01-22T12:12:00,-24,50,2023-01-22T12:26:00,M1.1
2023-01-22T16:49:00,-24,52,2023-01-22T17:02:00,M1.6
2023-01-25T09:37:00,-12,89,2023-01-25T10:11:00,M4.7
2023-01-25T16:42:00,16,88,2023-01-25T17:01:00,M1.3
2023-01-25T22:23:00,14,88,2023-01-25T22:35:00,M2.0
2023-01-26T12:53:00,18,87,2023-01-26T13:06:00,M2.9
2023-02-07T13:33:00,-14,-88,2023-02-07T13:53:00,M1.0
2023-02-07T20:01:00,30,-4,2023-02-07T20:07:00,M1.5
2023-02-07T22:46:00,28,-2,2023-02-07T22:58:00,M3.8
2023-02-07T23:05:00,30,-3,2023-02-07T23:07:00,M6.4
2023-02-08T02:45:00,30,-1,2023-02-08T02:53:00,M2.1
2023-02-08T15:28:00,30,6,2023-02-08T16:03:00,M1.6
2023-02-08T19:56:00,-8,-87,2023-02-08T20:12:00,M1.5
2023-02-08T21:03:00,30,7,2023-02-08T21:13:00,M1.7
2023-02-08T21:21:00,30,9,2023-02-08T21:37:00,M1.7
2023-02-09T02:45:00,-7,-76,2023-02-09T03:10:00,M3.1
2023-02-09T07:11:00,-9,-69,2023-02-09T07:17:00,M1.1
2023-02-09T08:49:00,-12,-85,2023-02-09T09:07:00,M2.9
2023-02-09T14:44:00,29,17,2023-02-09T14:56:00,M1.5
2023-02-09T14:44:00,30,17,2023-02-09T14:56:00,M1.5
2023-02-09T15:14:00,-8,-71,2023-02-09T15:25:00,M1.4
2023-02-09T18:18:00,31,18,2023-02-09T18:42:00,M1.8
2023-02-10T02:45:00,30,23,2023-02-10T03:03:00,M3.7
2023-02-10T08:02:00,31,27,2023-02-10T08:05:00,M1.4
2023-02-10T14:35:00,29,34,2023-02-10T14:55:00,M1.2
2023-02-10T15:23:00,31,28,2023-02-10T16:01:00,M1.7
2023-02-10T15:23:00,31,29,2023-02-10T16:01:00,M1.7
2023-02-10T15:29:00,31,28,2023-02-10T16:00:00,M1.6
2023-02-10T22:34:00,-16,-65,2023-02-10T22:41:00,M1.3
2023-02-10T22:34:00,-17,-64,2023-02-10T22:41:00,M1.3
2023-02-11T07:59:00,7,68,2023-02-11T08:08:00,M2.3
2023-02-11T07:59:00,7,69,2023-02-11T08:08:00,M2.2
2023-02-11T10:42:00,-16,-58,2023-02-11T10:58:00,M1.1
2023-02-11T11:29:00,30,-20,2023-02-11T11:34:00,M1.5
2023-02-11T11:29:00,29,70,2023-02-11T11:34:00,M1.4
2023-02-11T12:05:00,-9,-41,2023-02-11T12:09:00,M1.5
2023-02-11T12:05:00,-10,-41,2023-02-11T12:09:00,M1.5
2023-02-11T12:18:00,-10,-40,2023-02-11T12:23:00,M1.1
2023-02-11T12:28:00,-8,-42,2023-02-11T12:40:00,M1.5
2023-02-11T15:40:00,-10,-39,2023-02-11T15:48:00,X1.1
2023-02-11T17:11:00,7,74,2023-02-11T17:23:00,M1.4
2023-02-12T08:35:00,-9,-28,2023-02-12T08:48:00,M3.2
2023-02-12T08:35:00,-10,-29,2023-02-12T08:48:00,M3.1
2023-02-12T09:11:00,-9,-31,2023-02-12T09:27:00,M1.4
2023-02-12T13:23:00,29,85,2023-02-12T13:34:00,M1.2
2023-02-12T13:23:00,28,85,2023-02-12T13:34:00,M1.2
2023-02-12T15:33:00,-10,-25,2023-02-12T15:38:00,M1.0
2023-02-13T05:04:00,10,-46,2023-02-13T05:18:00,M1.1
2023-02-13T15:49:00,10,-40,2023-02-13T15:56:00,M1.4
2023-02-14T01:57:00,10,-34,2023-02-14T02:03:00,M1.8
2023-02-14T11:59:00,29,85,2023-02-14T12:12:00,M2.7
2023-02-15T04:33:00,30,85,2023-02-15T04:47:00,M1.1
2023-02-15T05:16:00,27,86,2023-02-15T05:23:00,M2.0
2023-02-15T06:42:00,27,86,2023-02-15T07:05:00,M1.4
2023-02-15T21:05:00,30,85,2023-02-15T21:14:00,M1.0
2023-02-16T00:19:00,25,-86,2023-02-16T00:32:00,M1.1
2023-02-17T19:38:00,25,-67,2023-02-17T20:16:00,X2.3
2023-02-20T14:47:00,26,-86,2023-02-20T14:58:00,M4.4
2023-02-21T11:05:00,25,-69,2023-02-21T11:11:00,M1.6
2023-02-21T11:05:00,14,69,2023-02-21T11:11:00,M1.6
2023-02-21T11:14:00,25,-68,2023-02-21T11:23:00,M4.7
2023-02-21T19:57:00,26,-64,2023-02-21T20:17:00,M5.1
2023-02-22T04:51:00,26,-59,2023-02-22T05:12:00,M1.4
2023-02-22T13:36:00,25,-52,2023-02-22T13:50:00,M2.7
2023-02-22T13:36:00,26,-53,2023-02-22T13:50:00,M2.6
2023-02-23T06:11:00,20,-20,2023-02-23T06:14:00,M1.5
2023-02-23T08:32:00,25,-42,2023-02-23T08:48:00,M1.0
2023-02-23T08:51:00,26,-43,2023-02-23T09:01:00,M1.2
2023-02-24T17:11:00,20,-1,2023-02-24T17:15:00,M1.1
2023-02-24T20:03:00,28,23,2023-02-24T20:30:00,M3.7
2023-02-24T20:03:00,29,24,2023-02-24T20:30:00,M3.7
2023-02-25T15:34:00,-24,0,2023-02-25T15:40:00,M1.0
2023-02-25T15:34:00,-26,-1,2023-02-25T15:40:00,M1.1
2023-02-25T18:40:00,24,44,2023-02-25T19:44:00,M6.4
2023-02-25T18:40:00,24,45,2023-02-25T19:44:00,M6.4
2023-02-28T17:35:00,27,29,2023-02-28T17:50:00,M8.6
2023-02-28T17:35:00,26,28,2023-02-28T17:50:00,M8.6
2023-03-01T00:56:00,26,33,2023-03-01T01:07:00,M1.0
2023-03-02T21:04:00,21,64,2023-03-02T21:16:00,M3.9
2023-03-02T21:05:00,21,64,2023-03-02T21:16:00,M3.8
2023-03-03T10:08:00,21,72,2023-03-03T10:32:00,M3.3
2023-03-03T10:10:00,21,72,2023-03-03T10:32:00,M3.3
2023-03-03T17:39:00,21,76,2023-03-03T17:52:00,X2.1
2023-03-03T17:42:00,21,76,2023-03-03T17:52:00,X2.1
2023-03-04T07:06:00,16,38,2023-03-04T07:10:00,M1.0
2023-03-04T13:34:00,8,-40,2023-03-04T13:42:00,M1.2
2023-03-04T15:19:00,19,87,2023-03-04T15:57:00,M5.3
2023-03-05T02:40:00,22,86,2023-03-05T02:52:00,M1.3
2023-03-05T16:24:00,9,11,2023-03-05T16:41:00,M1.1
2023-03-05T16:24:00,12,-36,2023-03-05T16:41:00,M1.1
2023-03-05T16:53:00,14,-37,2023-03-05T17:01:00,M1.0
2023-03-05T21:29:00,18,60,2023-03-05T21:36:00,M5.0
2023-03-06T02:08:00,18,63,2023-03-06T02:28:00,M5.8
2023-03-06T08:57:00,24,86,2023-03-06T09:12:00,M1.3
2023-03-06T08:57:00,22,86,2023-03-06T09:12:00,M1.3
2023-03-06T17:24:00,14,-24,2023-03-06T17:50:00,M1.0
2023-03-08T09:53:00,9,7,2023-03-08T10:12:00,M1.2
2023-03-08T22:35:00,-23,-13,2023-03-08T22:44:00,M1.3
2023-03-17T15:04:00,-22,66,2023-03-17T15:07:00,M1.1
2023-03-20T01:19:00,-21,-57,2023-03-20T01:48:00,M1.3
2023-03-29T02:18:00,-21,59,2023-03-29T02:33:00,X1.2
2023-03-29T13:47:00,-21,67,2023-03-29T14:07:00,M1.2
2023-03-29T23:35:00,-20,72,2023-03-29T23:47:00,M1.1
2023-03-30T07:24:00,-22,77,2023-03-30T07:37:00,M5.4
2023-04-06T05:36:00,-21,-87,2023-04-06T05:53:00,M3.0
2023-04-08T01:38:00,-18,-61,2023-04-08T01:46:00,M2.9
2023-04-10T04:14:00,-21,-87,2023-04-10T05:20:00,M2.8
2023-04-10T05:10:00,-21,-87,2023-04-10T05:20:00,M2.8
2023-04-11T09:51:00,-19,-17,2023-04-11T10:16:00,M1.3
2023-04-14T16:10:00,11,-55,2023-04-14T16:18:00,M1.1
2023-04-14T23:18:00,11,-50,2023-04-14T23:27:00,M1.5
2023-04-21T17:44:00,-23,10,2023-04-21T18:12:00,M1.8
2023-04-27T11:04:00,-22,-5,2023-04-27T11:14:00,M1.8
2023-04-30T19:56:00,14,-88,2023-04-30T20:28:00,M2.4
2023-05-01T00:55:00,15,-80,2023-05-01T01:21:00,M1.2
2023-05-01T00:55:00,-24,42,2023-05-01T01:21:00,M1.1
2023-05-01T13:02:00,-24,45,2023-05-01T13:09:00,M7.1
2023-05-03T09:15:00,13,-43,2023-05-03T09:27:00,M4.3
2023-05-03T10:03:00,12,-42,2023-05-03T10:14:00,M3.1
2023-05-03T10:36:00,12,-42,2023-05-03T10:45:00,M7.2
2023-05-03T10:36:00,12,-41,2023-05-03T10:45:00,M7.3
2023-05-03T12:24:00,12,-41,2023-05-03T12:35:00,M1.7
2023-05-03T13:43:00,12,-40,2023-05-03T13:50:00,M2.2
2023-05-04T08:05:00,14,-47,2023-05-04T08:44:00,M3.9
2023-05-05T07:30:00,14,-32,2023-05-05T08:01:00,M2.1
2023-05-05T15:18:00,15,-29,2023-05-05T15:31:00,M1.2
2023-05-07T21:40:00,16,6,2023-05-07T22:34:00,M1.5
2023-05-07T22:53:00,15,5,2023-05-07T23:23:00,M1.6
2023-05-08T20:11:00,14,16,2023-05-08T20:25:00,M2.3
2023-05-09T03:42:00,13,26,2023-05-09T03:54:00,M6.5
2023-05-09T05:55:00,13,24,2023-05-09T06:13:00,M1.3
2023-05-09T10:00:00,13,30,2023-05-09T10:20:00,M1.4
2023-05-09T18:20:00,15,31,2023-05-09T18:58:00,M4.3
2023-05-09T20:32:00,13,36,2023-05-09T20:52:00,M5.0
2023-05-10T14:11:00,13,46,2023-05-10T14:21:00,M2.2
2023-05-11T08:47:00,-6,40,2023-05-11T09:01:00,M2.2
2023-05-11T08:47:00,-6,41,2023-05-11T09:01:00,M2.2
2023-05-11T18:13:00,-6,45,2023-05-11T18:29:00,M1.8
2023-05-11T18:13:00,10,39,2023-05-11T18:29:00,M1.9
2023-05-16T16:31:00,-23,-89,2023-05-16T16:43:00,M9.6
2023-05-18T06:13:00,17,-88,2023-05-18T06:26:00,M1.0
2023-05-18T06:48:00,18,-88,2023-05-18T06:55:00,M1.2
2023-05-18T11:32:00,18,-88,2023-05-18T11:47:00,M2.2
2023-05-18T12:00:00,20,-88,2023-05-18T12:13:00,M1.9
2023-05-18T12:39:00,18,-84,2023-05-18T12:49:00,M1.6
2023-05-18T17:32:00,17,-79,2023-05-18T17:51:00,M1.1
2023-05-18T17:32:00,18,-82,2023-05-18T17:51:00,M1.1
2023-05-18T20:12:00,17,-77,2023-05-18T20:23:00,M3.9
2023-05-18T20:51:00,18,-81,2023-05-18T21:05:00,M4.5
2023-05-18T20:51:00,18,-80,2023-05-18T21:05:00,M4.5
2023-05-19T00:41:00,17,-79,2023-05-19T00:48:00,M5.4
2023-05-19T03:05:00,17,-73,2023-05-19T03:12:00,M1.6
2023-05-19T04:49:00,17,-71,2023-05-19T05:00:00,M2.5
2023-05-19T19:45:00,18,-66,2023-05-19T20:06:00,M2.3
2023-05-19T20:14:00,19,-69,2023-05-19T20:26:00,M2.7
2023-05-20T06:49:00,17,-61,2023-05-20T07:02:00,M1.1
2023-05-20T06:49:00,18,-62,2023-05-20T07:02:00,M1.1
2023-05-20T07:16:00,17,-59,2023-05-20T07:32:00,M6.5
2023-05-20T07:41:00,18,-56,2023-05-20T07:45:00,M2.4
2023-05-20T09:18:00,-27,-66,2023-05-20T09:27:00,M1.1
2023-05-20T10:48:00,17,-57,2023-05-20T10:54:00,M1.6
2023-05-20T12:25:00,17,-56,2023-05-20T12:35:00,M8.9
2023-05-20T14:54:00,17,-55,2023-05-20T15:00:00,M5.7
2023-05-20T18:57:00,18,-53,2023-05-20T19:03:00,M1.2
2023-05-20T22:52:00,18,-48,2023-05-20T23:06:00,M5.2
2023-05-21T02:18:00,18,-45,2023-05-21T02:23:00,M1.4
2023-05-21T02:18:00,23,-49,2023-05-21T02:23:00,M1.4
2023-05-21T15:49:00,18,-40,2023-05-21T16:04:00,M2.6
2023-05-22T13:30:00,-26,-35,2023-05-22T13:37:00,M1.9
2023-05-22T13:31:00,-26,-35,2023-05-22T13:37:00,M1.9
2023-05-23T12:07:00,17,-12,2023-05-23T12:13:00,M3.1
2023-05-23T12:07:00,17,-11,2023-05-23T12:13:00,M3.1
2023-05-24T09:51:00,17,0,2023-05-24T09:58:00,M1.0
2023-05-24T17:04:00,20,0,2023-05-24T17:26:00,M1.9
2023-05-24T17:53:00,16,5,2023-05-24T18:00:00,M1.0
2023-05-25T14:37:00,-26,4,2023-05-25T14:46:00,M1.1
2023-05-26T22:48:00,-19,-7,2023-05-26T23:03:00,M1.4
2023-05-28T10:21:00,-15,12,2023-05-28T10:36:00,M1.0
2023-05-30T07:54:00,-22,89,2023-05-30T08:10:00,M1.2
2023-05-30T10:15:00,-22,89,2023-05-30T10:22:00,M1.3
2023-05-30T13:35:00,-19,36,2023-05-30T13:38:00,M1.5
2023-05-31T04:24:00,-7,-89,2023-05-31T04:38:00,M1.3
2023-05-31T04:43:00,-7,-89,2023-05-31T04:47:00,M1.1
2023-05-31T12:23:00,-17,20,2023-05-31T12:26:00,M1.0
2023-05-31T21:47:00,-6,-89,2023-05-31T22:08:00,M1.1
2023-05-31T22:14:00,-6,-82,2023-05-31T22:52:00,M4.3
2023-06-02T02:32:00,16,-2,2023-06-02T02:41:00,M1.5
2023-06-07T11:18:00,-15,-36,2023-06-07T11:46:00,M4.7
2023-06-09T16:48:00,-21,-48,2023-06-09T17:11:00,M2.5
2023-06-09T16:48:00,-22,-47,2023-06-09T17:11:00,M2.5
2023-06-16T05:21:00,17,-69,2023-06-16T05:30:00,M1.0
2023-06-16T10:20:00,13,-65,2023-06-16T10:38:00,M1.1
2023-06-16T19:52:00,-24,46,2023-06-16T19:59:00,M1.0
2023-06-18T00:25:00,-21,-26,2023-06-18T00:31:00,M1.3
2023-06-18T13:25:00,-23,-22,2023-06-18T13:53:00,M2.5
2023-06-19T03:37:00,-12,-89,2023-06-19T03:50:00,M1.4
2023-06-19T12:06:00,-12,-80,2023-06-19T12:14:00,M1.2
2023-06-19T12:06:00,-12,-81,2023-06-19T12:14:00,M1.2
2023-06-20T11:09:00,-21,67,2023-06-20T11:13:00,M1.1
2023-06-20T11:17:00,-21,68,2023-06-20T11:25:00,M1.8
2023-06-20T15:44:00,-20,71,2023-06-20T15:48:00,M1.0
2023-06-20T16:27:00,-21,69,2023-06-20T16:33:00,M1.1
2023-06-20T16:42:00,-17,-73,2023-06-20T17:09:00,X1.1
2023-06-21T12:31:00,-13,-58,2023-06-21T12:44:00,M1.1
2023-06-21T15:31:00,19,5,2023-06-21T15:38:00,M1.0
2023-06-22T10:57:00,-12,-44,2023-06-22T11:21:00,M1.1
2023-06-22T23:29:00,-21,-41,2023-06-22T23:44:00,M4.9
2023-06-24T12:11:00,21,41,2023-06-24T12:17:00,M1.1
2023-06-26T16:08:00,23,38,2023-06-26T16:22:00,M1.6
2023-06-27T14:57:00,23,49,2023-06-27T15:14:00,M1.3
2023-06-28T08:26:00,22,60,2023-06-28T08:44:00,M1.9
2023-06-28T08:26:00,22,59,2023-06-28T08:44:00,M2.0
2023-06-29T14:00:00,17,13,2023-06-29T14:15:00,M3.8
2023-07-01T22:07:00,-22,-56,2023-07-01T22:23:00,M1.1
2023-07-02T02:29:00,-22,-55,2023-07-02T02:35:00,M2.1
2023-07-02T22:54:00,16,60,2023-07-02T23:14:00,X1.1
2023-07-03T06:43:00,-15,-40,2023-07-03T06:53:00,M1.4
2023-07-04T12:20:00,16,89,2023-07-04T12:35:00,M1.5
2023-07-05T18:36:00,17,89,2023-07-05T18:58:00,M1.0
2023-07-06T10:32:00,15,89,2023-07-06T10:49:00,M1.1
2023-07-07T06:17:00,-21,13,2023-07-07T06:29:00,M4.0
2023-07-10T03:29:00,-15,48,2023-07-10T03:55:00,M2.4
2023-07-10T22:06:00,-10,60,2023-07-10T22:18:00,M1.5
2023-07-10T22:06:00,-11,60,2023-07-10T22:18:00,M1.5
2023-07-11T14:19:00,25,-88,2023-07-11T14:35:00,M2.0
2023-07-11T16:02:00,24,-88,2023-07-11T16:12:00,M1.2
2023-07-11T17:51:00,25,-88,2023-07-11T18:08:00,M6.8
2023-07-11T19:20:00,22,-88,2023-07-11T19:29:00,M1.0
2023-07-11T22:04:00,25,-88,2023-07-11T22:15:00,M5.8
2023-07-11T22:04:00,24,-88,2023-07-11T22:15:00,M5.9
2023-07-11T23:34:00,-23,-9,2023-07-11T23:37:00,M1.3
2023-07-11T23:34:00,-19,59,2023-07-11T23:37:00,M1.3
2023-07-12T00:21:00,-12,65,2023-07-12T00:31:00,M1.4
2023-07-12T04:31:00,24,-88,2023-07-12T04:50:00,M1.4
2023-07-12T05:10:00,25,48,2023-07-12T05:14:00,M1.4
2023-07-12T08:49:00,25,-86,2023-07-12T08:55:00,M6.9
2023-07-13T18:55:00,24,-60,2023-07-13T19:20:00,M2.1
2023-07-14T09:22:00,-24,24,2023-07-14T09:36:00,M1.0
2023-07-14T09:22:00,-24,23,2023-07-14T09:36:00,M1.0
2023-07-15T07:21:00,-25,40,2023-07-15T07:41:00,M2.9
2023-07-15T09:43:00,9,-63,2023-07-15T09:53:00,M1.1
2023-07-15T09:43:00,21,-42,2023-07-15T09:53:00,M1.1
2023-07-15T10:05:00,21,-41,2023-07-15T10:10:00,M2.2
2023-07-16T08:16:00,21,-30,2023-07-16T08:26:00,M1.1
2023-07-16T14:57:00,-11,-88,2023-07-16T15:08:00,M1.8
2023-07-16T14:57:00,21,-26,2023-07-16T15:08:00,M1.8
2023-07-16T17:36:00,-24,59,2023-07-16T17:46:00,M4.0
2023-07-17T22:41:00,-25,81,2023-07-17T22:54:00,M2.7
2023-07-17T23:17:00,-21,81,2023-07-17T23:34:00,M5.0
2023-07-17T23:37:00,-26,87,2023-07-18T00:06:00,M5.7
2023-07-18T06:45:00,11,-89,2023-07-18T06:56:00,M1.5
2023-07-18T19:32:00,27,-35,2023-07-18T19:48:00,M1.3
2023-07-18T20:00:00,26,-35,2023-07-18T20:05:00,M1.4
2023-07-18T20:16:00,-21,87,2023-07-18T20:27:00,M2.1
2023-07-19T10:49:00,-25,87,2023-07-19T10:57:00,M1.4
2023-07-19T17:04:00,-18,88,2023-07-19T17:25:00,M3.8
2023-07-22T03:12:00,23,54,2023-07-22T03:37:00,M3.2
2023-07-22T04:12:00,6,29,2023-07-22T04:16:00,M1.0
2023-07-25T01:36:00,25,51,2023-07-25T02:03:00,M1.5
2023-07-25T21:08:00,-10,-40,2023-07-25T21:16:00,M1.6
2023-07-26T04:21:00,21,65,2023-07-26T04:28:00,M1.2
2023-07-26T10:17:00,21,70,2023-07-26T10:37:00,M4.6
2023-07-26T15:50:00,21,72,2023-07-26T15:59:00,M2.0
2023-07-26T16:10:00,20,76,2023-07-26T16:13:00,M1.1
2023-07-27T09:44:00,21,89,2023-07-27T09:51:00,M2.0
2023-07-27T09:44:00,21,85,2023-07-27T09:51:00,M1.9
2023-07-27T22:04:00,-23,-73,2023-07-27T22:34:00,M1.8
2023-07-28T15:39:00,27,87,2023-07-28T15:58:00,M4.1
2023-07-28T15:39:00,26,87,2023-07-28T15:58:00,M4.1
2023-07-29T16:11:00,-11,9,2023-07-29T16:24:00,M1.4
2023-07-30T08:01:00,-18,-57,2023-07-30T08:14:00,M1.8
2023-07-30T08:18:00,-20,-58,2023-07-30T08:22:00,M1.9
2023-07-30T08:18:00,-18,-59,2023-07-30T08:22:00,M1.9
2023-07-31T08:42:00,-20,-44,2023-07-31T09:00:00,M1.7
2023-08-01T01:38:00,-9,40,2023-08-01T01:56:00,M1.0
2023-08-01T01:58:00,-9,43,2023-08-01T02:03:00,M1.3
2023-08-01T01:58:00,-9,41,2023-08-01T02:03:00,M1.3
2023-08-01T04:27:00,-9,41,2023-08-01T04:47:00,M2.2
2023-08-01T05:30:00,-9,42,2023-08-01T05:37:00,M1.3
2023-08-01T05:30:00,-9,43,2023-08-01T05:37:00,M1.4
2023-08-01T06:28:00,-9,43,2023-08-01T06:57:00,M3.6
2023-08-01T07:27:00,-11,40,2023-08-01T07:35:00,M2.3
2023-08-01T09:03:00,-8,42,2023-08-01T09:09:00,M1.5
2023-08-01T14:02:00,-8,45,2023-08-01T14:09:00,M1.4
2023-08-01T14:03:00,-8,45,2023-08-01T14:09:00,M1.4
2023-08-01T21:39:00,-10,52,2023-08-01T21:51:00,M1.0
2023-08-02T08:03:00,-10,59,2023-08-02T08:12:00,M1.3
2023-08-02T10:44:00,-10,60,2023-08-02T10:50:00,M1.2
2023-08-02T14:46:00,-10,62,2023-08-02T14:52:00,M1.7
2023-08-02T16:13:00,-10,63,2023-08-02T16:22:00,M1.3
2023-08-02T19:09:00,-11,65,2023-08-02T19:14:00,M1.1
2023-08-03T11:47:00,-11,74,2023-08-03T11:55:00,M2.1
2023-08-04T03:38:00,11,51,2023-08-04T04:16:00,M1.9
2023-08-04T03:38:00,11,52,2023-08-04T04:24:00,M2.0
2023-08-05T06:16:00,7,69,2023-08-05T07:22:00,M1.6
2023-08-05T09:23:00,-8,88,2023-08-05T09:36:00,M2.1
2023-08-05T21:45:00,12,77,2023-08-05T22:21:00,X1.6
2023-08-05T21:45:00,11,77,2023-08-05T22:21:00,X1.6
2023-08-06T18:20:00,8,89,2023-08-06T18:40:00,M5.5
2023-08-07T04:29:00,10,89,2023-08-07T04:41:00,M2.4
2023-08-07T15:25:00,16,81,2023-08-07T16:11:00,M1.0
2023-08-07T15:30:00,15,79,2023-08-07T16:27:00,M1.0
2023-08-07T16:24:00,21,73,2023-08-07T16:26:00,M1.0
2023-08-07T19:37:00,19,75,2023-08-07T19:51:00,M1.4
2023-08-07T20:30:00,12,88,2023-08-07T20:46:00,X1.5
2023-08-08T09:20:00,19,84,2023-08-08T09:31:00,M3.7
2023-08-08T09:20:00,18,84,2023-08-08T09:31:00,M3.6
2023-08-22T22:35:00,10,30,2023-08-22T23:04:00,M1.1
2023-08-25T00:56:00,-12,-50,2023-08-25T01:09:00,M1.5
2023-08-26T22:05:00,-5,-89,2023-08-26T22:50:00,M1.1
2023-09-01T02:20:00,13,71,2023-09-01T03:18:00,M1.0
2023-09-01T02:54:00,14,73,2023-09-01T03:51:00,M1.2
2023-09-01T03:26:00,16,64,2023-09-01T03:52:00,M1.2
2023-09-02T06:33:00,6,89,2023-09-02T07:12:00,M3.4
2023-09-03T00:14:00,11,88,2023-09-03T00:23:00,M1.1
2023-09-03T08:09:00,12,88,2023-09-03T08:36:00,M6.0
2023-09-05T08:03:00,14,2,2023-09-05T08:12:00,M2.0
2023-09-05T08:03:00,14,1,2023-09-05T08:12:00,M2.1
2023-09-05T19:33:00,15,10,2023-09-05T19:45:00,M1.2
2023-09-05T23:21:00,15,11,2023-09-05T23:39:00,M1.0
2023-09-07T18:58:00,20,-57,2023-09-07T19:09:00,M2.1
2023-09-11T01:08:00,9,-65,2023-09-11T01:28:00,M1.4
2023-09-11T03:58:00,-5,-58,2023-09-11T04:07:00,M1.1
2023-09-11T14:38:00,-6,-53,2023-09-11T14:49:00,M1.1
2023-09-11T14:38:00,-6,-52,2023-09-11T14:49:00,M1.1
2023-09-12T04:18:00,22,-2,2023-09-12T04:26:00,M1.9
2023-09-12T04:19:00,22,-2,2023-09-12T04:26:00,M1.9
2023-09-12T06:47:00,16,32,2023-09-12T07:07:00,M2.6
2023-09-14T06:40:00,10,-15,2023-09-14T07:45:00,M1.4
2023-09-14T06:40:00,23,55,2023-09-14T07:45:00,M1.4
2023-09-14T19:23:00,10,-9,2023-09-14T19:31:00,M1.9
2023-09-14T21:17:00,10,-7,2023-09-14T21:26:00,M2.5
2023-09-14T21:17:00,10,-8,2023-09-14T21:26:00,M2.5
2023-09-15T22:19:00,10,7,2023-09-15T22:29:00,M1.7
2023-09-16T00:38:00,10,8,2023-09-16T00:50:00,M2.9
2023-09-16T00:38:00,11,9,2023-09-16T00:50:00,M2.9
2023-09-16T05:28:00,10,11,2023-09-16T05:38:00,M3.4
2023-09-16T05:30:00,10,11,2023-09-16T05:38:00,M3.3
2023-09-19T03:45:00,7,-53,2023-09-19T03:55:00,M1.1
2023-09-19T09:23:00,7,-51,2023-09-19T09:38:00,M1.8
2023-09-19T09:23:00,7,-50,2023-09-19T09:38:00,M1.9
2023-09-19T20:01:00,7,-45,2023-09-19T20:14:00,M4.0
2023-09-20T14:11:00,7,-34,2023-09-20T14:19:00,M8.2
2023-09-20T14:11:00,7,-35,2023-09-20T14:19:00,M8.2
2023-09-21T12:42:00,7,-22,2023-09-21T12:54:00,M8.7
2023-09-22T02:03:00,13,-18,2023-09-22T03:36:00,M1.2
2023-09-22T02:25:00,13,-18,2023-09-22T03:36:00,M1.2
2023-09-22T15:53:00,29,36,2023-09-22T16:23:00,M1.4
2023-09-22T17:06:00,28,38,2023-09-22T17:15:00,M1.5
2023-09-22T22:25:00,28,40,2023-09-22T23:00:00,M1.9
2023-09-23T20:14:00,20,87,2023-09-23T20:43:00,M1.6
2023-09-24T02:51:00,-14,-20,2023-09-24T03:07:00,M1.2
2023-09-24T03:09:00,-13,-21,2023-09-24T03:14:00,M1.9
2023-09-24T03:17:00,-13,-21,2023-09-24T03:28:00,M4.4
2023-09-24T14:51:00,27,57,2023-09-24T15:00:00,M1.0
2023-09-24T14:51:00,27,56,2023-09-24T15:00:00,M1.0
2023-09-28T08:58:00,-19,-66,2023-09-28T09:07:00,M1.3
2023-09-30T16:16:00,11,-66,2023-09-30T16:35:00,M1.2
2023-10-01T01:10:00,10,-61,2023-10-01T01:32:00,M2.5
2023-10-02T12:35:00,18,-69,2023-10-02T12:46:00,M1.9
2023-10-07T17:57:00,-11,-40,2023-10-07T18:06:00,M1.8
2023-10-10T01:55:00,12,63,2023-10-10T02:09:00,M1.6
2023-10-10T12:08:00,13,67,2023-10-10T12:17:00,M2.3
2023-10-10T12:08:00,13,68,2023-10-10T12:17:00,M2.3
2023-10-12T04:50:00,17,88,2023-10-12T04:58:00,M1.1
2023-10-26T22:47:00,20,-88,2023-10-26T23:24:00,M1.4
2023-11-01T06:07:00,-12,-88,2023-11-01T06:26:00,M1.2
2023-11-01T06:07:00,-11,-88,2023-11-01T06:26:00,M1.2
2023-11-01T11:37:00,-9,-88,2023-11-01T12:26:00,M1.4
2023-11-02T12:18:00,-18,30,2023-11-02T12:22:00,M1.7
2023-11-02T19:08:00,-9,-88,2023-11-02T19:21:00,M1.0
2023-11-05T11:34:00,-9,-52,2023-11-05T11:43:00,M1.8
2023-11-05T11:34:00,-9,-53,2023-11-05T11:43:00,M1.8
2023-11-05T14:24:00,-9,-51,2023-11-05T14:32:00,M1.7
2023-11-11T17:01:00,-15,61,2023-11-11T17:29:00,M1.2
2023-11-14T23:01:00,-20,75,2023-11-14T23:05:00,M1.1
2023-11-18T05:37:00,23,-89,2023-11-18T05:42:00,M1.2
2023-11-18T05:37:00,19,-89,2023-11-18T05:42:00,M1.3
2023-11-18T16:34:00,16,-89,2023-11-18T16:44:00,M1.1
2023-11-18T22:26:00,14,-89,2023-11-18T22:34:00,M1.0
2023-11-20T08:54:00,19,-76,2023-11-20T09:03:00,M1.2
2023-11-23T02:59:00,-20,-55,2023-11-23T03:38:00,M1.5
2023-11-23T14:25:00,20,-16,2023-11-23T14:37:00,M1.1
2023-11-24T09:17:00,-15,2,2023-11-24T09:33:00,M1.1
2023-11-28T19:07:00,-15,2,2023-11-28T19:32:00,M3.4
2023-11-28T19:07:00,-15,1,2023-11-28T19:32:00,M3.5
2023-11-28T19:35:00,-16,0,2023-11-28T19:50:00,M9.8
2023-12-01T04:12:00,12,73,2023-12-01T04:39:00,M1.1
2023-12-01T20:55:00,-18,39,2023-12-01T21:20:00,M1.0
2023-12-05T06:39:00,18,-77,2023-12-05T06:44:00,M1.6
2023-12-05T20:59:00,18,-69,2023-12-05T21:10:00,M1.0
2023-12-05T21:17:00,20,-72,2023-12-05T21:20:00,M1.4
2023-12-06T05:30:00,18,-64,2023-12-06T05:41:00,M2.1
2023-12-06T21:26:00,18,-56,2023-12-06T21:44:00,M2.3
2023-12-08T22:57:00,-20,48,2023-12-08T23:07:00,M5.4
2023-12-09T09:41:00,-20,55,2023-12-09T09:55:00,M1.5
2023-12-09T13:03:00,-20,57,2023-12-09T13:19:00,M1.0
2023-12-10T03:42:00,-21,66,2023-12-10T03:53:00,M2.3
2023-12-10T22:37:00,-21,77,2023-12-10T22:43:00,M1.4
2023-12-14T07:11:00,4,48,2023-12-14T07:44:00,M5.8
2023-12-14T07:11:00,3,48,2023-12-14T07:44:00,M5.8
2023-12-14T13:29:00,4,50,2023-12-14T13:48:00,M2.3
2023-12-14T16:47:00,4,53,2023-12-14T17:02:00,X2.8
2023-12-15T07:03:00,3,61,2023-12-15T07:15:00,M6.3
2023-12-15T07:23:00,3,63,2023-12-15T07:34:00,M6.9
2023-12-17T20:08:00,9,89,2023-12-17T20:17:00,M1.1
2023-12-21T05:19:00,-10,61,2023-12-21T05:38:00,M4.2
2023-12-21T23:42:00,-10,75,2023-12-22T00:04:00,M3.3
2023-12-24T11:09:00,-19,25,2023-12-24T11:18:00,M2.9
2023-12-24T16:37:00,-19,29,2023-12-24T16:49:00,M2.6
2023-12-24T19:21:00,-20,-89,2023-12-24T19:51:00,M1.1
2023-12-31T18:44:00,4,-89,2023-12-31T19:12:00,M1.0
2023-12-31T21:36:00,4,-79,2023-12-31T21:55:00,X5.0
2024-01-01T08:33:00,3,-71,2024-01-01T08:54:00,M2.4
2024-01-01T11:54:00,4,-69,2024-01-01T12:25:00,M4.7
2024-01-02T18:02:00,5,-58,2024-01-02T18:30:00,M1.2
2024-01-04T01:08:00,2,-38,2024-01-04T01:16:00,M1.1
2024-01-04T01:22:00,4,-38,2024-01-04T01:55:00,M3.9
2024-01-04T01:22:00,4,-39,2024-01-04T01:55:00,M3.9
2024-01-10T12:39:00,-20,-88,2024-01-10T12:55:00,M1.4
2024-01-10T23:18:00,22,81,2024-01-10T23:28:00,M1.9
2024-01-10T23:18:00,22,82,2024-01-10T23:28:00,M1.9
2024-01-11T12:44:00,19,88,2024-01-11T12:51:00,M1.4
2024-01-11T17:49:00,9,54,2024-01-11T17:52:00,M1.5
2024-01-11T19:08:00,18,88,2024-01-11T19:23:00,M1.2
2024-01-12T02:55:00,18,-19,2024-01-12T02:58:00,M1.1
2024-01-22T06:09:00,27,-27,2024-01-22T06:22:00,M1.5
2024-01-22T19:13:00,25,-14,2024-01-22T19:24:00,M1.1
2024-01-22T19:28:00,-16,28,2024-01-22T19:32:00,M1.3
2024-01-22T19:43:00,-17,28,2024-01-22T19:47:00,M2.0
2024-01-22T21:14:00,-17,29,2024-01-22T21:21:00,M3.4
2024-01-22T21:36:00,-17,29,2024-01-22T21:43:00,M1.6
2024-01-22T22:19:00,-17,30,2024-01-22T22:22:00,M2.1
2024-01-23T03:09:00,29,-18,2024-01-23T03:31:00,M5.1
2024-01-23T07:52:00,-17,35,2024-01-23T08:11:00,M2.4
2024-01-23T08:18:00,-17,38,2024-01-23T08:22:00,M2.4
2024-01-23T12:40:00,-17,37,2024-01-23T12:58:00,M1.0
2024-01-23T13:03:00,30,-13,2024-01-23T13:08:00,M1.0
2024-01-23T14:45:00,-18,41,2024-01-23T14:59:00,M1.3
2024-01-23T16:36:00,-17,39,2024-01-23T16:40:00,M4.3
2024-01-23T18:19:00,-17,43,2024-01-23T18:28:00,M1.0
2024-01-23T18:35:00,-16,43,2024-01-23T18:44:00,M1.1
2024-01-23T19:46:00,-17,42,2024-01-23T19:52:00,M1.0
2024-01-23T19:57:00,-18,43,2024-01-23T20:01:00,M1.0
2024-01-24T00:21:00,-17,43,2024-01-24T00:38:00,M1.1
2024-01-24T01:31:00,-16,48,2024-01-24T01:40:00,M2.7
2024-01-24T05:18:00,-16,51,2024-01-24T05:43:00,M1.4
2024-01-24T20:44:00,-17,58,2024-01-24T20:58:00,M1.3
2024-01-29T01:29:00,30,62,2024-01-29T01:40:00,M1.3
2024-01-29T03:54:00,28,86,2024-01-29T04:38:00,M6.8
2024-02-02T02:52:00,-18,-60,2024-02-02T03:01:00,M1.2
2024-02-04T11:40:00,-15,-84,2024-02-04T11:53:00,M1.4
2024-02-04T16:22:00,-15,-79,2024-02-04T16:38:00,M1.5
2024-02-04T17:05:00,-15,-77,2024-02-04T17:12:00,M1.3
2024-02-04T18:16:00,-36,46,2024-02-04T18:29:00,M1.1
2024-02-04T20:52:00,-20,-84,2024-02-04T20:57:00,M1.3
2024-02-04T22:20:00,-14,-86,2024-02-04T22:28:00,M2.1
2024-02-04T22:34:00,-15,-73,2024-02-04T22:37:00,M2.7
2024-02-04T22:45:00,-9,-89,2024-02-04T22:48:00,M1.8
2024-02-05T04:13:00,-16,-74,2024-02-05T04:28:00,M2.2
2024-02-05T04:36:00,-15,-71,2024-02-05T04:38:00,M1.5
2024-02-05T06:10:00,-20,-77,2024-02-05T06:22:00,M1.5
2024-02-06T02:15:00,-39,62,2024-02-06T02:28:00,M2.2
2024-02-06T02:37:00,-40,63,2024-02-06T03:12:00,M4.3
2024-02-06T18:38:00,-36,72,2024-02-06T18:49:00,M1.3
2024-02-07T03:04:00,-39,78,2024-02-07T03:31:00,M5.2
2024-02-07T17:41:00,-15,-38,2024-02-07T18:05:00,M1.4
2024-02-08T12:41:00,-18,-28,2024-02-08T13:12:00,M3.5
2024-02-08T14:11:00,-15,83,2024-02-08T14:18:00,M1.2
2024-02-08T15:17:00,-15,-22,2024-02-08T15:23:00,M1.8
2024-02-08T18:56:00,-15,-20,2024-02-08T19:02:00,M1.3
2024-02-08T23:16:00,-35,85,2024-02-08T23:55:00,M4.0
2024-02-09T00:36:00,-15,-17,2024-02-09T00:41:00,M3.2
2024-02-09T12:53:00,-37,85,2024-02-09T13:14:00,X3.4
2024-02-09T17:54:00,-14,-7,2024-02-09T18:00:00,M1.2
2024-02-10T00:42:00,-14,-5,2024-02-10T00:51:00,M1.5
2024-02-10T03:04:00,-15,-88,2024-02-10T03:54:00,M3.4
2024-02-10T22:56:00,-12,12,2024-02-10T23:07:00,M9.0
2024-02-11T22:35:00,10,-88,2024-02-11T22:45:00,M1.1
2024-02-12T03:23:00,-13,25,2024-02-12T03:48:00,M6.5
2024-02-12T12:50:00,-16,28,2024-02-12T13:08:00,M1.1
2024-02-12T15:31:00,-16,28,2024-02-12T15:48:00,M1.5
2024-02-12T20:35:00,28,-86,2024-02-12T21:17:00,M2.7
2024-02-12T22:00:00,-14,36,2024-02-12T22:04:00,M1.6
2024-02-14T03:02:00,7,26,2024-02-14T03:10:00,M1.1
2024-02-14T07:26:00,-17,57,2024-02-14T07:35:00,M1.0
2024-02-15T16:50:00,-13,79,2024-02-15T17:07:00,M1.9
2024-02-16T02:39:00,-13,88,2024-02-16T02:51:00,M1.5
2024-02-16T06:42:00,-19,82,2024-02-16T06:53:00,X2.5
2024-02-16T21:57:00,-14,88,2024-02-16T22:09:00,M3.0
2024-02-21T22:52:00,17,-39,2024-02-21T23:07:00,X1.8
2024-02-21T23:58:00,-35,-85,2024-02-22T00:14:00,M1.6
2024-02-22T06:17:00,17,-35,2024-02-22T06:32:00,X1.7
2024-02-22T20:29:00,18,-27,2024-02-22T20:46:00,M4.8
2024-02-22T22:08:00,17,-27,2024-02-22T22:34:00,X6.4
2024-02-23T13:12:00,16,-19,2024-02-23T13:28:00,M1.0
2024-02-23T15:41:00,18,-18,2024-02-23T15:53:00,M1.5
2024-02-23T16:12:00,17,-15,2024-02-23T16:20:00,M1.0
2024-02-23T17:26:00,17,-15,2024-02-23T17:47:00,M2.7
2024-02-24T06:21:00,18,-8,2024-02-24T06:34:00,M4.5
2024-02-24T10:32:00,15,-8,2024-02-24T10:57:00,M2.2
2024-02-24T11:03:00,18,-6,2024-02-24T11:18:00,M3.7
2024-02-24T11:54:00,16,-10,2024-02-24T11:59:00,M1.0
2024-02-25T16:47:00,14,7,2024-02-25T17:22:00,M2.1
2024-02-28T16:37:00,19,58,2024-02-28T18:19:00,M1.3
2024-03-08T21:18:00,-14,15,2024-03-08T21:26:00,M1.3
2024-03-10T12:00:00,-13,38,2024-03-10T12:13:00,M7.4
2024-03-14T05:52:00,-13,88,2024-03-14T06:04:00,M1.0
2024-03-16T16:22:00,-14,-88,2024-03-16T16:35:00,M3.5
2024-03-16T21:27:00,-15,-88,2024-03-16T21:55:00,M1.2
2024-03-18T03:21:00,22,86,2024-03-18T03:32:00,M2.8
2024-03-18T04:06:00,15,-70,2024-03-18T04:14:00,M1.0
2024-03-18T19:02:00,-11,-70,2024-03-18T19:19:00,M6.7
2024-03-19T02:24:00,-13,-68,2024-03-19T02:29:00,M1.4
2024-03-19T23:17:00,-15,-56,2024-03-19T23:27:00,M2.1
2024-03-20T07:23:00,-10,-48,2024-03-20T07:36:00,M7.4
2024-03-20T22:46:00,-15,-43,2024-03-20T22:55:00,M2.0
2024-03-22T20:18:00,-14,-21,2024-03-22T20:32:00,M4.3
2024-03-23T00:58:00,-14,-15,2024-03-23T01:33:00,X1.1
2024-03-23T06:47:00,-13,-4,2024-03-23T06:55:00,M1.1
2024-03-23T07:01:00,-14,-11,2024-03-23T07:09:00,M2.5
2024-03-23T07:26:00,-14,-10,2024-03-23T07:38:00,M3.1
2024-03-23T11:22:00,-14,-7,2024-03-23T11:29:00,M1.0
2024-03-23T12:36:00,-14,-6,2024-03-23T12:47:00,M1.3
2024-03-23T13:04:00,-14,-10,2024-03-23T13:11:00,M1.2
2024-03-23T13:31:00,-14,-10,2024-03-23T13:37:00,M1.9
2024-03-23T13:51:00,-14,-6,2024-03-23T14:02:00,M5.4
2024-03-23T14:49:00,-13,-3,2024-03-23T14:53:00,M1.5
2024-03-23T15:01:00,-14,-7,2024-03-23T15:13:00,M3.8
2024-03-23T15:17:00,-15,-5,2024-03-23T15:22:00,M3.8
2024-03-23T16:22:00,-13,-6,2024-03-23T16:51:00,M2.8
2024-03-23T23:30:00,-11,1,2024-03-23T23:49:00,M2.5
2024-03-24T00:51:00,-14,0,2024-03-24T01:04:00,M1.0
2024-03-24T01:12:00,-14,0,2024-03-24T01:25:00,M1.5
2024-03-24T01:43:00,-14,0,2024-03-24T01:54:00,M2.1
2024-03-24T01:57:00,-14,-1,2024-03-24T02:05:00,M2.3
2024-03-24T02:09:00,-13,-1,2024-03-24T02:18:00,M2.7
2024-03-24T05:59:00,-14,4,2024-03-24T06:06:00,M2.2
2024-03-24T07:36:00,-14,-1,2024-03-24T07:51:00,M1.4
2024-03-24T12:10:00,-14,1,2024-03-24T12:18:00,M1.1
2024-03-24T12:27:00,-14,2,2024-03-24T12:34:00,M1.0
2024-03-24T13:00:00,-13,3,2024-03-24T13:13:00,M1.3
2024-03-25T06:37:00,-12,23,2024-03-25T06:44:00,M4.5
2024-03-26T00:28:00,-12,34,2024-03-26T00:36:00,M1.9
2024-03-26T10:11:00,-13,25,2024-03-26T10:17:00,M1.0
2024-03-26T10:36:00,-11,34,2024-03-26T10:43:00,M1.3
2024-03-26T12:55:00,-14,31,2024-03-26T13:30:00,M1.9
2024-03-26T13:41:00,18,75,2024-03-26T13:46:00,M1.7
2024-03-26T21:43:00,-11,41,2024-03-26T21:58:00,M1.6
2024-03-27T01:37:00,-10,43,2024-03-27T01:44:00,M1.1
2024-03-27T06:33:00,-14,39,2024-03-27T06:41:00,M1.1
2024-03-28T06:16:00,-14,51,2024-03-28T06:29:00,M7.0
2024-03-28T15:40:00,-15,54,2024-03-28T15:56:00,M6.1
2024-03-28T19:21:00,-15,57,2024-03-28T19:31:00,M1.2
2024-03-28T20:29:00,-14,60,2024-03-28T20:46:00,M9.7
2024-03-28T20:50:00,-16,61,2024-03-28T20:56:00,X1.1
2024-03-29T02:17:00,-16,61,2024-03-29T02:30:00,M3.2
2024-03-29T18:22:00,-12,83,2024-03-29T18:43:00,M1.0
2024-03-29T19:19:00,-15,72,2024-03-29T19:34:00,M1.2
2024-03-30T21:01:00,-12,88,2024-03-30T21:16:00,M9.4
2024-03-30T21:21:00,-11,88,2024-03-30T21:31:00,M9.3
2024-03-30T22:48:00,-14,88,2024-03-30T22:53:00,M4.5
2024-04-01T01:13:00,10,64,2024-04-01T01:32:00,M3.9
2024-04-01T01:38:00,-18,88,2024-04-01T01:42:00,M3.4
2024-04-11T16:52:00,-13,-88,2024-04-11T17:06:00,M5.5
2024-04-13T04:58:00,-12,-83,2024-04-13T05:02:00,M2.4
2024-04-14T02:24:00,-14,-65,2024-04-14T02:32:00,M4.3
2024-04-15T01:06:00,28,-61,2024-04-15T01:18:00,M1.8
2024-04-15T07:15:00,31,-60,2024-04-15T07:32:00,M1.0
2024-04-15T08:38:00,27,28,2024-04-15T08:42:00,M2.4
2024-04-15T09:21:00,29,-61,2024-04-15T09:32:00,M1.2
2024-04-15T13:43:00,27,31,2024-04-15T14:04:00,M1.5
2024-04-15T13:45:00,28,-55,2024-04-15T13:58:00,M1.1
2024-04-15T14:01:00,27,31,2024-04-15T14:04:00,M1.4
2024-04-15T14:08:00,29,-55,2024-04-15T14:17:00,M2.2
2024-04-15T19:25:00,29,-55,2024-04-15T19:32:00,M4.0
2024-04-16T17:49:00,-9,-37,2024-04-16T18:02:00,M1.1
2024-04-17T21:53:00,-8,-22,2024-04-17T22:08:00,M1.6
2024-04-17T21:55:00,-8,-23,2024-04-17T22:08:00,M1.6
2024-04-18T02:32:00,-18,-16,2024-04-18T02:48:00,M2.2
2024-04-18T07:17:00,-12,-24,2024-04-18T07:37:00,M1.3
2024-04-18T19:22:00,-11,-17,2024-04-18T20:01:00,M1.6
2024-04-18T20:12:00,-12,-15,2024-04-18T20:16:00,M1.6
2024-04-19T04:40:00,-11,-8,2024-04-19T04:53:00,M2.1
2024-04-19T12:53:00,-16,0,2024-04-19T13:06:00,M1.0
2024-04-21T12:39:00,-6,28,2024-04-21T12:59:00,M1.0
2024-04-21T15:07:00,-19,33,2024-04-21T15:14:00,M2.2
2024-04-21T21:44:00,-19,37,2024-04-21T21:52:00,M3.4
2024-04-22T07:58:00,-6,39,2024-04-22T08:13:00,M1.1
2024-04-22T13:13:00,-11,39,2024-04-22T13:35:00,M1.7
2024-04-22T14:46:00,-6,45,2024-04-22T14:55:00,M1.1
2024-04-22T15:08:00,21,-5,2024-04-22T15:19:00,M1.6
2024-04-22T15:41:00,-11,-68,2024-04-22T15:50:00,M2.8
2024-04-22T16:26:00,-12,-67,2024-04-22T16:30:00,M1.1
2024-04-22T21:05:00,-18,46,2024-04-22T21:16:00,M1.5
2024-04-22T22:59:00,-7,50,2024-04-22T23:18:00,M1.1
2024-04-23T03:06:00,-6,-44,2024-04-23T03:19:00,M3.6
2024-04-23T08:07:00,-6,-41,2024-04-23T08:21:00,M3.0
2024-04-23T16:23:00,-12,50,2024-04-23T16:51:00,M1.0
2024-04-23T17:33:00,-17,58,2024-04-23T17:44:00,M2.9
2024-04-24T00:13:00,-10,61,2024-04-24T00:29:00,M1.8
2024-04-24T00:38:00,-9,65,2024-04-24T00:42:00,M1.6
2024-04-24T02:30:00,-17,64,2024-04-24T02:39:00,M1.8
2024-04-24T12:07:00,-7,70,2024-04-24T12:14:00,M1.5
2024-04-24T22:27:00,-14,62,2024-04-24T22:50:00,M1.1
2024-04-24T22:54:00,-10,78,2024-04-24T22:59:00,M2.0
2024-04-25T01:40:00,-10,74,2024-04-25T01:49:00,M1.0
2024-04-25T02:01:00,-8,89,2024-04-25T02:27:00,M1.0
2024-04-25T03:03:00,17,46,2024-04-25T03:15:00,M1.1
2024-04-25T13:11:00,-18,87,2024-04-25T13:21:00,M1.0
2024-04-25T17:03:00,-18,88,2024-04-25T17:12:00,M1.4
2024-04-27T12:23:00,-7,15,2024-04-27T12:35:00,M2.1
2024-04-27T21:29:00,-6,19,2024-04-27T21:40:00,M3.0
2024-04-29T00:33:00,-7,37,2024-04-29T00:48:00,M2.5
2024-04-29T00:54:00,-7,36,2024-04-29T01:11:00,M3.7
2024-04-30T00:46:00,-6,51,2024-04-30T01:14:00,M1.6
2024-04-30T14:50:00,-6,61,2024-04-30T15:11:00,M1.2
2024-04-30T16:11:00,-6,60,2024-04-30T16:33:00,M1.3
2024-04-30T23:23:00,-6,63,2024-04-30T23:46:00,M9.5
2024-05-01T14:17:00,-6,74,2024-05-01T14:32:00,M1.8
2024-05-01T14:37:00,-4,81,2024-05-01T14:44:00,M1.9
2024-05-01T22:26:00,24,-23,2024-05-01T22:31:00,M1.8
2024-05-02T02:07:00,24,-21,2024-05-02T02:17:00,M1.0
2024-05-02T20:52:00,-20,-59,2024-05-02T20:57:00,M2.8
2024-05-03T00:08:00,-20,-57,2024-05-03T00:15:00,M2.7
2024-05-03T02:11:00,25,-6,2024-05-03T02:22:00,X1.7
2024-05-03T08:05:00,24,-4,2024-05-03T08:11:00,M4.4
2024-05-03T22:25:00,-6,89,2024-05-03T22:47:00,M1.2
2024-05-03T23:11:00,25,4,2024-05-03T23:16:00,M1.1
2024-05-03T23:24:00,26,5,2024-05-03T23:30:00,M2.4
2024-05-04T00:26:00,25,5,2024-05-04T00:36:00,M1.6
2024-05-04T06:02:00,26,9,2024-05-04T06:19:00,M9.1
2024-05-04T07:04:00,27,7,2024-05-04T07:07:00,M1.5
2024-05-04T18:10:00,25,14,2024-05-04T18:20:00,M1.3
2024-05-04T22:23:00,25,15,2024-05-04T22:37:00,M3.3
2024-05-04T23:28:00,25,17,2024-05-04T23:48:00,M9.0
2024-05-05T01:15:00,26,20,2024-05-05T01:27:00,M8.4
2024-05-05T05:47:00,24,22,2024-05-05T06:01:00,X1.3
2024-05-05T08:07:00,26,22,2024-05-05T08:19:00,M1.3
2024-05-05T09:23:00,-21,-22,2024-05-05T09:38:00,M2.4
2024-05-05T09:53:00,25,21,2024-05-05T10:00:00,M7.5
2024-05-05T11:41:00,25,23,2024-05-05T11:54:00,X1.3
2024-05-05T12:47:00,-21,-21,2024-05-05T12:52:00,M1.5
2024-05-05T14:33:00,24,24,2024-05-05T14:47:00,M1.3
2024-05-05T15:28:00,25,24,2024-05-05T15:38:00,M2.3
2024-05-05T16:55:00,-18,-24,2024-05-05T17:01:00,M1.3
2024-05-05T18:34:00,-21,-18,2024-05-05T18:40:00,M1.0
2024-05-05T19:44:00,24,27,2024-05-05T19:52:00,M1.4
2024-05-06T00:47:00,24,30,2024-05-06T01:06:00,M1.6
2024-05-06T05:09:00,25,37,2024-05-06T05:28:00,M1.3
2024-05-06T05:37:00,24,36,2024-05-06T06:03:00,M2.9
2024-05-06T05:38:00,25,35,2024-05-06T06:35:00,X4.5
2024-05-06T06:03:00,24,36,2024-05-06T06:20:00,M7.4
2024-05-06T09:49:00,24,38,2024-05-06T09:59:00,M1.5
2024-05-06T21:37:00,26,40,2024-05-06T21:48:00,M1.3
2024-05-06T21:58:00,27,42,2024-05-06T22:27:00,M4.3
2024-05-07T00:41:00,25,45,2024-05-07T00:58:00,M2.7
2024-05-07T05:58:00,27,45,2024-05-07T06:16:00,M5.2
2024-05-07T08:18:00,-18,-5,2024-05-07T08:31:00,M1.3
2024-05-07T11:40:00,-24,1,2024-05-07T11:50:00,M2.5
2024-05-07T12:43:00,25,54,2024-05-07T12:54:00,M1.5
2024-05-07T13:16:00,25,53,2024-05-07T13:25:00,M1.0
2024-05-07T13:32:00,26,56,2024-05-07T13:35:00,M1.0
2024-05-07T16:21:00,25,55,2024-05-07T16:30:00,M8.2
2024-05-07T20:18:00,-86,-27,2024-05-07T20:22:00,M2.1
2024-05-07T21:13:00,26,57,2024-05-07T21:26:00,M3.3
2024-05-07T21:42:00,-22,7,2024-05-07T21:59:00,M3.3
2024-05-08T01:33:00,25,60,2024-05-08T01:41:00,X1.0
2024-05-08T01:59:00,-17,4,2024-05-08T02:06:00,M1.1
2024-05-08T02:16:00,-17,4,2024-05-08T02:27:00,M3.4
2024-05-08T03:19:00,-22,11,2024-05-08T03:27:00,M1.9
2024-05-08T03:38:00,-20,5,2024-05-08T03:42:00,M2.0
2024-05-08T04:20:00,-21,9,2024-05-08T04:30:00,M3.6
2024-05-08T04:37:00,-22,11,2024-05-08T05:09:00,X1.0
2024-05-08T06:44:00,-20,17,2024-05-08T06:53:00,M7.2
2024-05-08T07:29:00,27,59,2024-05-08T07:41:00,M4.5
2024-05-08T09:31:00,25,65,2024-05-08T09:37:00,M1.9
2024-05-08T09:43:00,24,65,2024-05-08T09:48:00,M2.1
2024-05-08T11:09:00,25,65,2024-05-08T11:22:00,M4.1
2024-05-08T11:26:00,-20,11,2024-05-08T12:04:00,M8.7
2024-05-08T14:31:00,28,65,2024-05-08T14:43:00,M1.1
2024-05-08T17:32:00,-16,12,2024-05-08T17:53:00,M7.9
2024-05-08T18:14:00,26,69,2024-05-08T18:36:00,M2.9
2024-05-08T19:15:00,-20,15,2024-05-08T19:21:00,M2.0
2024-05-08T20:27:00,-19,15,2024-05-08T20:34:00,M1.8
2024-05-08T21:08:00,-20,17,2024-05-08T21:40:00,X1.0
2024-05-08T22:04:00,-23,21,2024-05-08T22:27:00,M9.9
2024-05-08T22:05:00,-23,21,2024-05-08T22:27:00,M9.7
2024-05-09T03:07:00,-21,23,2024-05-09T03:17:00,M4.0
2024-05-09T03:23:00,-22,23,2024-05-09T03:32:00,M4.6
2024-05-09T04:44:00,-22,27,2024-05-09T04:49:00,M1.7
2024-05-09T06:03:00,-22,30,2024-05-09T06:13:00,M2.3
2024-05-09T06:24:00,-22,25,2024-05-09T06:27:00,M2.5
2024-05-09T08:30:00,26,75,2024-05-09T08:40:00,M2.1
2024-05-09T08:45:00,-20,24,2024-05-09T09:13:00,X2.3
2024-05-09T11:52:00,-16,39,2024-05-09T11:56:00,M3.1
2024-05-09T12:05:00,-17,31,2024-05-09T12:12:00,M2.9
2024-05-09T13:16:00,-17,32,2024-05-09T13:23:00,M3.7
2024-05-09T17:23:00,-17,28,2024-05-09T17:44:00,X1.1
2024-05-09T21:15:00,26,88,2024-05-09T21:21:00,M1.0
2024-05-09T22:08:00,27,88,2024-05-09T22:15:00,M1.0
2024-05-09T22:24:00,-16,45,2024-05-09T22:41:00,M2.6
2024-05-09T23:04:00,-11,-89,2024-05-09T23:08:00,M1.2
2024-05-09T23:44:00,-23,35,2024-05-09T23:51:00,M1.6
2024-05-10T00:10:00,-22,36,2024-05-10T00:18:00,M1.5
2024-05-10T03:15:00,-13,-89,2024-05-10T03:29:00,M1.5
2024-05-10T06:14:00,-19,35,2024-05-10T06:24:00,M1.4
2024-05-10T06:27:00,-17,34,2024-05-10T06:54:00,X4.0
2024-05-10T10:10:00,-21,43,2024-05-10T10:14:00,M2.2
2024-05-10T13:58:00,-15,39,2024-05-10T14:11:00,M6.0
2024-05-10T18:26:00,-20,48,2024-05-10T18:32:00,M1.1
2024-05-10T18:38:00,-17,44,2024-05-10T18:48:00,M1.8
2024-05-10T18:57:00,-17,43,2024-05-10T19:05:00,M2.0
2024-05-10T19:35:00,-19,51,2024-05-10T19:53:00,M1.1
2024-05-10T19:56:00,-20,48,2024-05-10T20:03:00,M1.9
2024-05-10T20:59:00,-17,46,2024-05-10T21:08:00,M3.8
2024-05-11T01:10:00,-17,44,2024-05-11T01:23:00,X5.8
2024-05-11T04:28:00,-18,48,2024-05-11T04:40:00,M1.4
2024-05-11T10:03:00,-20,58,2024-05-11T10:18:00,M3.1
2024-05-11T10:53:00,-19,56,2024-05-11T10:56:00,M1.6
2024-05-11T11:15:00,-19,60,2024-05-11T11:44:00,X1.5
2024-05-11T13:45:00,-19,59,2024-05-11T13:49:00,M1.8
2024-05-11T14:46:00,-17,50,2024-05-11T15:25:00,M8.9
2024-05-11T16:24:00,-17,54,2024-05-11T16:43:00,M3.0
2024-05-11T20:32:00,-20,63,2024-05-11T20:41:00,M1.2
2024-05-12T00:41:00,-20,66,2024-05-12T00:45:00,M3.2
2024-05-12T05:37:00,19,-88,2024-05-12T05:52:00,M2.4
2024-05-12T12:27:00,-17,68,2024-05-12T12:41:00,M1.7
2024-05-12T13:40:00,-17,70,2024-05-12T13:47:00,M1.0
2024-05-12T13:49:00,-20,74,2024-05-12T13:56:00,M1.6
2024-05-12T16:11:00,-20,75,2024-05-12T16:26:00,X1.0
2024-05-12T20:17:00,-20,78,2024-05-12T20:32:00,M4.9
2024-05-12T22:01:00,-16,80,2024-05-12T22:06:00,M1.1
2024-05-12T22:14:00,-17,81,2024-05-12T22:18:00,M1.1
2024-05-12T23:00:00,-20,79,2024-05-12T23:10:00,M1.0
2024-05-13T01:23:00,-20,81,2024-05-13T01:33:00,M1.3
2024-05-13T08:06:00,-18,81,2024-05-13T08:20:00,M1.2
2024-05-13T08:23:00,-22,89,2024-05-13T08:29:00,M1.5
2024-05-13T08:47:00,-17,83,2024-05-13T09:33:00,M5.0
2024-05-13T08:48:00,-17,81,2024-05-13T09:44:00,M6.6
2024-05-13T09:36:00,-17,77,2024-05-13T09:44:00,M6.7
2024-05-13T12:56:00,-16,89,2024-05-13T13:11:00,M3.7
2024-05-13T17:32:00,-10,-45,2024-05-13T17:47:00,M1.1
2024-05-13T18:37:00,-17,89,2024-05-13T18:48:00,M1.1
2024-05-13T21:48:00,-17,89,2024-05-13T21:59:00,M1.5
2024-05-14T01:23:00,-16,89,2024-05-14T01:48:00,M2.6
2024-05-14T02:03:00,-17,89,2024-05-14T02:09:00,X1.7
2024-05-14T09:24:00,29,-42,2024-05-14T10:08:00,M1.2
2024-05-14T12:40:00,-17,89,2024-05-14T12:55:00,X1.2
2024-05-14T16:46:00,-18,89,2024-05-14T16:51:00,X8.7
2024-05-14T17:25:00,17,-72,2024-05-14T17:38:00,M4.5
2024-05-14T19:44:00,-9,-52,2024-05-14T20:01:00,M1.3
2024-05-15T07:22:00,23,40,2024-05-15T07:48:00,M1.0
2024-05-15T08:18:00,-18,89,2024-05-15T08:37:00,X3.5
2024-05-15T09:47:00,-24,89,2024-05-15T10:35:00,M3.6
2024-05-15T13:56:00,-11,-89,2024-05-15T14:06:00,M2.9
2024-05-15T14:10:00,-10,-89,2024-05-15T14:17:00,M3.3
2024-05-15T14:20:00,-12,-89,2024-05-15T14:38:00,X3.0
2024-05-16T07:50:00,-10,-81,2024-05-16T08:04:00,M1.0
2024-05-17T20:33:00,-10,-67,2024-05-17T21:08:00,M7.3
2024-05-19T13:37:00,-10,-36,2024-05-19T13:44:00,M1.9
2024-05-19T17:47:00,-10,-33,2024-05-19T17:56:00,M2.5
2024-05-19T21:53:00,-10,-31,2024-05-19T21:59:00,M1.6
2024-05-21T19:19:00,-6,47,2024-05-21T19:31:00,M1.9
2024-05-22T03:02:00,-6,52,2024-05-22T03:13:00,M1.5
2024-05-22T03:38:00,-23,89,2024-05-22T04:04:00,M2.3
2024-05-22T13:51:00,-6,58,2024-05-22T14:05:00,M1.2
2024-05-23T02:05:00,-6,65,2024-05-23T02:16:00,M4.2
2024-05-23T04:03:00,-10,62,2024-05-23T04:29:00,M1.7
2024-05-23T10:03:00,-9,64,2024-05-23T10:08:00,M1.0
2024-05-23T12:48:00,-10,67,2024-05-23T13:26:00,M2.5
2024-05-23T15:53:00,-8,68,2024-05-23T15:58:00,M1.0
2024-05-24T06:28:00,-11,26,2024-05-24T07:06:00,M1.5
2024-05-24T07:51:00,-9,77,2024-05-24T08:01:00,M1.1
2024-05-24T08:08:00,-16,25,2024-05-24T08:24:00,M1.3
2024-05-24T20:05:00,-5,89,2024-05-24T20:25:00,M1.4
2024-05-27T06:49:00,-18,-89,2024-05-27T07:08:00,X2.9
2024-05-29T00:57:00,-17,-73,2024-05-29T01:06:00,M1.3
2024-05-29T06:33:00,-21,-77,2024-05-29T06:45:00,M1.5
2024-05-29T11:09:00,26,-30,2024-05-29T11:21:00,M1.9
2024-05-29T12:45:00,-21,-71,2024-05-29T12:55:00,M2.5
2024-05-29T14:11:00,-20,-66,2024-05-29T14:37:00,X1.4
2024-05-29T18:15:00,26,-11,2024-05-29T18:28:00,M2.7
2024-05-29T18:32:00,28,-12,2024-05-29T18:41:00,M5.7
2024-05-29T19:04:00,29,-11,2024-05-29T19:10:00,M1.3
2024-05-30T06:49:00,28,-8,2024-05-30T07:13:00,M1.1
2024-05-31T11:06:00,-18,-44,2024-05-31T11:20:00,M1.0
2024-05-31T21:52:00,-17,-34,2024-05-31T22:03:00,X1.1
2024-06-01T08:26:00,-18,-28,2024-06-01T08:48:00,X1.4
2024-06-01T18:24:00,-18,-22,2024-06-01T18:36:00,X1.0
2024-06-01T19:00:00,-20,-25,2024-06-01T19:20:00,M4.4
2024-06-01T19:01:00,-19,-18,2024-06-01T19:40:00,M7.4
2024-06-02T04:41:00,-19,-18,2024-06-02T04:50:00,M1.2
2024-06-02T08:40:00,-18,-14,2024-06-02T08:50:00,M2.0
2024-06-03T04:59:00,-19,-5,2024-06-03T05:17:00,M1.0
2024-06-03T11:49:00,-18,0,2024-06-03T11:55:00,M3.2
2024-06-03T12:18:00,-18,0,2024-06-03T12:27:00,M2.8
2024-06-03T13:58:00,26,39,2024-06-03T14:11:00,M4.8
2024-06-03T13:58:00,26,43,2024-06-03T14:11:00,M4.8
2024-06-04T06:09:00,-21,7,2024-06-04T06:31:00,M2.4
2024-06-04T08:57:00,-18,12,2024-06-04T09:04:00,M1.7
2024-06-05T08:32:00,-22,26,2024-06-05T08:56:00,M3.5
2024-06-05T09:52:00,-19,25,2024-06-05T10:07:00,M2.6
2024-06-06T14:50:00,-21,43,2024-06-06T15:06:00,M6.1
2024-06-07T08:52:00,-10,-89,2024-06-07T09:13:00,M4.1
2024-06-07T16:11:00,-18,51,2024-06-07T16:22:00,M1.3
2024-06-08T00:18:00,-10,-72,2024-06-08T00:28:00,M1.8
2024-06-08T00:39:00,-18,63,2024-06-08T00:51:00,M3.4
2024-06-08T01:23:00,-18,69,2024-06-08T01:49:00,M9.8
2024-06-08T03:13:00,-18,65,2024-06-08T03:18:00,M1.6
2024-06-08T05:17:00,-11,-68,2024-06-08T05:28:00,M1.5
2024-06-08T08:34:00,-10,-68,2024-06-08T08:44:00,M1.2
2024-06-08T08:54:00,-18,73,2024-06-08T08:58:00,M1.2
2024-06-08T20:53:00,-8,43,2024-06-08T21:02:00,M1.0
2024-06-09T06:49:00,-16,76,2024-06-09T07:01:00,M1.7
2024-06-09T08:02:00,-9,-54,2024-06-09T08:19:00,M1.2
2024-06-09T19:50:00,-17,89,2024-06-09T20:17:00,M1.0
2024-06-10T05:58:00,-17,89,2024-06-10T06:09:00,M3.3
2024-06-10T09:38:00,-17,89,2024-06-10T10:06:00,M2.3
2024-06-10T10:18:00,-17,89,2024-06-10T10:58:00,M5.3
2024-06-10T11:03:00,-17,89,2024-06-10T11:08:00,X1.6
2024-06-10T13:20:00,-17,89,2024-06-10T13:29:00,M1.3
2024-06-10T18:11:00,-16,89,2024-06-10T18:40:00,M9.6
2024-06-12T22:24:00,-12,-12,2024-06-12T22:46:00,M1.2
2024-06-13T16:34:00,-16,-59,2024-06-13T16:45:00,M3.2
2024-06-14T04:14:00,-24,-39,2024-06-14T04:32:00,M2.4
2024-06-17T07:54:00,-24,0,2024-06-17T08:04:00,M1.6
2024-06-17T10:42:00,-25,12,2024-06-17T10:46:00,M1.6
2024-06-17T19:57:00,-10,56,2024-06-17T20:35:00,M1.4
2024-06-18T11:14:00,-24,16,2024-06-18T11:23:00,M2.4
2024-06-18T12:11:00,-26,18,2024-06-18T12:20:00,M1.2
2024-06-19T06:15:00,-12,75,2024-06-19T06:38:00,M1.2
2024-06-20T15:09:00,-14,-58,2024-06-20T15:18:00,M1.1
2024-06-20T23:00:00,-13,-54,2024-06-20T23:16:00,M5.8
2024-06-22T04:22:00,-18,-89,2024-06-22T04:38:00,M1.3
2024-06-22T08:43:00,11,61,2024-06-22T08:55:00,M2.9
2024-06-22T11:00:00,-5,-47,2024-06-22T11:06:00,M1.0
2024-06-23T06:16:00,10,73,2024-06-23T06:30:00,M2.4
2024-06-23T11:26:00,-27,88,2024-06-23T11:37:00,M1.3
2024-06-23T12:51:00,-19,-79,2024-06-23T13:01:00,M9.3
2024-06-24T04:08:00,-25,88,2024-06-24T04:17:00,M1.3
2024-06-24T04:45:00,-26,88,2024-06-24T04:52:00,M1.9
2024-06-24T11:09:00,-5,-17,2024-06-24T11:13:00,M1.1
2024-06-24T11:44:00,-11,89,2024-06-24T11:48:00,M1.5
2024-06-24T19:02:00,-14,89,2024-06-24T19:10:00,M1.1
2024-06-25T12:26:00,-18,-61,2024-06-25T12:45:00,M1.0
2024-07-01T10:51:00,-17,37,2024-07-01T11:02:00,M2.1
2024-07-03T07:29:00,-18,61,2024-07-03T07:41:00,M1.5
2024-07-04T14:06:00,-21,74,2024-07-04T14:25:00,M1.0
2024-07-04T19:54:00,-19,88,2024-07-04T20:05:00,M1.4
2024-07-06T22:52:00,-9,-60,2024-07-06T23:15:00,M1.0
2024-07-07T19:38:00,-19,-88,2024-07-07T19:56:00,M1.1
2024-07-07T21:14:00,-23,-88,2024-07-07T21:27:00,M1.4
2024-07-07T21:42:00,-5,-56,2024-07-07T21:51:00,M1.1
2024-07-07T21:54:00,1,84,2024-07-07T21:59:00,M1.5
2024-07-07T22:03:00,-25,-87,2024-07-07T22:31:00,M2.5
2024-07-07T23:19:00,-9,-45,2024-07-07T23:23:00,M1.0
2024-07-08T12:34:00,-23,-88,2024-07-08T12:41:00,M1.1
2024-07-10T05:44:00,-8,-10,2024-07-10T05:59:00,M1.5
2024-07-10T09:26:00,-9,-8,2024-07-10T09:45:00,M1.3
2024-07-10T11:44:00,-9,-7,2024-07-10T12:04:00,M1.4
2024-07-10T12:51:00,-9,-5,2024-07-10T13:04:00,M1.1
2024-07-10T15:25:00,-9,-6,2024-07-10T15:37:00,M1.0
2024-07-11T04:03:00,-20,-56,2024-07-11T04:23:00,M1.3
2024-07-11T06:17:00,-13,10,2024-07-11T06:25:00,M1.2
2024-07-13T02:55:00,-9,37,2024-07-13T03:18:00,M1.4
2024-07-13T12:21:00,-6,41,2024-07-13T12:42:00,M5.3
2024-07-13T14:59:00,-16,-20,2024-07-13T15:30:00,M1.8
2024-07-13T15:41:00,-6,41,2024-07-13T15:44:00,M2.0
2024-07-13T19:25:00,-5,45,2024-07-13T19:30:00,M1.0
2024-07-13T22:44:00,-5,46,2024-07-13T23:01:00,M5.0
2024-07-13T23:14:00,-6,48,2024-07-13T23:35:00,M2.7
2024-07-14T01:05:00,-6,48,2024-07-14T01:20:00,M1.7
2024-07-14T02:23:00,-12,39,2024-07-14T02:34:00,X1.3
2024-07-14T03:46:00,-7,-84,2024-07-14T03:51:00,M1.0
2024-07-14T04:05:00,-6,50,2024-07-14T04:13:00,M3.0
2024-07-14T10:16:00,-12,45,2024-07-14T10:20:00,M1.0
2024-07-14T20:50:00,-8,54,2024-07-14T20:57:00,M1.0
2024-07-15T03:29:00,-12,54,2024-07-15T03:45:00,M1.3
2024-07-15T09:21:00,-4,65,2024-07-15T09:37:00,M2.7
2024-07-15T10:08:00,-6,60,2024-07-15T10:13:00,M1.9
2024-07-16T02:49:00,15,1,2024-07-16T03:01:00,M1.4
2024-07-16T07:24:00,10,27,2024-07-16T07:37:00,M3.6
2024-07-16T13:11:00,-5,83,2024-07-16T13:26:00,X1.9
2024-07-16T21:06:00,10,34,2024-07-16T21:24:00,M1.6
2024-07-16T21:46:00,17,9,2024-07-16T22:06:00,M1.9
2024-07-17T06:26:00,-7,29,2024-07-17T06:39:00,M5.1
2024-07-17T07:01:00,-10,30,2024-07-17T07:08:00,M3.4
2024-07-17T09:26:00,-8,89,2024-07-17T09:45:00,M1.2
2024-07-17T19:40:00,10,46,2024-07-17T19:51:00,M1.2
2024-07-17T19:53:00,10,46,2024-07-17T19:58:00,M2.0
2024-07-18T10:04:00,-7,-22,2024-07-18T10:14:00,M2.2
2024-07-18T10:20:00,-6,-23,2024-07-18T10:27:00,M2.0
2024-07-19T08:13:00,11,68,2024-07-19T08:23:00,M3.2
2024-07-19T17:53:00,-9,-4,2024-07-19T18:06:00,M2.0
2024-07-19T22:44:00,-7,70,2024-07-19T22:51:00,M1.0
2024-07-20T07:10:00,-7,3,2024-07-20T07:20:00,M1.8
2024-07-20T18:36:00,14,68,2024-07-20T18:49:00,M1.6
2024-07-21T03:46:00,15,73,2024-07-21T03:55:00,M1.5
2024-07-21T08:28:00,-10,21,2024-07-21T08:34:00,M1.5
2024-07-21T16:18:00,15,-20,2024-07-21T16:31:00,M1.0
2024-07-21T23:21:00,14,82,2024-07-21T23:28:00,M3.2
2024-07-22T03:27:00,-12,-55,2024-07-22T03:33:00,M1.4
2024-07-22T03:55:00,-12,-55,2024-07-22T04:04:00,M4.0
2024-07-22T04:14:00,-12,-54,2024-07-22T04:34:00,M1.9
2024-07-22T09:31:00,14,88,2024-07-22T09:35:00,M1.5
2024-07-22T12:47:00,14,88,2024-07-22T13:00:00,M1.5
2024-07-23T13:49:00,-11,-88,2024-07-23T14:28:00,M2.5
2024-07-24T07:28:00,-6,64,2024-07-24T07:42:00,M3.6
2024-07-24T17:09:00,-7,71,2024-07-24T17:21:00,M3.0
2024-07-25T15:27:00,-7,85,2024-07-25T15:37:00,M1.3
2024-07-26T04:30:00,-10,71,2024-07-26T04:42:00,M1.7
2024-07-27T02:21:00,-7,-25,2024-07-27T02:37:00,M4.2
2024-07-27T05:12:00,-11,25,2024-07-27T05:46:00,M3.1
2024-07-27T10:16:00,-12,28,2024-07-27T10:40:00,M2.0
2024-07-27T17:50:00,-6,-16,2024-07-27T18:06:00,M2.7
2024-07-27T18:24:00,-11,32,2024-07-27T18:39:00,M3.5
2024-07-27T19:11:00,-12,34,2024-07-27T19:38:00,M1.1
2024-07-28T01:39:00,-7,-11,2024-07-28T01:51:00,M7.9
2024-07-28T01:53:00,-7,-10,2024-07-28T01:57:00,M9.9
2024-07-28T03:37:00,-11,36,2024-07-28T03:48:00,M1.6
2024-07-28T10:00:00,-9,40,2024-07-28T10:08:00,M1.1
2024-07-28T10:27:00,-11,41,2024-07-28T10:42:00,M7.8
2024-07-28T11:28:00,-11,41,2024-07-28T12:00:00,M1.7
2024-07-28T12:43:00,-8,-23,2024-07-28T12:50:00,M2.6
2024-07-28T13:46:00,-15,25,2024-07-28T14:22:00,M1.7
2024-07-28T18:08:00,-16,27,2024-07-28T18:26:00,M1.3
2024-07-28T20:25:00,-9,46,2024-07-28T20:36:00,M1.9
2024-07-29T02:33:00,-5,4,2024-07-29T02:37:00,X1.5
2024-07-29T05:10:00,-16,33,2024-07-29T05:20:00,M1.0
2024-07-29T12:16:00,-10,55,2024-07-29T12:22:00,M1.6
2024-07-29T12:47:00,-11,50,2024-07-29T12:55:00,M8.7
2024-07-29T14:04:00,-25,-87,2024-07-29T14:46:00,M4.3
2024-07-29T19:40:00,-25,-87,2024-07-29T19:57:00,M6.4
2024-07-29T20:55:00,-14,48,2024-07-29T21:00:00,M1.1
2024-07-30T00:52:00,-11,63,2024-07-30T01:03:00,M1.7
2024-07-30T01:20:00,-11,66,2024-07-30T01:25:00,M1.2
2024-07-30T01:30:00,-14,51,2024-07-30T01:32:00,M1.3
2024-07-30T06:16:00,-5,18,2024-07-30T06:29:00,M1.5
2024-07-30T16:12:00,-6,21,2024-07-30T16:28:00,M1.5
2024-07-30T19:10:00,-5,29,2024-07-30T19:20:00,M1.9
2024-07-30T19:25:00,-24,-67,2024-07-30T19:38:00,M9.4
2024-07-30T20:15:00,-27,-64,2024-07-30T20:19:00,M3.1
2024-07-31T01:43:00,-7,44,2024-07-31T01:50:00,M2.0
2024-07-31T05:07:00,-7,-88,2024-07-31T05:23:00,M4.8
2024-07-31T06:28:00,-15,62,2024-07-31T06:46:00,M7.7
2024-07-31T12:45:00,-23,-55,2024-07-31T13:05:00,M6.0
2024-07-31T13:26:00,-7,-86,2024-07-31T13:32:00,M4.4
2024-07-31T16:10:00,-7,-78,2024-07-31T16:31:00,M1.4
2024-07-31T18:05:00,-15,72,2024-07-31T18:37:00,M5.4
2024-07-31T18:07:00,-15,73,2024-07-31T18:37:00,M5.4
2024-07-31T21:36:00,-7,22,2024-07-31T21:55:00,M1.3
2024-07-31T22:42:00,-6,-75,2024-07-31T22:50:00,M1.0
2024-08-01T00:50:00,9,28,2024-08-01T00:58:00,M1.2
2024-08-01T01:47:00,-7,59,2024-08-01T01:50:00,M6.3
2024-08-01T02:11:00,-11,88,2024-08-01T02:25:00,M1.0
2024-08-01T02:58:00,-7,-72,2024-08-01T03:06:00,M1.2
2024-08-01T03:59:00,-7,-73,2024-08-01T04:16:00,M2.0
2024-08-01T04:35:00,-11,35,2024-08-01T04:41:00,M4.0
2024-08-01T05:52:00,-12,36,2024-08-01T05:56:00,M1.5
2024-08-01T06:01:00,-15,74,2024-08-01T06:06:00,M1.3
2024-08-01T11:09:00,-23,-45,2024-08-01T11:37:00,M4.1
2024-08-01T11:41:00,-24,-46,2024-08-01T11:47:00,M4.2
2024-08-01T16:04:00,-4,52,2024-08-01T16:15:00,M1.1
2024-08-01T16:33:00,-16,85,2024-08-01T16:37:00,M1.3
2024-08-01T16:44:00,-6,-63,2024-08-01T16:47:00,M1.6
2024-08-01T17:22:00,-5,-64,2024-08-01T17:29:00,M1.3
2024-08-01T20:12:00,-10,-61,2024-08-01T20:22:00,M1.2
2024-08-01T23:00:00,-4,-60,2024-08-01T23:08:00,M1.4
2024-08-02T01:54:00,-8,45,2024-08-02T02:01:00,M1.0
2024-08-02T03:17:00,-24,-31,2024-08-02T03:25:00,M1.1
2024-08-02T03:53:00,-16,87,2024-08-02T03:58:00,M1.2
2024-08-02T04:23:00,-14,88,2024-08-02T04:55:00,M7.4
2024-08-02T07:51:00,17,-45,2024-08-02T07:59:00,M2.2
2024-08-02T09:08:00,-26,-30,2024-08-02T09:16:00,M1.2
2024-08-02T09:45:00,-5,57,2024-08-02T09:51:00,M1.6
2024-08-02T12:28:00,-7,80,2024-08-02T12:33:00,M1.2
2024-08-02T13:44:00,18,-42,2024-08-02T13:50:00,M1.1
2024-08-02T15:21:00,-5,61,2024-08-02T15:30:00,M1.5
2024-08-02T23:41:00,12,-88,2024-08-02T23:58:00,M1.3
2024-08-03T00:22:00,-10,-66,2024-08-03T00:27:00,M1.0
2024-08-03T04:45:00,9,57,2024-08-03T04:59:00,M1.5
2024-08-03T06:52:00,-14,88,2024-08-03T07:05:00,M1.5
2024-08-03T07:11:00,-10,63,2024-08-03T07:30:00,M1.9
2024-08-03T13:26:00,-7,-41,2024-08-03T13:43:00,M1.8
2024-08-03T16:49:00,10,64,2024-08-03T16:54:00,M2.8
2024-08-03T17:13:00,-6,77,2024-08-03T17:26:00,M1.9
2024-08-03T18:29:00,17,-25,2024-08-03T18:39:00,M7.3
2024-08-03T19:17:00,13,-88,2024-08-03T19:30:00,M5.5
2024-08-04T01:45:00,11,-89,2024-08-04T01:59:00,M1.5
2024-08-04T09:35:00,12,-88,2024-08-04T09:44:00,M1.2
2024-08-04T09:48:00,-7,88,2024-08-04T10:01:00,M1.1
2024-08-04T10:03:00,-6,88,2024-08-04T10:08:00,M1.4
2024-08-04T10:27:00,12,-88,2024-08-04T10:50:00,M2.0
2024-08-04T15:11:00,-10,-70,2024-08-04T15:15:00,M2.2
2024-08-04T22:04:00,-10,-66,2024-08-04T22:11:00,M1.0
2024-08-05T02:22:00,-10,-63,2024-08-05T02:31:00,M1.2
2024-08-05T05:13:00,-9,-62,2024-08-05T05:23:00,M6.1
2024-08-05T09:49:00,-9,88,2024-08-05T10:01:00,M1.7
2024-08-05T13:24:00,-10,88,2024-08-05T13:40:00,X1.7
2024-08-05T15:18:00,-9,-56,2024-08-05T15:27:00,X1.1
2024-08-05T17:56:00,-9,88,2024-08-05T18:02:00,M1.0
2024-08-05T18:20:00,-6,-53,2024-08-05T18:37:00,M1.2
2024-08-06T02:50:00,12,-65,2024-08-06T03:03:00,M1.2
2024-08-07T02:21:00,-10,16,2024-08-07T02:30:00,M1.8
2024-08-07T04:52:00,13,-52,2024-08-07T04:57:00,M1.1
2024-08-07T13:30:00,-11,23,2024-08-07T13:50:00,M4.5
2024-08-07T18:31:00,-5,8,2024-08-07T18:54:00,M5.0
2024-08-08T00:49:00,-10,2,2024-08-08T01:06:00,M2.1
2024-08-08T03:27:00,-4,14,2024-08-08T04:40:00,M1.3
2024-08-08T11:24:00,-7,19,2024-08-08T11:42:00,M1.7
2024-08-08T12:04:00,14,-34,2024-08-08T12:13:00,M1.0
2024-08-08T12:56:00,14,-34,2024-08-08T13:00:00,M1.0
2024-08-08T13:36:00,-11,-88,2024-08-08T13:43:00,M1.5
2024-08-08T19:01:00,-4,22,2024-08-08T19:35:00,X1.3
2024-08-08T22:46:00,-13,-18,2024-08-08T22:51:00,M1.2
2024-08-09T11:01:00,-14,-10,2024-08-09T11:17:00,M1.2
2024-08-09T11:56:00,-8,-6,2024-08-09T12:06:00,M1.4
2024-08-09T12:38:00,14,-21,2024-08-09T12:43:00,M1.0
2024-08-09T12:51:00,-13,-8,2024-08-09T12:59:00,M1.0
2024-08-09T20:27:00,-7,39,2024-08-09T20:37:00,M1.0
2024-08-09T21:10:00,-4,40,2024-08-09T21:23:00,M4.6
2024-08-09T21:50:00,13,-64,2024-08-09T22:03:00,M2.9
2024-08-09T23:43:00,-11,-3,2024-08-09T23:50:00,M1.1
2024-08-10T00:52:00,-10,0,2024-08-10T01:02:00,M1.3
2024-08-10T02:14:00,-7,1,2024-08-10T02:37:00,M5.3
2024-08-10T04:03:00,-14,-1,2024-08-10T04:11:00,M1.6
2024-08-10T15:11:00,1,-34,2024-08-10T15:16:00,M1.2
2024-08-11T00:22:00,-15,10,2024-08-11T00:31:00,M1.1
2024-08-11T05:23:00,-15,13,2024-08-11T05:28:00,M1.6
2024-08-11T19:57:00,-9,57,2024-08-11T20:18:00,M1.7
2024-08-11T23:40:00,-14,21,2024-08-11T23:58:00,M1.3
2024-08-12T08:25:00,-9,65,2024-08-12T08:48:00,M1.0
2024-08-12T22:47:00,13,-20,2024-08-12T22:57:00,M1.2
2024-08-13T17:25:00,13,-11,2024-08-13T17:29:00,M1.0
2024-08-13T22:38:00,-13,88,2024-08-13T22:45:00,M1.3
2024-08-13T22:49:00,14,-5,2024-08-13T22:51:00,M1.2
2024-08-13T23:26:00,14,-6,2024-08-13T23:44:00,M4.2
2024-08-14T03:33:00,-5,89,2024-08-14T04:02:00,M4.4
2024-08-14T06:00:00,13,-3,2024-08-14T06:40:00,X1.1
2024-08-14T13:16:00,-10,-88,2024-08-14T13:24:00,M1.1
2024-08-14T15:39:00,13,1,2024-08-14T15:49:00,M5.3
2024-08-15T03:35:00,-11,62,2024-08-15T03:48:00,M1.1
2024-08-16T13:13:00,-6,88,2024-08-16T13:24:00,M1.3
2024-08-17T10:24:00,16,40,2024-08-17T10:33:00,M1.6
2024-08-17T11:22:00,-14,28,2024-08-17T11:44:00,M1.1
2024-08-17T21:37:00,-12,-49,2024-08-17T21:52:00,M1.1
2024-08-17T21:57:00,-12,-51,2024-08-17T22:06:00,M1.4
2024-08-18T01:50:00,17,49,2024-08-18T02:04:00,M2.4
2024-08-18T04:07:00,17,49,2024-08-18T04:16:00,M1.1
2024-08-18T07:15:00,17,52,2024-08-18T07:30:00,M1.3
2024-08-18T20:52:00,-8,-88,2024-08-18T21:07:00,M1.4
2024-08-18T23:46:00,-3,-71,2024-08-19T00:00:00,M1.4
2024-08-19T09:28:00,-16,57,2024-08-19T09:36:00,M1.4
2024-08-19T21:41:00,-2,-58,2024-08-19T21:52:00,M3.7
2024-08-19T22:54:00,-7,-65,2024-08-19T23:11:00,M1.0
2024-08-20T04:37:00,-7,-61,2024-08-20T04:48:00,M1.2
2024-08-20T17:06:00,-17,76,2024-08-20T17:08:00,M1.3
2024-08-21T05:53:00,-2,-39,2024-08-21T06:02:00,M1.1
2024-08-21T21:59:00,-3,-29,2024-08-21T22:08:00,M5.1
2024-08-22T10:32:00,-3,-24,2024-08-22T10:39:00,M1.5
2024-08-23T03:31:00,8,-65,2024-08-23T03:41:00,M3.5
2024-08-23T04:12:00,-27,-32,2024-08-23T04:18:00,M1.0
2024-08-23T13:50:00,-27,-25,2024-08-23T13:57:00,M1.7
2024-08-23T14:52:00,9,-59,2024-08-23T15:05:00,M1.7
2024-08-23T16:32:00,-27,-23,2024-08-23T16:42:00,M1.2
2024-08-23T16:33:00,-27,-23,2024-08-23T16:45:00,M1.2
2024-08-23T19:23:00,9,-57,2024-08-23T19:33:00,M1.1
2024-08-23T19:39:00,-27,-21,2024-08-23T19:44:00,M3.4
2024-08-23T20:08:00,-26,-21,2024-08-23T20:12:00,M5.1
2024-08-24T00:02:00,-4,0,2024-08-24T00:14:00,M1.6
2024-08-24T18:46:00,-3,10,2024-08-24T18:58:00,M1.0
2024-08-24T19:17:00,-5,10,2024-08-24T19:30:00,M1.4
2024-08-24T21:28:00,-26,-8,2024-08-24T21:46:00,M1.3
2024-08-24T23:18:00,-26,-6,2024-08-24T23:24:00,M1.7
2024-08-26T11:28:00,-6,30,2024-08-26T11:41:00,M1.4
2024-08-27T09:30:00,-5,42,2024-08-27T09:43:00,M1.1
2024-08-30T02:00:00,-9,-71,2024-08-30T02:06:00,M1.2
2024-08-30T12:13:00,-12,-55,2024-08-30T12:20:00,M3.8
2024-08-31T00:38:00,-12,-48,2024-08-31T00:49:00,M1.1
2024-08-31T02:26:00,-9,-46,2024-08-31T02:38:00,M1.2
2024-08-31T08:52:00,-18,-87,2024-08-31T08:59:00,M1.2
2024-08-31T12:50:00,-10,-39,2024-08-31T13:02:00,M1.8
2024-09-01T07:47:00,-20,-86,2024-09-01T07:57:00,M1.4
2024-09-01T11:41:00,-21,-86,2024-09-01T13:22:00,M5.5
2024-09-01T13:28:00,-23,-86,2024-09-01T13:31:00,M5.6
2024-09-01T19:55:00,-19,-78,2024-09-01T20:00:00,M1.1
2024-09-01T20:10:00,-20,-86,2024-09-01T20:20:00,M1.1
2024-09-01T22:37:00,-19,22,2024-09-01T22:48:00,M1.5
2024-09-02T05:18:00,-19,-71,2024-09-02T05:29:00,M2.0
2024-09-02T13:11:00,-16,-64,2024-09-02T13:27:00,M1.8
2024-09-02T13:33:00,-17,40,2024-09-02T13:43:00,M2.9
2024-09-02T19:57:00,-17,44,2024-09-02T20:11:00,M1.4
2024-09-02T20:56:00,-19,-61,2024-09-02T21:02:00,M1.8
2024-09-02T22:35:00,-18,49,2024-09-02T23:01:00,M1.6
2024-09-03T07:12:00,-16,48,2024-09-03T07:22:00,M1.5
2024-09-03T15:51:00,-19,-51,2024-09-03T16:02:00,M3.3
2024-09-03T16:08:00,-18,-51,2024-09-03T16:13:00,M2.9
2024-09-04T02:43:00,-23,-51,2024-09-04T02:55:00,M1.5
2024-09-04T04:41:00,-18,-44,2024-09-04T04:56:00,M1.3
2024-09-04T05:55:00,-12,13,2024-09-04T06:01:00,M1.0
2024-09-04T06:07:00,-12,12,2024-09-04T06:11:00,M1.0
2024-09-04T13:08:00,-22,-44,2024-09-04T13:21:00,M1.0
2024-09-04T19:41:00,-13,-20,2024-09-04T20:00:00,M1.2
2024-09-05T00:17:00,-17,70,2024-09-05T00:20:00,M1.0
2024-09-05T03:12:00,-10,24,2024-09-05T03:25:00,M1.2
2024-09-05T03:37:00,-24,-36,2024-09-05T03:44:00,M1.0
2024-09-05T08:47:00,-16,72,2024-09-05T08:56:00,M2.8
2024-09-05T09:26:00,-18,79,2024-09-05T09:42:00,M1.6
2024-09-05T13:20:00,-16,78,2024-09-05T13:25:00,M1.3
2024-09-07T06:06:00,-28,-9,2024-09-07T07:46:00,M1.7
2024-09-07T06:17:00,-28,-9,2024-09-07T07:49:00,M1.6
2024-09-08T15:07:00,-15,29,2024-09-08T15:30:00,M1.6
2024-09-09T00:48:00,-2,89,2024-09-09T03:31:00,M1.1
2024-09-09T00:57:00,-2,89,2024-09-09T03:32:00,M1.0
2024-09-09T05:40:00,-13,78,2024-09-09T05:45:00,M1.9
2024-09-09T08:41:00,-13,87,2024-09-09T08:50:00,M1.5
2024-09-09T09:57:00,-14,87,2024-09-09T10:27:00,M1.7
2024-09-09T12:11:00,-14,45,2024-09-09T12:17:00,M1.0
2024-09-09T16:58:00,15,-15,2024-09-09T17:08:00,M3.4
2024-09-09T23:14:00,16,-9,2024-09-10T00:16:00,M1.2
2024-09-10T15:34:00,-11,88,2024-09-10T15:47:00,M1.6
2024-09-10T23:38:00,14,1,2024-09-10T23:50:00,M1.0
2024-09-11T12:27:00,15,8,2024-09-11T12:36:00,M1.8
2024-09-11T15:09:00,-13,75,2024-09-11T15:18:00,M1.4
2024-09-11T15:24:00,-14,-87,2024-09-11T15:30:00,M1.9
2024-09-11T17:16:00,-14,73,2024-09-11T17:26:00,M1.6
2024-09-11T17:44:00,15,11,2024-09-11T17:52:00,M2.0
2024-09-11T23:49:00,-15,76,2024-09-12T00:12:00,M5.0
2024-09-12T13:13:00,-16,87,2024-09-12T13:21:00,M1.2
2024-09-12T14:31:00,-15,87,2024-09-12T14:43:00,M6.9
2024-09-12T14:56:00,-12,-88,2024-09-12T15:06:00,M1.6
2024-09-12T21:34:00,-17,-87,2024-09-12T22:27:00,M2.1
2024-09-13T01:29:00,-13,87,2024-09-13T01:37:00,M1.7
2024-09-13T06:38:00,-12,88,2024-09-13T06:56:00,M5.3
2024-09-13T07:03:00,-12,88,2024-09-13T07:08:00,M5.2
2024-09-13T08:14:00,-18,87,2024-09-13T08:37:00,M2.9
2024-09-13T14:56:00,-12,88,2024-09-13T15:12:00,M1.3
2024-09-13T17:49:00,-15,-62,2024-09-13T17:56:00,M1.4
2024-09-13T20:41:00,-15,-63,2024-09-13T20:49:00,M1.1
2024-09-14T03:10:00,-28,85,2024-09-14T04:31:00,M1.0
2024-09-14T07:26:00,-17,-53,2024-09-14T07:41:00,M3.0
2024-09-14T15:13:00,-16,-59,2024-09-14T15:29:00,X4.5
2024-09-22T21:12:00,-23,-62,2024-09-22T21:39:00,M3.8
2024-09-23T14:23:00,-11,-88,2024-09-23T14:56:00,M1.4
2024-09-25T22:57:00,-12,43,2024-09-25T23:12:00,M1.3
2024-09-26T22:58:00,-16,-87,2024-09-26T23:12:00,M1.4
2024-09-27T07:43:00,-15,-87,2024-09-27T08:00:00,M1.0
2024-09-29T12:49:00,-10,-23,2024-09-29T12:53:00,M1.0
2024-09-29T14:09:00,-11,-60,2024-09-29T14:24:00,M1.8
2024-09-29T14:31:00,-8,-53,2024-09-29T14:41:00,M1.7
2024-09-30T23:37:00,-18,-30,2024-09-30T23:59:00,M7.7
2024-10-01T14:41:00,-11,9,2024-10-01T14:52:00,M1.0
2024-10-01T18:52:00,-17,-18,2024-10-01T19:17:00,M1.5
2024-10-01T21:58:00,-16,-16,2024-10-01T22:20:00,X7.1
2024-10-02T02:31:00,12,-6,2024-10-02T02:39:00,M1.3
2024-10-02T05:30:00,-17,-12,2024-10-02T05:38:00,M3.6
2024-10-02T06:19:00,10,-79,2024-10-02T06:24:00,M1.1
2024-10-02T19:58:00,-18,-3,2024-10-02T20:15:00,M1.4
2024-10-02T20:27:00,-16,-3,2024-10-02T20:51:00,M3.3
2024-10-03T02:23:00,13,7,2024-10-03T02:34:00,M1.1
2024-10-03T03:22:00,-18,0,2024-10-03T03:41:00,M1.5
2024-10-03T08:10:00,12,9,2024-10-03T08:28:00,M1.5
2024-10-03T08:30:00,-16,4,2024-10-03T08:36:00,M1.5
2024-10-03T12:08:00,-15,3,2024-10-03T12:18:00,X9.0
2024-10-03T17:18:00,-14,27,2024-10-03T17:21:00,M1.5
2024-10-03T20:09:00,-7,45,2024-10-03T20:28:00,M6.7
2024-10-03T21:39:00,-14,26,2024-10-03T21:41:00,M2.3
2024-10-04T00:09:00,14,20,2024-10-04T00:17:00,M1.2
2024-10-04T04:36:00,-18,16,2024-10-04T04:55:00,M4.0
2024-10-04T10:58:00,-10,63,2024-10-04T11:03:00,M1.2
2024-10-04T20:55:00,-14,42,2024-10-04T21:04:00,M1.1
2024-10-04T22:04:00,17,82,2024-10-04T22:11:00,M1.2
2024-10-05T00:07:00,-14,21,2024-10-05T00:12:00,M1.0
2024-10-05T08:18:00,-15,27,2024-10-05T08:27:00,M1.4
2024-10-05T08:37:00,-15,23,2024-10-05T08:44:00,M1.6
2024-10-05T20:33:00,-18,39,2024-10-05T20:40:00,M1.1
2024-10-05T23:10:00,-15,35,2024-10-05T23:20:00,M2.4
2024-10-06T00:09:00,-23,34,2024-10-06T00:18:00,M1.0
2024-10-06T18:52:00,-16,47,2024-10-06T18:59:00,M1.4
2024-10-06T20:52:00,-13,56,2024-10-06T21:19:00,M1.6
2024-10-07T18:03:00,-20,87,2024-10-07T18:38:00,M1.3
2024-10-07T19:02:00,-16,62,2024-10-07T19:13:00,X2.2
2024-10-07T19:50:00,-16,87,2024-10-07T21:02:00,X1.0
2024-10-08T08:43:00,-13,65,2024-10-08T08:51:00,M1.2
2024-10-09T01:25:00,13,8,2024-10-09T01:56:00,X1.8
2024-10-09T05:41:00,-8,-10,2024-10-09T05:46:00,M1.6
2024-10-09T15:44:00,-10,83,2024-10-09T15:47:00,X1.4
2024-10-09T22:59:00,-17,87,2024-10-09T23:12:00,M7.7
2024-10-10T11:47:00,-11,88,2024-10-10T12:01:00,M1.3
2024-10-10T12:10:00,-13,-33,2024-10-10T12:23:00,M1.2
2024-10-10T16:51:00,-7,88,2024-10-10T17:00:00,M1.0
2024-10-10T21:54:00,-14,88,2024-10-10T22:30:00,M3.0
2024-10-11T15:48:00,-8,-23,2024-10-11T16:04:00,M1.4
2024-10-11T16:07:00,-9,-25,2024-10-11T16:33:00,M2.1
2024-10-11T22:44:00,-13,88,2024-10-11T23:25:00,M1.0
2024-10-14T00:04:00,17,76,2024-10-14T00:17:00,M3.4
2024-10-14T13:22:00,17,89,2024-10-14T13:37:00,M1.8
2024-10-15T02:02:00,-6,24,2024-10-15T02:13:00,M1.9
2024-10-15T02:23:00,-8,23,2024-10-15T02:27:00,M1.2
2024-10-15T10:00:00,-7,29,2024-10-15T10:06:00,M1.3
2024-10-15T18:00:00,19,88,2024-10-15T18:18:00,M1.7
2024-10-15T18:28:00,-4,33,2024-10-15T18:33:00,M2.1
2024-10-16T03:12:00,-7,38,2024-10-16T03:23:00,M3.8
2024-10-16T03:38:00,-6,37,2024-10-16T03:46:00,M3.7
2024-10-16T04:57:00,-8,36,2024-10-16T05:15:00,M2.8
2024-10-16T13:12:00,-8,44,2024-10-16T13:27:00,M1.5
2024-10-16T14:29:00,-7,44,2024-10-16T14:42:00,M1.3
2024-10-16T14:51:00,-9,46,2024-10-16T15:00:00,M1.3
2024-10-17T02:12:00,8,8,2024-10-17T02:22:00,M1.0
2024-10-17T04:53:00,-3,53,2024-10-17T05:05:00,M2.4
2024-10-18T17:28:00,-4,75,2024-10-18T17:36:00,M1.1
2024-10-18T19:27:00,-4,77,2024-10-18T19:38:00,M4.8
2024-10-18T23:13:00,-4,78,2024-10-18T23:28:00,M4.8
2024-10-19T06:48:00,-3,82,2024-10-19T06:56:00,M6.5
2024-10-19T14:27:00,-4,85,2024-10-19T14:34:00,M1.7
2024-10-24T03:30:00,-16,-76,2024-10-24T03:57:00,X3.3
2024-10-24T10:22:00,-17,-88,2024-10-24T10:29:00,M1.2
2024-10-25T07:23:00,-10,-76,2024-10-25T07:33:00,M1.2
2024-10-26T05:57:00,-14,-56,2024-10-26T06:23:00,M9.5
2024-10-26T06:32:00,-16,-62,2024-10-26T07:19:00,X1.9
2024-10-26T11:34:00,16,-88,2024-10-26T11:50:00,M2.2
2024-10-26T11:57:00,19,-88,2024-10-26T12:05:00,M2.9
2024-10-26T11:58:00,16,-88,2024-10-26T12:06:00,M2.8
2024-10-26T14:04:00,16,-88,2024-10-26T14:16:00,M1.7
2024-10-27T23:05:00,14,-78,2024-10-27T23:24:00,M2.9
2024-10-28T14:41:00,-16,-11,2024-10-28T14:44:00,M1.2
2024-10-28T16:13:00,15,-70,2024-10-28T16:28:00,M4.2
2024-10-29T16:21:00,-12,-9,2024-10-29T16:33:00,M1.1
2024-10-30T20:29:00,16,-41,2024-10-30T20:53:00,M7.2
2024-10-31T02:16:00,14,-35,2024-10-31T02:52:00,M1.0
2024-10-31T03:23:00,17,-39,2024-10-31T03:30:00,M1.0
2024-10-31T09:22:00,17,-36,2024-10-31T09:37:00,M1.4
2024-10-31T12:41:00,27,35,2024-10-31T12:54:00,M2.4
2024-10-31T13:46:00,-9,39,2024-10-31T13:59:00,M1.2
2024-10-31T18:57:00,-11,44,2024-10-31T19:07:00,M1.0
2024-10-31T21:03:00,16,-29,2024-10-31T21:10:00,M4.6
2024-10-31T21:12:00,15,-28,2024-10-31T21:20:00,X2.0
2024-10-31T21:45:00,15,-26,2024-10-31T21:54:00,M9.5
2024-10-31T22:40:00,-9,46,2024-10-31T22:49:00,M2.8
2024-11-01T02:05:00,17,-26,2024-11-01T02:16:00,M1.3
2024-11-01T09:46:00,-11,51,2024-11-01T10:14:00,M1.1
2024-11-01T12:39:00,-9,54,2024-11-01T12:52:00,M1.3
2024-11-01T14:18:00,16,-19,2024-11-01T14:31:00,M2.0
2024-11-02T07:27:00,-14,50,2024-11-02T07:38:00,M1.0
2024-11-02T08:13:00,-11,63,2024-11-02T08:31:00,M1.2
2024-11-03T03:02:00,-3,-89,2024-11-03T03:11:00,M1.1
2024-11-03T08:39:00,13,5,2024-11-03T08:49:00,M1.2
2024-11-03T15:11:00,-13,74,2024-11-03T15:24:00,M1.4
2024-11-03T17:38:00,-6,-49,2024-11-03T17:53:00,M1.3
2024-11-04T00:52:00,-6,-44,2024-11-04T00:57:00,M1.5
2024-11-04T01:05:00,-6,-41,2024-11-04T01:40:00,M3.8
2024-11-04T03:38:00,-5,-71,2024-11-04T03:45:00,M1.1
2024-11-04T04:06:00,-7,-44,2024-11-04T04:15:00,M1.0
2024-11-04T04:31:00,17,11,2024-11-04T04:34:00,M1.4
2024-11-04T07:02:00,-7,-43,2024-11-04T07:08:00,M1.4
2024-11-04T08:29:00,-7,-42,2024-11-04T08:40:00,M1.2
2024-11-04T10:07:00,-7,-41,2024-11-04T10:17:00,M1.6
2024-11-04T14:05:00,-7,-39,2024-11-04T14:28:00,M1.2
2024-11-04T15:00:00,-7,-35,2024-11-04T15:08:00,M1.3
2024-11-04T15:26:00,-7,-38,2024-11-04T15:38:00,M5.6
2024-11-04T15:38:00,-6,-38,2024-11-04T15:41:00,M5.5
2024-11-05T06:35:00,-6,-89,2024-11-05T06:54:00,M2.6
2024-11-05T09:11:00,-6,-27,2024-11-05T09:23:00,M1.0
2024-11-05T13:28:00,-6,-26,2024-11-05T13:39:00,M1.2
2024-11-05T13:58:00,-6,-25,2024-11-05T14:19:00,M2.9
2024-11-05T15:05:00,-15,88,2024-11-05T15:26:00,M4.2
2024-11-06T02:28:00,-6,-15,2024-11-06T02:38:00,M1.1
2024-11-06T03:02:00,-4,-13,2024-11-06T03:09:00,M1.2
2024-11-06T07:36:00,-6,-13,2024-11-06T08:04:00,M3.0
2024-11-06T08:48:00,17,59,2024-11-06T08:50:00,M5.9
2024-11-06T11:56:00,-6,-15,2024-11-06T12:04:00,M1.5
2024-11-06T12:56:00,-9,-89,2024-11-06T13:02:00,M1.2
2024-11-06T13:24:00,-8,-14,2024-11-06T13:40:00,X2.3
2024-11-06T14:27:00,-9,-89,2024-11-06T14:38:00,M5.3
2024-11-06T17:10:00,-10,-89,2024-11-06T17:18:00,M1.2
2024-11-06T18:53:00,-10,-89,2024-11-06T18:59:00,M1.2
2024-11-06T20:35:00,-10,-89,2024-11-06T20:42:00,M1.3
2024-11-06T22:43:00,-10,-89,2024-11-06T23:05:00,M1.1
2024-11-06T23:10:00,16,67,2024-11-06T23:16:00,M1.1
2024-11-06T23:42:00,-10,-89,2024-11-07T00:04:00,M1.6
2024-11-07T01:15:00,-9,-89,2024-11-07T01:27:00,M2.5
2024-11-07T03:52:00,-6,-2,2024-11-07T04:20:00,M2.5
2024-11-07T07:20:00,-8,-5,2024-11-07T07:26:00,M1.3
2024-11-07T07:36:00,-10,-85,2024-11-07T07:43:00,M1.6
2024-11-07T07:46:00,-12,-88,2024-11-07T07:54:00,M2.7
2024-11-07T11:53:00,-8,-79,2024-11-07T12:02:00,M1.4
2024-11-07T14:49:00,-6,0,2024-11-07T15:06:00,M2.3
2024-11-08T02:53:00,-6,5,2024-11-08T03:01:00,M1.5
2024-11-09T20:44:00,-8,-36,2024-11-09T20:50:00,M1.3
2024-11-10T00:04:00,-7,-33,2024-11-10T00:15:00,M4.2
2024-11-10T11:51:00,-9,-26,2024-11-10T12:06:00,M9.4
2024-11-10T20:09:00,-11,-34,2024-11-10T20:21:00,M4.9
2024-11-11T05:07:00,-7,-20,2024-11-11T05:26:00,M1.2
2024-11-11T05:36:00,-6,-17,2024-11-11T05:43:00,M1.4
2024-11-13T00:11:00,-12,-2,2024-11-13T00:22:00,M1.0
2024-11-13T16:57:00,-9,8,2024-11-13T17:08:00,M1.7
2024-11-15T00:13:00,-8,85,2024-11-16T01:46:00,M1.1
2024-11-15T01:35:00,-18,-48,2024-11-15T01:47:00,M1.1
2024-11-15T01:38:00,-18,-48,2024-11-15T01:46:00,M1.1
2024-11-15T12:05:00,-19,-42,2024-11-15T12:18:00,M1.0
2024-11-16T01:26:00,-8,33,2024-11-16T01:37:00,M1.6
2024-11-18T05:13:00,-7,-78,2024-11-18T05:22:00,M1.0
2024-11-18T07:25:00,-7,-77,2024-11-18T07:32:00,M1.7
2024-11-18T07:54:00,-8,-75,2024-11-18T07:57:00,M1.3
2024-11-18T10:41:00,-6,-74,2024-11-18T10:58:00,M2.5
2024-11-18T11:06:00,-10,55,2024-11-18T11:12:00,M1.6
2024-11-18T11:19:00,-10,56,2024-11-18T11:27:00,M1.6
2024-11-18T12:42:00,-6,-73,2024-11-18T12:53:00,M3.7
2024-11-18T17:43:00,-7,-70,2024-11-18T17:49:00,M1.8
2024-11-18T18:45:00,-10,-76,2024-11-18T19:15:00,M2.0
2024-11-18T20:42:00,-11,89,2024-11-18T20:51:00,M1.1
2024-11-18T23:50:00,-11,89,2024-11-19T00:00:00,M1.1
2024-11-20T19:11:00,-8,89,2024-11-20T19:48:00,M1.2
2024-11-22T15:42:00,-8,-73,2024-11-22T15:46:00,M1.6
2024-11-22T21:26:00,-18,-74,2024-11-22T22:15:00,M1.1
2024-11-23T15:54:00,-5,-3,2024-11-23T16:07:00,M1.2
2024-11-23T17:49:00,13,-89,2024-11-23T18:10:00,M1.1
2024-11-24T20:11:00,20,-89,2024-11-24T20:22:00,M1.1
2024-11-25T01:39:00,-12,-46,2024-11-25T01:59:00,M1.1
2024-11-25T04:39:00,-17,-47,2024-11-25T04:53:00,M1.8
2024-11-25T07:24:00,21,-89,2024-11-25T07:42:00,M9.4
2024-11-25T12:01:00,-17,-43,2024-11-25T12:12:00,M2.0
2024-11-25T16:07:00,-15,-32,2024-11-25T16:36:00,M1.0
2024-11-25T16:58:00,21,-89,2024-11-25T17:07:00,M1.5
2024-11-25T20:24:00,-11,24,2024-11-25T20:54:00,M1.9
2024-11-25T21:31:00,-17,-38,2024-11-25T21:43:00,M1.2
2024-11-27T12:27:00,-6,49,2024-11-27T12:46:00,M1.0
2024-12-04T09:52:00,-9,-89,2024-12-04T10:00:00,M2.3
2024-12-04T20:31:00,-16,-56,2024-12-04T20:46:00,M1.3
2024-12-04T20:57:00,-6,-71,2024-12-04T21:05:00,M1.4
2024-12-05T06:56:00,-7,-65,2024-12-05T07:09:00,M1.0
2024-12-05T08:12:00,-20,89,2024-12-05T08:20:00,M1.1
2024-12-05T10:32:00,-20,89,2024-12-05T10:40:00,M2.5
2024-12-06T09:06:00,-7,-46,2024-12-06T09:26:00,M1.5
2024-12-07T13:00:00,-7,-32,2024-12-07T13:08:00,M2.3
2024-12-07T21:53:00,-7,-27,2024-12-07T22:15:00,M3.2
2024-12-08T16:00:00,-9,57,2024-12-08T16:11:00,M1.5
2024-12-10T06:36:00,-17,-75,2024-12-10T06:48:00,M6.4
2024-12-10T07:03:00,-16,-76,2024-12-10T07:09:00,M1.4
2024-12-10T10:55:00,-17,-73,2024-12-10T11:02:00,M1.5
2024-12-10T17:54:00,-17,-69,2024-12-10T17:58:00,M1.6
2024-12-11T05:54:00,-16,-61,2024-12-11T06:04:00,M1.9
2024-12-11T10:03:00,20,-14,2024-12-11T10:06:00,M2.7
2024-12-11T15:32:00,-8,89,2024-12-11T15:49:00,M6.7
2024-12-12T17:31:00,-17,-43,2024-12-12T17:43:00,M2.2
2024-12-12T20:58:00,-17,-41,2024-12-12T21:07:00,M1.6
2024-12-13T03:11:00,-17,-37,2024-12-13T03:18:00,M1.0
2024-12-13T11:13:00,-8,47,2024-12-13T11:24:00,M2.0
2024-12-13T14:15:00,-17,-30,2024-12-13T14:24:00,M1.0
2024-12-13T17:14:00,-8,49,2024-12-13T17:21:00,M1.0
2024-12-15T20:15:00,21,43,2024-12-15T20:24:00,M3.1
2024-12-19T10:21:00,-19,74,2024-12-19T10:38:00,M1.7
2024-12-19T15:27:00,-14,-81,2024-12-19T15:34:00,M3.8
2024-12-19T18:56:00,-14,-78,2024-12-19T19:00:00,M1.8
2024-12-20T07:20:00,-20,89,2024-12-20T07:26:00,M2.1
2024-12-20T11:15:00,-14,-68,2024-12-20T11:18:00,M2.5
2024-12-21T00:33:00,-15,-61,2024-12-21T00:38:00,M1.9
2024-12-22T04:03:00,-18,-48,2024-12-22T04:10:00,M1.1
2024-12-22T14:05:00,-22,56,2024-12-22T14:14:00,M1.1
2024-12-22T20:38:00,-18,-38,2024-12-22T20:49:00,M1.2
2024-12-22T20:39:00,-18,-38,2024-12-22T20:49:00,M1.1
2024-12-23T02:10:00,18,-89,2024-12-23T02:31:00,M1.0
2024-12-23T06:24:00,-12,-14,2024-12-23T06:29:00,M1.0
2024-12-23T11:06:00,-18,-30,2024-12-23T11:12:00,M8.9
2024-12-24T00:14:00,-18,-23,2024-12-24T00:19:00,M4.7
2024-12-24T01:42:00,-5,-6,2024-12-24T02:10:00,M1.0
2024-12-24T08:28:00,-18,-17,2024-12-24T08:41:00,M4.1
2024-12-24T08:36:00,-18,-17,2024-12-24T08:41:00,M4.2
2024-12-24T14:02:00,-19,-15,2024-12-24T14:10:00,M1.1
2024-12-24T16:25:00,-21,-22,2024-12-24T16:34:00,M1.3
2024-12-24T18:20:00,-18,-21,2024-12-24T18:24:00,M1.0
2024-12-24T20:15:00,-23,89,2024-12-24T20:28:00,M1.0
2024-12-24T22:23:00,20,-63,2024-12-24T22:34:00,M1.2
2024-12-25T04:14:00,20,-63,2024-12-25T04:30:00,M2.9
2024-12-25T04:46:00,-18,-6,2024-12-25T04:49:00,M5.0
2024-12-25T23:59:00,19,-52,2024-12-26T00:30:00,M3.1
2024-12-26T02:52:00,19,-51,2024-12-26T03:15:00,M7.3
2024-12-27T15:27:00,-16,40,2024-12-27T15:38:00,M1.2
2024-12-27T20:29:00,18,-25,2024-12-27T20:35:00,M3.3
2024-12-28T11:12:00,-19,27,2024-12-28T11:21:00,M4.5
2024-12-28T15:14:00,-19,29,2024-12-28T15:18:00,M1.3
2024-12-28T22:04:00,-9,61,2024-12-28T22:14:00,M1.2
2024-12-29T02:28:00,18,84,2024-12-29T02:35:00,M1.0
2024-12-29T02:38:00,10,34,2024-12-29T02:46:00,M1.3
2024-12-29T03:25:00,10,31,2024-12-29T03:30:00,M1.3
2024-12-29T03:56:00,-6,-39,2024-12-29T04:05:00,M1.2
2024-12-29T04:18:00,-16,-29,2024-12-29T04:30:00,M2.0
2024-12-29T05:12:00,-9,66,2024-12-29T05:26:00,M3.1
2024-12-29T05:41:00,16,88,2024-12-29T05:47:00,M3.5
2024-12-29T06:48:00,10,35,2024-12-29T06:59:00,M3.0
2024-12-29T07:08:00,10,33,2024-12-29T07:18:00,X1.1
2024-12-29T07:54:00,10,33,2024-12-29T07:59:00,M4.2
2024-12-29T09:41:00,11,35,2024-12-29T09:48:00,M1.4
2024-12-29T10:26:00,-18,40,2024-12-29T10:39:00,M2.7
2024-12-29T12:15:00,11,35,2024-12-29T12:24:00,M1.6
2024-12-29T12:50:00,11,36,2024-12-29T12:56:00,M1.3
2024-12-29T15:02:00,10,37,2024-12-29T15:09:00,M7.1
2024-12-29T16:56:00,-17,-22,2024-12-29T17:08:00,M3.3
2024-12-29T17:46:00,-14,47,2024-12-29T17:52:00,M1.2
2024-12-29T17:58:00,-5,-29,2024-12-29T18:04:00,M1.4
2024-12-29T18:27:00,11,39,2024-12-29T18:41:00,M3.3
2024-12-29T20:31:00,10,40,2024-12-29T20:39:00,M1.1
2024-12-29T21:42:00,11,41,2024-12-29T21:53:00,M1.5
2024-12-29T21:57:00,12,37,2024-12-29T22:06:00,M1.8
2024-12-29T23:20:00,10,41,2024-12-29T23:30:00,M1.9
2024-12-30T00:33:00,-17,-18,2024-12-30T00:47:00,M1.7
2024-12-30T02:50:00,-6,-26,2024-12-30T03:00:00,M1.7
2024-12-30T04:01:00,10,46,2024-12-30T04:14:00,X1.5
2024-12-30T04:29:00,-18,50,2024-12-30T04:31:00,X1.1
2024-12-30T06:13:00,-17,-15,2024-12-30T06:25:00,M3.5
2024-12-30T08:34:00,-8,88,2024-12-30T08:40:00,M1.5
2024-12-30T08:44:00,-8,89,2024-12-30T08:50:00,M1.7
2024-12-30T10:00:00,-8,89,2024-12-30T10:11:00,M1.7
2024-12-30T14:34:00,11,50,2024-12-30T14:46:00,M3.5
2024-12-30T16:45:00,10,51,2024-12-30T16:54:00,M5.0
2024-12-30T17:14:00,10,52,2024-12-30T17:30:00,M1.2
2024-12-30T17:36:00,11,54,2024-12-30T17:42:00,M1.6
2024-12-30T18:14:00,10,52,2024-12-30T18:24:00,M1.6
2024-12-30T18:27:00,10,55,2024-12-30T18:33:00,M1.7
2024-12-30T22:35:00,-18,-6,2024-12-30T22:41:00,M1.0
2024-12-31T04:50:00,-18,64,2024-12-31T05:00:00,M1.0
2024-12-31T21:09:00,13,74,2024-12-31T21:51:00,M2.0
2024-12-31T22:02:00,14,70,2024-12-31T22:19:00,M2.7
2024-12-31T22:46:00,18,28,2024-12-31T22:50:00,M2.9
